"№ сертификата","Дата внесения в реестр","Срок действия сертификата","Наименование средства (шифр)","Наименования документов, требованиям которых соответствует средство","Схема сертификации","Испытательная лаборатория","Орган по сертификации","Заявитель","Реквизиты заявителя (индекс, адрес, телефон)","Информация об окончании срока технической поддержки, полученная от заявителя"
"17/1","2002-07-26","2020-08-01","фильтр сетевой помехоподавляющий ФСПК-100(200)-0,22/0,38-91 УХЛ4","Соответствует требованиям документов: Требования к ПСЗ ПЭМИН-2015","серия","ЦКБИ ФГУП «СНПО «Элерон»","АО Центр «Атомзащитаинформ»","ООО НПП «ЭЛКОМ»","249192, Калужская обл., г. Обнинск, пос. Кабицыно, д. 1, 8(495) 361-1726, 150-53-42","2034-12-31"
"21/2","2013-06-25","2019-06-25","программный комплекс защиты информации от НСД «Страж 1.1»","Соответствует требованиям документов: РД СВТ(2)","1","АО «Информационные спутниковые системы» имени академика М.Ф. Решетнева»","","АО «Информационные спутниковые системы» имени академика М.Ф. Решетнева»","662972, Красноярский край, г. Железногорск, ул. Ленина, д. 52, (3919) 76-40-02, 72-24-39",""
"32/1","1996-04-20","2021-04-17","система защиты информации от несанкционированного доступа «Снег 2.0»","Соответствует требованиям документов: РД СВТ(2)","1","ФГУП «СКЦ Росатома»","АО Центр «Атомзащитаинформ»","ФГУП «ПО «Маяк»","456784, Челябинская обл., г. Озерск, пр-т Ленина, д. 31, (35130) 2-5011","2035-12-31"
"32/2","1996-04-20","2021-04-17","система защиты информации от несанкционированного доступа «Снег 2.0»","Соответствует требованиям документов: РД СВТ(2)","1","ФГУП «СКЦ Росатома»","АО Центр «Атомзащитаинформ»","ФГУП «Приборостроительный завод имени К.А.Володина»","456080, Челябинская обл., г. Трехгорный, ул. Заречная, д. 13, (35191) 55055","2035-12-31"
"66","1996-12-26","2021-01-24","устройство активной защиты информации «Волна-4М»","Соответствует требованиям документов: Требования к САЗ ПЭМИН-2014(А), Требования к САЗ ПЭМИН-2014(Б)","серия","АО «ФЦНИВТ «СНПО «Элерон»","АО Центр «Атомзащитаинформ»","ЦКБИ ФГУП «СНПО «Элерон»","115563, г. Москва, ул. Генерала Белова, д. 14","2030-01-24"
"109","1997-09-19","2023-09-19","устройство защиты МП-1А","Соответствует требованиям документов: НМД ПЭМИН-1998, ТУ","серия","АО «РНТ»","Гостехкомиссия России","ООО «Реном»","125438, г. Москва, ул. Автомоторная, д. 7, (495) 454-1159","2026-12-30"
"110","1997-09-19","2023-08-19","устройство защиты МП-1Ц","Соответствует требованиям документов: НМД ПЭМИН-1998, ТУ","серия","АО «РНТ»","Гостехкомиссия России","ООО «Реном»","125438, г. Москва, ул. Автомоторная, д. 7, (495) 454-1159","2026-12-30"
"153/12","2011-12-29","2020-12-29","комплекс СЗИ от НСД «Аккорд 1.95» (модификация «Аккорд- 1.95/1.12- 4+»)","Соответствует требованиям документов: РД НДВ(3), РД СВТ(4)","1","Государственное унитарное дочернее предприятие ФГУП «Красноармейский НИИ механизации «Безопасность информационных технологий и компонентов»","Гостехкомиссия России","АО «ГРЦ Макеева»","456300, Челябинская обл., г. Миасс, Тургоякское шоссе, д. 1, (3513) 286-370","2020-12-29"
"153/13","2012-04-06","2021-04-06","комплекс системы защиты информации от несанкционированного доступа «Аккорд-1.95 (версия 6.0)»","Соответствует требованиям документов: РД НДВ(3), РД СВТ(4)","2","АО «БИТК»","Гостехкомиссия России","АО «ГРЦ Макеева»","456300, Челябинская обл., г. Миасс, Тургоякское шоссе, д. 1, (3513) 286-370","2021-04-06"
"214/1","2002-07-26","2020-08-01","фильтр сетевой помехоподавляющий ФСПК-10-220-99-УХЛ4","Соответствует требованиям документов: Требования к ПСЗ ПЭМИН-2015","серия","АО «ФЦНИВТ «СНПО «Элерон»","АО Центр «Атомзащитаинформ»","ООО НПП «ЭЛКОМ»","249192, Калужская обл., г. Обнинск, пос. Кабицыно, д. 1, 8(495) 361-1726, 150-53-42","2034-12-31"
"246/7","2007-08-13","2019-08-13","программно-аппаратный комплекс средств защиты информации от несанкционированного доступа «Аккорд-АМДЗ»","Соответствует требованиям документов: Требования к СДЗ, Профиль защиты СДЗ(платы расширения второго класса защиты. ИТ.СДЗ.ПР2.ПЗ)","серия","АО «БИТК»","ФСТЭК России","АО «ОКБ САПР»","115114, г. Москва, 2-й Кожевнический переулок, д. 12, эт. 2, пом. I, ком. 21, (495) 994-7262","2027-08-13"
"292/1/1","2018-04-11","2021-04-13","ОС MS Windows NT 4.0 Server","Соответствует требованиям документов: РД НДВ(3)","1","#Н/Д","АО Центр «Атомзащитаинформ»","ПАО «НЗКХ»","630110, г. Новосибирск, ул. Богдана Хмельницкого, д. 94, (383) 274-8132, 274-8346",""
"293/1/1","2018-04-11","2021-04-13","встроенные средства защиты ОС MS Windows NT 4.0 Workstation (Russian) с пакетом обновления Service Pack 5 (Russian)","Соответствует требованиям документов: ТЗИ НСД СУиК ЯМ-1997(3)","1","#Н/Д","АО Центр «Атомзащитаинформ»","ПАО «НЗКХ»","630110, г. Новосибирск, ул. Богдана Хмельницкого, д. 94, (383) 274-8132, 274-8346",""
"359/5","2006-05-03","2023-05-03","программно-аппаратный комплекс «Сервер безопасности DioNIS Security Server» с встроенным межсетевым экраном «DioNIS Firewall» (модификации «DioNIS TS/FW 16000», «DioNIS TS/FW 160FD», «DioNIS TS/FW 1600R, «DioNIS TS/FW 1600V»)","Соответствует требованиям документов: РД НДВ(2), РД СВТ(2)","6349","ООО НТЦ «Безопасность информационных технологий и систем»","ФСТЭК России","ООО «Фактор-ТС»","123290, г. Москва, 1-й Магистральный проезд, д. 11, стр. 1, эт. 5, пом. I, комн. 4, (495) 644-3130",""
"371","2000-10-16","2028-12-05","устройство защиты громкоговорителей «УЗГ»","Соответствует требованиям документов: Требования ТЗИ, ТУ","серия","АО «БИТК»","ООО «ЦБИ»","АО «РНТ»","129515, г. Москва, ул. 2-я Останкинская, дом 6, (495) 777-7577",""
"404","2000-12-19","2029-01-23","устройство блокирования несанкционированного включения микрофонов цифрового телефонного аппарата (УБМ-1)","Соответствует требованиям документов: ТУ","серия","ФГУ «12 ЦНИИ Минобороны России»","Гостехкомиссия России","АО «РНТ»","129515, г. Москва, ул. 2-я Останкинская, дом 6, (495) 777-7577",""
"428/8","2010-04-28","2019-04-28","программа фиксации и контроля исходного состояния программного комплекса «ФИКС» (версии 2.0)","Соответствует требованиям документов: РД НДВ(4)","1","ФГУП «НПП «Гамма»","","ФГУП «НПП «Гамма»","117393, г. Москва, ул. Профсоюзная, д. 78, стр. 4, (495) 514-0274, (495) 663-1684",""
"604/2","2005-04-07","2020-04-07","абонентское устройство защиты информации «Гранит-8»","Соответствует требованиям документов: ТУ","серия","АО «Лаборатория ППШ»","ФСТЭК России","ООО «Ленспецпроизводство»","199178, г. Санкт-Петербург, наб. реки Смоленки, д. 25, лит. Е, оф. 134, (812) 309-6170","2026-04-07"
"640/14","2011-04-06","2020-04-06","система защиты информации «Secret Net 2000» версии 4.0 (автономный вариант) под управлением ОС MS Windows 2000","Соответствует требованиям документов: РД НДВ(3), РД СВТ(3), ТУ","5","ФГУП «ПО «Маяк»","","ФГУП «ПО «Маяк»","456784, Челябинская обл., г. Озерск, пр-т Ленина, д. 31, (35130) 2-5011",""
"640/120/1","2012-12-28","2018-12-28","система защиты информации «Secret Net 2000» версии 4.0 (автономный вариант) под управлением ОС MS Windows 2000","Соответствует требованиям документов: РД НДВ(3), РД СВТ(3), ТУ","31","#Н/Д","","УМВД России по Курской области","305000, г. Курск, ул. Серафима Саровского, д. 2, (4712) 36-8855",""
"643","2002-07-05","2020-10-31","система оценки защищенности выделенных помещений по виброакустическому каналу «ШЕПОТ»","Соответствует требованиям документов: НМД АРР-2000, ТУ","серия","ООО «ЦБИ»","Гостехкомиссия России","ООО «ЦБИ «МАСКОМ»","129090, г. Москва, вн.рер.г. муниципальный округ Красносельский, пер. Живарев, д. 8, стр. 3, помещ. 1/5, (495) 136-4010","бессрочно"
"644","2002-07-05","2019-01-31","программа управления системой «Шепот» и расчета параметров защищенности выделенных помещений по виброакустическому каналу «ШЕПОТ-ИНТЕРФЕЙС»","Соответствует требованиям документов: РД НДВ(3), ТУ","серия","ООО «ЦБИ»","Гостехкомиссия России","ООО «ЦБИ «МАСКОМ»","129090, г. Москва, вн.рер.г. муниципальный округ Красносельский, пер. Живарев, д. 8, стр. 3, помещ. 1/5, (495) 136-4010","бессрочно"
"651","2017-07-26","2020-08-01","фильтр сетевой помехоподавляющий ФСПК-40-220-99-УХЛ4","Соответствует требованиям документов: Требования к ПСЗ ПЭМИН-2015","серия","ЦКБИ ФГУП «СНПО «Элерон»","АО Центр «Атомзащитаинформ»","ООО НПП «ЭЛКОМ»","249192, Калужская обл., г. Обнинск, пос. Кабицыно, д. 1, 8(495) 361-1726, 150-53-42","2034-12-31"
"662","2002-09-05","2021-01-20","программно-аппаратный комплекс «Shield Multi Service - FW»","Соответствует требованиям документов: Требования доверия(4), ТУ","серия","ЗАО «НПП «БИТ»","Гостехкомиссия России","ООО «ЛИССИ-Софт»","141090, Московская обл., г. Королев, мкрн. Юбилейный, ул. Ленинская, д. 4, пом. 7, (495) 589-9953","2026-12-31"
"677/1","2012-05-05","2023-05-05","программный пакет для разработки приложений, реализующих функции обеспечения целостности информации «ФИКС-библиотека 1.0»","Соответствует требованиям документов: РД НДВ(2)","1","ЗАО «НПП «БИТ»","Гостехкомиссия России","АО «АЛТЭКС-СОФТ»","141067, Московская обл., г. Королев, мкр-н Болшево, ул. Маяковского, д. 10А, пом. VII, (495) 543-3101",""
"678/5","2010-04-28","2019-04-28","программа контроля состояния сертифицированных программных средств защиты информации» «ФИКС 3.0»","Соответствует требованиям документов: РД НДВ(2)","1","ФГУП «НПП «Гамма»","","ФГУП «НПП «Гамма»","117393, г. Москва, ул. Профсоюзная, д. 78, стр. 4, (495) 514-0274, (495) 663-1684",""
"680","2002-10-30","2026-02-26","программа фиксации и контроля целостности информации «ФИКС-UNIX 1.0»","Соответствует требованиям документов: Требования доверия(2)","серия","ЗАО «НПП «БИТ»","Гостехкомиссия России","АО «ЦБИ-сервис»","141090, Московская область, г.о. Королев, г. Королев, мкр. Юбилейный, ул. Пионерская, д. 1/4, помещение XVII, (495) 510-4498","2030-12-31"
"708/5","2011-07-28","2020-07-28","программа «Ревизор-2 для Linux»","Соответствует требованиям документов: РД НДВ(3)","1","ЗАО «НПП «БИТ»","Гостехкомиссия России","АО «Красмаш»","660123, Красноярский край, г. Красноярск, пр-кт им. газеты «Красноярский рабочий», д. 29, (391) 264-66-01",""
"709/5","2011-07-28","2020-07-28","программа «Ревизор-1 для Linux»","Соответствует требованиям документов: РД НДВ(2)","1","ЗАО «НПП «БИТ»","Гостехкомиссия России","АО «Красмаш»","660123, Красноярский край, г. Красноярск, пр-кт им. газеты «Красноярский рабочий», д. 29, (391) 264-66-01",""
"710/30","2006-10-30","2018-10-30","программа поиска и гарантированного уничтожения на дисках «TERRIER»  (версия 2.0)","Соответствует требованиям документов: РД НДВ(2)","1","ЗАО «НПП «БИТ»","ФГУП «НПП «Гамма»","ФГУП «НПП «Гамма»","117393, г. Москва, ул. Профсоюзная, д. 78, стр. 4, (495) 514-0274, (495) 663-1684",""
"837/64","2012-08-14","2018-08-14","система защиты информации от НСД «Страж NT» (версия 2.0)","Соответствует требованиям документов: РД НДВ(2), РД СВТ(3)","4","#Н/Д","Гостехкомиссия России","Управление ФСКН России по Владимирской области","600000, г. Владимир, Октябрьский проспект, д. 22Б, (4922) 43-1400",""
"837/65","2012-08-14","2018-08-14","система защиты информации от НСД «Страж NT» (версия 2.0)","Соответствует требованиям документов: РД НДВ(2), РД СВТ(3)","1","#Н/Д","Гостехкомиссия России","УМВД России по Курской области","305000, г. Курск, ул. Серафима Саровского, д. 2, (4712) 36-8855",""
"845/2","2007-05-16","2019-05-16","программа анализа защищенности TCP/IP «Ревизор Сети» версии 1.2.1.0","Соответствует требованиям документов: ТУ","1","ФГУП «НПП «Гамма»","","ФГУП «НПП «Гамма»","117393, г. Москва, ул. Профсоюзная, д. 78, стр. 4, (495) 514-0274, (495) 663-1684",""
"874","2004-04-01","2019-04-01","фильтр сетевой помехоподавляющий «ЛФС-10-1Ф»","Соответствует требованиям документов: Требования к ПСЗ ПЭМИН-2015","серия","АО «Лаборатория ППШ»","Гостехкомиссия России","ООО «Ленспецпроизводство»","199178, г. Санкт-Петербург, наб. реки Смоленки, д. 25, лит. Е, оф. 134, (812) 309-6170","2027-04-01"
"894/1","2005-08-01","2020-08-01","унифицированные программные средства организации, контроля и управления вычислительным процессом в неоднородных вычислительных сетях «ИВК ЮПИТЕР», версии 5.0, (шифр изделия - ЛНКВ.12736-05)","Соответствует требованиям документов: РД НДВ(2), РД СВТ(3)","серия","АО «ЦБИ-сервис»","ФСТЭК России","АО «ИВК»","129110, г. Москва, ул. Гиляровского, д. 57, стр. 1, комн. 73, (495) 221-6580",""
"895/88","2013-04-18","2019-04-18","система защиты информации «Secret Net» версии 4.0 (автономный вариант для Windows 9X)","Соответствует требованиям документов: РД НДВ(2), РД СВТ(3)","2","ЗАО «ГОСТА»","Гостехкомиссия России","ОАО «Ижевский мотозавод «Аксион-холдинг»","426000, г. Ижевск, ул. Максима Горького, д. 90, (3412) 60-2170",""
"896/1","2004-05-06","2019-05-11","система защиты информации от несанкционированного доступа «Dallas Lock 7.0»","Соответствует требованиям документов: РД НДВ(2), РД СВТ(3)","1","АО «ИРЗ»","Гостехкомиссия России","Администрация муниципального образования «Шарканский район»","427070, Удмуртская Республика, с. Шаркан, ул. Ленина, д. 14, (34136) 3-3869","2020-12-31"
"896/2","2004-05-06","2019-05-11","система защиты информации от несанкционированного доступа «Dallas Lock 7.0»","Соответствует требованиям документов: РД НДВ(3), РД СВТ(4)","1","АО «ИРЗ»","Гостехкомиссия России","АО «Ижевский механический завод»","426063, г. Ижевск, ул. Промышленная, д. 8, (3412) 68-9663","2020-12-31"
"896/3","2004-05-06","2019-05-11","система защиты информации от несанкционированного доступа «Dallas Lock 7.0»","Соответствует требованиям документов: РД НДВ(3), РД СВТ(4)","3","ООО «Бурятское производственное предприятие «Конус», ЗАО «Специальное агентство «Омега»","Гостехкомиссия России","Администрация Главы Республики Бурятия и Правительства Республики Бурятия","670000, Республика Бурятия, г. Улан-Удэ, ул. Ленина, д. 54, (3012) 21-7689","2020-12-31"
"896/4","2004-05-06","2019-05-11","система защиты информации от несанкционированного доступа «Dallas Lock 7.0»","Соответствует требованиям документов: РД НДВ(3), РД СВТ(4)","1","ООО по защите информации «Секрет-Сервис»","Гостехкомиссия России","Управление архитектуры и градостроительства администрации Ангарского городского округа Иркутской области","665830, Иркутская обл., г. Ангарск, ул. Ворошилова, д. 15, (3955) 52-6400","2020-12-31"
"906","2004-05-18","2019-05-30","защищенная операционная система реального времени «QNX»","Соответствует требованиям документов: РД НДВ(2), РД СВТ(3)","серия","АО «ЦБИ-сервис»","Гостехкомиссия России","ООО «СВД Встраиваемые системы»","196066, г. Санкт-Петербург, Московский проспект, д. 212, (812) 346-8956","бессрочно"
"907/34","2013-06-04","2019-06-04","программно-аппаратный комплекс «Соболь» УВАЛ.00300-58","Соответствует требованиям документов: РД НДВ(3)","30","ООО «ИТС»","","Аппарат Правительства Мурманской области","183006, г. Мурманск, пр. Ленина, д. 75, (8152) 48-6259",""
"913/1","2004-05-28","2019-06-01","программа фиксации и контроля исходного состояния программного комплекса «ФИКС» (версия 2.0.1)","Соответствует требованиям документов: РД НДВ(3)","1","Управление ФСКН России по Свердловской области","Гостехкомиссия России","Управление ФСКН России по Свердловской области","620142, г. Екатеринбург, ул. Степана Разина, д. 31, (343) 251-82-12","2024-06-01"
"951","2004-10-12","2019-10-12","интегрированная информационная система «Кварта» (защищенный вариант)","Соответствует требованиям документов: РД НДВ(4), РД СВТ(5), ТУ","серия","АО «БИТК»","Гостехкомиссия России","ООО «КВАРТА ВК»","109240, г. Москва, вн. тер.г. муниципальный округ Таганский,  наб. Москворецкая, д. 9, стр. 1, помещ./эт. 3/0/2, помещ./ком. III;IV/1-8, 8А, 9-18, 18А, 19-21, 5, 8, (495) 926-5423","2025-12-31"
"971/2","2004-12-10","2019-01-18","программа расчета показателей защищенности конфиденциальной информации объектов вычислительной техники от утечки по техническим каналам «Гроза-К», версия 1.0","Соответствует требованиям документов: Временная методика КИ ОТСС-ВТСС, Временная методика КИ по линиям связи, ТУ","1","УМВД России по Приморскому краю","ФСТЭК России","УМВД России по Приморскому краю","690091, Приморский край, г. Владивосток, ул. Алеутская, д. 44, (4232) 21-4147, (4232) 49-0208","2022-01-18"
"989","2005-02-08","2030-02-08","средство создания модели системы разграничения доступа «Ревизор 1 ХР»","Соответствует требованиям документов: Требования доверия(2), ТУ","серия","ЗАО «КЛИО»","ФСТЭК России","АО «ЦБИ-сервис»","141090, Московская область, г.о. Королев, г. Королев, мкр. Юбилейный, ул. Пионерская, д. 1/4, помещение XVII, (495) 510-4498",""
"990","2005-02-08","2030-02-08","программа контроля полномочий доступа к информационным ресурсам «Ревизор-2 ХР»","Соответствует требованиям документов: Требования доверия(2), ТУ","серия","ЗАО «КЛИО»","ФСТЭК России","АО «ЦБИ-сервис»","141090, Московская область, г.о. Королев, г. Королев, мкр. Юбилейный, ул. Пионерская, д. 1/4, помещение XVII, (495) 510-4498",""
"1002/1","2010-12-21","2019-12-21","специальное программное обеспечение «АС «ГРИФ»","Соответствует требованиям документов: РД НДВ(3), ТУ","3","АО «РНТ»","ФСТЭК России","АО «Рособоронэкспорт»","107076, г. Москва, ул. Стромынка, д. 27, (495) 785-8301",""
"1004","2014-04-28","2020-04-28","МП-8","Соответствует требованиям документов: ТУ","серия","АО «БИТК»","ФСТЭК России","ООО «Реном»","125438, г. Москва, ул. Автомоторная, д. 7, (495) 454-1159","2030-12-31"
"1051","2005-07-11","2020-07-11","МП-7","Соответствует требованиям документов: ТУ","серия","ЗАО «НПП «БИТ»","ФСТЭК России","ООО «Реном»","125438, г. Москва, ул. Автомоторная, д. 7, (495) 454-1159","2030-12-31"
"1090/3","2007-02-14","2019-02-14","система защиты информации от несанкционированного доступа Щит-РЖД","Соответствует требованиям документов: РД НДВ(2), РД СВТ(3)","2","ООО «ЦБИ»","ФСТЭК России","Управление ФСКН России по Владимирской области","600000, г. Владимир, Октябрьский проспект, д. 22Б, (4922) 43-1400",""
"1090/4","2007-02-14","2019-02-14","система защиты информации от несанкционированного доступа Щит-РЖД","Соответствует требованиям документов: РД НДВ(2), РД СВТ(3)","3","АО «ЦБИ-сервис»","ФСТЭК России","АО «БСКБ «Восток»","656002, Алтайский край, г. Барнаул, проспект Калинина, д. 15б, (3852) 50-36-11",""
"1090/5","2007-02-14","2019-02-14","система защиты информации от несанкционированного доступа Щит-РЖД","Соответствует требованиям документов: РД НДВ(2), РД СВТ(3)","9","ООО «ЦБИ»","ФСТЭК России","Юго-Восточная железная дорога – филиал ОАО «РЖД»","394036, г. Воронеж, пр. Революции, д. 18, (473) 265-6329, 265-4915",""
"1090/6","2007-02-14","2019-02-14","система защиты информации от несанкционированного доступа Щит-РЖД","Соответствует требованиям документов: РД НДВ(2), РД СВТ(3)","1","АО «ЦБИ-сервис»","ФСТЭК России","Выборгская таможня","188800, Ленинградская обл., г. Выборг, ул. Железнодорожная, д. 9/15, (81378) 5-9228",""
"1090/7","2007-02-14","2019-02-14","система защиты информации от несанкционированного доступа Щит-РЖД","Соответствует требованиям документов: РД НДВ(2), РД СВТ(3)","7","ООО «ЦБИ»","ФСТЭК России","ГОРЬК ж.д. ОАО «РЖД»","603011, г. Нижний Новгород, ул. Октябрьской Революции, дом 78, (831) 248-4400",""
"1090/8","2007-02-14","2019-02-14","система защиты информации от несанкционированного доступа Щит-РЖД","Соответствует требованиям документов: РД НДВ(2), РД СВТ(3)","1","ООО «ЦБИ»","ФСТЭК России","АО «Федеральный научно-производственный центр «Алтай»","659322, Алтайский край, г. Бийск, Социалистическая ул., д. 1, (3854) 30-5848",""
"1090/9","2007-02-14","2019-02-14","система защиты информации от несанкционированного доступа Щит-РЖД","Соответствует требованиям документов: РД НДВ(2), РД СВТ(3)","1","ООО «ЦБИ»","ФСТЭК России","АО «Научно-исследовательский центр электронной вычислительной техники»","117587, г. Москва, Варшавское шоссе, д. 125, (495) 319-6067",""
"1126","2006-01-16","2021-01-16","средство сбора информации о программном и аппаратном обеспечении «Агент инвентаризации»","Соответствует требованиям документов: РД НДВ(3), ТУ","серия","ЗАО «КЛИО»","ФСТЭК России","АО «ЦБИ-сервис»","141090, Московская область, г.о. Королев, г. Королев, мкр. Юбилейный, ул. Пионерская, д. 1/4, помещение XVII, (495) 510-4498","2030-12-31"
"1161/3","2006-03-31","2021-03-31","комплекс средств защиты информации от несанкционированного доступа «Аккорд-NT/2000», v.3.0","Соответствует требованиям документов: РД НДВ(2), РД СВТ(3)","1","АО «БИТК»","ФСТЭК России","АО «ПО «УОМЗ»","620100, Свердловская обл., г. Екатеринбург, ул. Восточная, д. 33Б, (3432) 29-88-78, 54-81-09","2021-03-31"
"1161/12","2006-03-31","2021-03-31","комплекс СЗИ НСД «Аккорд-NT/2000» v.3.0","Соответствует требованиям документов: РД НДВ(2), РД СВТ(3)","1","АО «БИТК»","ФСТЭК России","ГУ МВД России по Воронежской области","394018, г. Воронеж, ул. Володарского, д. 39, (4732) 51-1405, (473) 251-1600","2021-03-31"
"1161/13","2006-03-31","2021-03-31","комплекс средств защиты информации от несанкционированного доступа «Аккорд-NT/2000», v.3.0","Соответствует требованиям документов: РД НДВ(2), РД СВТ(3)","13","АО «БИТК»","ФСТЭК России","УМВД России по Омской области","644099, г. Омск, ул. Ленина, д. 2, (3812) 79-38-67","2021-03-31"
"1161/20","2006-03-31","2021-03-31","комплекс СЗИ НСД «Аккорд-NT/2000» v.3.0","Соответствует требованиям документов: РД НДВ(2), РД СВТ(3)","76","АО «БИТК»","ФСТЭК России","ФКУ «ГЦСиЗИ МВД России»","119049, г. Москва, ул. Житная, дом 16, (495) 667-6636","2021-03-31"
"1161/21","2006-03-31","2021-03-31","комплекс СЗИ НСД «Аккорд-NT/2000» v.3.0","Соответствует требованиям документов: РД НДВ(2), РД СВТ(3)","2","АО «БИТК»","ФСТЭК России","УМВД России по Мурманской области","183038, г. Мурманск, проспект Ленина, д. 64","2021-03-31"
"1161/35","2006-03-31","2021-03-31","комплекс СЗИ НСД «Аккорд-NT/2000» v.3.0","Соответствует требованиям документов: РД НДВ(2), РД СВТ(3)","8","АО «БИТК»","ФСТЭК России","ФКУ «ГЦСиЗИ МВД России»","119049, г. Москва, ул. Житная, дом 16, (495) 667-6636","2021-03-31"
"1161/37","2006-03-31","2021-03-31","комплекс средств защиты информации от несанкционированного доступа «Аккорд-NT/2000», v.3.0","Соответствует требованиям документов: РД НДВ(2), РД СВТ(3)","2","АО «БИТК»","ФСТЭК России","УТ МВД России по УрФО","620107, г. Екатеринбург, ул. Вокзальная, д. 21, 8(343) 372-84-85, 372-60-03","2021-03-31"
"1161/41","2006-03-31","2021-03-31","комплекс СЗИ НСД «Аккорд-NT/2000» v.3.0","Соответствует требованиям документов: РД НДВ(2), РД СВТ(3)","2","АО «БИТК»","ФСТЭК России","ФГКОУ ВО «Омская академия МВД России»","644092, г. Омск, пр. Комарова, д. 7, (3812) 75-0180","2021-03-31"
"1161/42","2006-03-31","2021-03-31","комплекс средств защиты информации от несанкционированного доступа «Аккорд-NT/2000», v.3.0","Соответствует требованиям документов: РД НДВ(2), РД СВТ(3)","24","АО «БИТК»","ФСТЭК России","УМВД России по Курской области","305000, г. Курск, ул. Серафима Саровского, д. 2, (4712) 36-8855","2021-03-31"
"1161/44","2006-03-31","2021-03-31","комплекс СЗИ НСД «Аккорд-NT/2000» v.3.0","Соответствует требованиям документов: РД НДВ(2), РД СВТ(3)","1","АО «БИТК»","ФСТЭК России","МВД по Республике Мордовия","430000, г. Саранск, ул. Коммунистическая, д. 75","2021-03-31"
"1161/46","2006-03-31","2021-03-31","комплекс средств защиты информации от несанкционированного доступа «Аккорд-NT/2000», v.3.0","Соответствует требованиям документов: РД НДВ(2), РД СВТ(3)","31","АО «БИТК»","ФСТЭК России","УМВД России по Пензенской области","440008, г. Пенза, ул. Пушкина, д. 159, 8 (8412) 635051","2021-03-31"
"1161/49","2006-03-31","2021-03-31","комплекс средств защиты информации от несанкционированного доступа «Аккорд-NT/2000», v.3.0","Соответствует требованиям документов: РД НДВ(2), РД СВТ(3)","5","АО «БИТК»","ФСТЭК России","ГУ МВД России по Иркутской области","664003, г. Иркутск, ул. Литвинова, дом 15, (3952) 21-21-21, ф. 21-21-24","2021-03-31"
"1161/54","2006-03-31","2021-03-31","комплекс средств защиты информации от несанкционированного доступа «Аккорд-NT/2000», v.3.0","Соответствует требованиям документов: РД НДВ(2), РД СВТ(3)","38","АО «БИТК»","ФСТЭК России","ФКУ «ГИАЦ МВД России»","117418, г. Москва, ул. Новочеремушкинская, д. 67, (495) 332-31-77","2021-03-31"
"1161/59","2015-10-07","2021-03-31","комплекс средств защиты информации от несанкционированного доступа «Аккорд-NT/2000», v.3.0","Соответствует требованиям документов: РД НДВ(2), РД СВТ(3)","14","АО «БИТК»","ФСТЭК России","ГУ МВД России по Новосибирской области","630099, г. Новосибирск, ул. Октябрьская, д. 78, (383) 232-7337","2021-03-31"
"1161/64","2006-03-31","2021-03-31","комплекс СЗИ НСД «Аккорд-NT/2000» v.3.0","Соответствует требованиям документов: РД НДВ(2), РД СВТ(3)","2","АО «БИТК»","ФСТЭК России","МВД по Чувашской Республике","428000, г. Чебоксары, ул. К.Маркса, д. 41, (8352) 241-650, 241-155","2021-03-31"
"1161/73","2006-03-31","2021-03-31","комплекс СЗИ НСД «Аккорд-NT/2000» v.3.0","Соответствует требованиям документов: РД НДВ(2), РД СВТ(3)","34","АО «БИТК»","ФСТЭК России","ГУ МВД России по Ставропольскому краю","355035,  Ставропольский край, г. Ставрополь, ул. Дзержинского, дом 102, (8652) 30-41-41","2021-03-31"
"1161/81","2006-03-31","2021-03-31","комплекс СЗИ НСД «Аккорд-NT/2000» v.3.0","Соответствует требованиям документов: РД НДВ(2), РД СВТ(3)","2","АО «БИТК»","ФСТЭК России","МВД по Республике Марий Эл","424000, Республика Марий Эл, г. Йошкар-Ола, ул. Комсомольская, дом 139, (8362) 68-03-41","2021-03-31"
"1161/82","2006-03-31","2021-03-31","комплекс СЗИ НСД «Аккорд-NT/2000» v.3.0","Соответствует требованиям документов: РД НДВ(2), РД СВТ(3)","2","АО «БИТК»","ФСТЭК России","МВД по Чувашской Республике","428000, г. Чебоксары, ул. К.Маркса, д. 41, (8352) 241-650, 241-155","2021-03-31"
"1161/84","2006-03-31","2021-03-31","комплекс СЗИ НСД «Аккорд-NT/2000» v.3.0","Соответствует требованиям документов: РД НДВ(2), РД СВТ(3)","7","АО «БИТК»","ФСТЭК России","АО «Научно-производственная корпорация «Уралвагонзавод» имени Ф.Э. Дзержинского»","622007, Свердловская обл., г. Нижний Тагил, Восточное шоссе, д. 28, (83435) 34-5093","2021-03-31"
"1161/85","2006-03-31","2021-03-31","комплекс СЗИ НСД «Аккорд-NT/2000» v.3.0","Соответствует требованиям документов: РД НДВ(2), РД СВТ(3)","10","АО «БИТК»","ФСТЭК России","МВД по Чувашской Республике","428000, г. Чебоксары, ул. К.Маркса, д. 41, (8352) 241-650, 241-155","2021-03-31"
"1161/86","2006-03-31","2021-03-31","комплекс СЗИ НСД «Аккорд-NT/2000» v.3.0","Соответствует требованиям документов: РД НДВ(2), РД СВТ(3)","1","АО «БИТК»","ФСТЭК России","ФКУ «ЦОБХР МВД России»","143914, Московская область, г. Балашиха, мкр. Никольско-Архангельский, производственно-складская зона, владение 1, (495) 524-7454","2021-03-31"
"1161/87","2006-03-31","2021-03-31","комплекс средств защиты информации от несанкционированного доступа «Аккорд-NT/2000», v.3.0","Соответствует требованиям документов: РД НДВ(2), РД СВТ(3)","1","АО «БИТК»","ФСТЭК России","ГУ МВД России по Новосибирской области","630099, г. Новосибирск, ул. Октябрьская, д. 78, (383) 232-7337","2021-03-31"
"1161/88","2006-03-31","2021-03-31","комплекс СЗИ НСД «Аккорд-NT/2000» v.3.0","Соответствует требованиям документов: РД НДВ(2), РД СВТ(3)","2","АО «БИТК»","ФСТЭК России","УМВД России по Архангельской области","163000, г. Архангельск, ул. Воскресенская, д. 3, (8182) 216-920","2021-03-31"
"1161/91","2006-03-31","2021-03-31","комплекс средств защиты информации от несанкционированного доступа «Аккорд-NT/2000», v.3.0","Соответствует требованиям документов: РД НДВ(2), РД СВТ(3)","3","АО «БИТК»","ФСТЭК России","ГУ МВД России по Новосибирской области","630099, г. Новосибирск, ул. Октябрьская, д. 78, (383) 232-7337","2021-03-31"
"1166/1","2008-06-02","2020-06-02","Магистральная IP сеть ЗАО «Компания «ТрансТелеКом»","Соответствует требованиям документов: ТУ","1","АО «НПО «Эшелон»","ФСТЭК России","ЗАО «Компания ТрансТелеКом»","123317, г. Москва, ул. Тестовская, д. 8, (495) 784-6670","2025-06-02"
"1169","2006-04-18","2028-04-18","сетевой помехоподавляющий фильтр «ФСП-1Ф-10А»","Соответствует требованиям документов: Требования к ПСЗ ПЭМИН-2015","серия","АО «ФЦНИВТ «СНПО «Элерон»","АО Центр «Атомзащитаинформ»","АО «Приборостроитель»","188800 г. Выборг, ул. Данилова, д. 15, (81378) 25-407",""
"1193","2006-05-16","2021-05-16","программа поиска и гарантированного уничтожения информации на дисках «TERRIER» версия 3.0","Соответствует требованиям документов: РД НДВ(2), ТУ","серия","ЗАО «КЛИО»","ФСТЭК России","АО «ЦБИ-сервис»","141090, Московская область, г.о. Королев, г. Королев, мкр. Юбилейный, ул. Пионерская, д. 1/4, помещение XVII, (495) 510-4498","2026-05-16"
"1215/1","2006-07-05","2021-07-05","комплекс средств защиты информации от несанкционированного доступа пакета прикладных программ интегрированной системы технических средств охраны АССаД 32 версии 3.28","Соответствует требованиям документов: РД НДВ(3)","2","ФГУП «СКЦ Росатома»","АО Центр «Атомзащитаинформ»","ФГУП «ПО «Маяк»","456784, Челябинская обл., г. Озерск, пр-т Ленина, д. 31, (35130) 2-5011","2025-12-31"
"1215/2","2006-07-05","2021-07-05","комплекс средств защиты информации от несанкционированного доступа пакета прикладных программ интегрированной системы технических средств охраны АССаД 32 версии 3.28","Соответствует требованиям документов: РД НДВ(3)","1","ФГУП «СКЦ Росатома»","АО Центр «Атомзащитаинформ»","АО «СХК»","636039, Томская обл., г. Северск, ул. Курчатова, д. 1, (3822) 72-44-46","2025-12-31"
"1260/5","2007-09-13","2021-09-13","система защиты информации от несанкционированного доступа «Страж NT» (версия 2.5) МАВУ.00028-01","Соответствует требованиям документов: РД НДВ(2), РД СВТ(3)","186","ООО «ЦБИ»","ФСТЭК России","ФКУ «ГЦСиЗИ МВД России»","119049, г. Москва, ул. Житная, дом 16, (495) 667-6636",""
"1260/9","2012-07-18","2021-07-18","система защиты информации от несанкционированного доступа «Страж NT» (версия 2.5) МАВУ.00028-01","Соответствует требованиям документов: РД НДВ(2), РД СВТ(3)","1","ООО «ЦБИ»","ФСТЭК России","АО «СХК»","636039, Томская обл., г. Северск, ул. Курчатова, д. 1, (3822) 72-44-46",""
"1260/38","2012-10-02","2018-10-02","система защиты информации от несанкционированного доступа «Страж NT» (версия 2.5) МАВУ.00028-01","Соответствует требованиям документов: РД НДВ(2), РД СВТ(3)","2","ООО «ЦБИ»","ФСТЭК России","ОАО «Конструкторское бюро по радиоконтролю систем управления, навигации и связи»","344010, г. Ростов-на-Дону, просп. Соколова, д. 96, (863) 268-8256",""
"1260/52/1","2012-10-15","2018-10-15","система защиты информации от несанкционированного доступа «Страж NT» (версия 2.5) МАВУ.00028-01","Соответствует требованиям документов: РД НДВ(2), РД СВТ(3)","21","ООО «ЦБИ»","ФСТЭК России","ФКУ «ГИАЦ МВД России»","117418, г. Москва, ул. Новочеремушкинская, д. 67, (495) 332-31-77",""
"1260/61","2012-11-07","2018-11-07","система защиты информации от несанкционированного доступа «Страж NT» (версия 2.5) МАВУ.00028-01","Соответствует требованиям документов: РД НДВ(2), РД СВТ(3)","49","ООО «ЦБИ»","ФСТЭК России","МВД по Республике Саха (Якутия)","677000, г. Якутск, ул. Дзержинского, д. 14, (4112) 49-2563, (4112) 45-4728",""
"1260/62","2012-11-09","2018-11-09","система защиты информации от несанкционированного доступа «Страж NT» (версия 2.5) МАВУ.00028-01","Соответствует требованиям документов: РД НДВ(2), РД СВТ(3)","1","ООО «ЦБИ»","ФСТЭК России","Администрация города Заречного Пензенской области","442960, г. Заречный, пр-т 30-летия Победы, д. 27, (8412) 60-33-18",""
"1260/63","2012-11-09","2018-11-09","система защиты информации от несанкционированного доступа «Страж NT» (версия 2.5) МАВУ.00028-01","Соответствует требованиям документов: РД НДВ(2), РД СВТ(3)","1","ООО «ЦБИ»","ФСТЭК России","Администрация Вадинского района Пензенской области","442170, Пензенская область, с. Вадинск, пл. Ленина, д. 16, (841-42) 2-1169",""
"1260/74","2012-11-23","2018-11-23","система защиты информации от несанкционированного доступа «Страж NT» (версия 2.5) МАВУ.00028-01","Соответствует требованиям документов: РД НДВ(2), РД СВТ(3)","1","ООО «ЦБИ»","ФСТЭК России","Администрация Кыштымского городского округа Челябинской области","456870, Челябинская обл., г. Кыштым, пл. К. Маркса, д. 1, (35151) 4-3115",""
"1260/84","2012-12-14","2018-12-14","система защиты информации от несанкционированного доступа «Страж NT» (версия 2.5) МАВУ.00028-01","Соответствует требованиям документов: РД НДВ(2), РД СВТ(3)","1","ООО «ЦБИ»","ФСТЭК России","Иркутское областное управление инкассации – филиал Российского объединения «РОСИНКАС» Банка России","664075, г. Иркутск, ул. Ширямова, д.34, (3952) 78-28-17",""
"1260/87","2012-12-28","2018-12-28","система защиты информации от несанкционированного доступа «Страж NT» (версия 2.5) МАВУ.00028-01","Соответствует требованиям документов: РД НДВ(2), РД СВТ(3)","4","ООО «ЦБИ»","ФСТЭК России","АО «ИРЗ»","426034, Удмуртская Республика, г. Ижевск, ул. Базисная, д. 19, (3412) 501-501",""
"1260/88","2012-12-28","2018-12-28","система защиты информации от несанкционированного доступа «Страж NT» (версия 2.5) МАВУ.00028-01","Соответствует требованиям документов: РД НДВ(2), РД СВТ(3)","1","ООО «ЦБИ»","ФСТЭК России","УФСИН России по Кировской области","610007, г. Киров, ул. Нагорная, д. 22, (8332) 48-9225",""
"1260/107","2013-02-02","2019-02-02","система защиты информации от несанкционированного доступа «Страж NT» (версия 2.5) МАВУ.00028-01","Соответствует требованиям документов: РД НДВ(2), РД СВТ(3)","3","ООО «ЦБИ»","ФСТЭК России","Филиал ОАО «Федеральная гидрогенерирующая компания - РусГидро» - «Зейская ГЭС»","676244, Амурская обл., г. Зея, (41658) 245-31",""
"1260/129","2013-03-20","2019-03-20","система защиты информации от несанкционированного доступа «Страж NT», версия 2.5","Соответствует требованиям документов: РД НДВ(2), РД СВТ(3)","2","ООО «ЦБИ»","ФСТЭК России","АО «ПО «Севмаш»","164500, Архангельская обл., г. Северодвинск, Архангельское шоссе, д. 58, (8184) 50-4717, (8184) 50-4618",""
"1260/130","2013-03-20","2019-03-20","система защиты информации от несанкционированного доступа «Страж NT» (версия 2.5) МАВУ.00028-01","Соответствует требованиям документов: РД НДВ(2), РД СВТ(3)","1","ООО «ЦБИ»","ФСТЭК России","УТ МВД России по ДФО","680038, Хабаровский край, г. Хабаровск, ул. Джамбула, д. 13, (4212) 31-9525, (4212) 56-76-90",""
"1260/146/1","2007-01-01","2019-03-29","система защиты информации от несанкционированного доступа «Страж NT» (версия 2.5) МАВУ.00028-01","Соответствует требованиям документов: РД НДВ(2), РД СВТ(3)","2","ООО «ЦБИ»","ФСТЭК России","ГУ МВД России по Самарской области","443068, г. Самара, ул. Соколова, дом 34, (846) 273-4726",""
"1260/151/1","2013-04-24","2019-04-24","система защиты информации от несанкционированного доступа «Страж NT», версия 2.5","Соответствует требованиям документов: РД НДВ(2), РД СВТ(3)","4","ООО «ЦБИ»","ФСТЭК России","НИКИРЭТ – филиал ФГУП ФНПЦ «ПО «Старт» им. М.В. Проценко»","442965, Пензенская обл., г. Заречный, Проспект Мира, корп. 1, (8412) 65-4778",""
"1260/159","2013-06-03","2019-06-03","система защиты информации от несанкционированного доступа «Страж NT» (версия 2.5) МАВУ.00028-01","Соответствует требованиям документов: РД НДВ(2), РД СВТ(3)","2","ООО «ЦБИ»","ФСТЭК России","АО «ФНПЦ «ПО «Старт» им. М.В.Проценко»","442960, Пензенская обл., г. Заречный, пр-т Мира, д. 1, (841-2) 23-2853",""
"1260/160/1","2013-06-03","2019-06-03","система защиты информации от несанкционированного доступа «Страж NT» (версия 2.5) МАВУ.00028-01","Соответствует требованиям документов: РД НДВ(2), РД СВТ(3)","1","ООО «ЦБИ»","ФСТЭК России","Управления ФСКН России по Ямало-Ненецкому автономному округу","629003, г. Салехард, ул. Чупрова, д. 31, (3499) 25-3722",""
"1260/163","2013-06-26","2019-06-26","система защиты информации от несанкционированного доступа «Страж NT», версия 2.5","Соответствует требованиям документов: РД НДВ(2), РД СВТ(3)","1","ООО «Безопасные информационные технологии»","","АО «Волжский трубный завод»","404119, Волгоградская область, г. Волжский, Автодорога № 7, д. 6, (8443) 22-2102",""
"1260/174","2006-09-13","2018-09-13","система защиты информации от несанкционированного доступа «Страж NT» (версия 2.5) МАВУ.00028-01","Соответствует требованиям документов: РД НДВ(2), РД СВТ(3)","3","ООО «ЦБИ»","ФСТЭК России","ООО «Башнефть-Добыча»","450008, Республика Башкортостан, г. Уфа, ул. К. Маркса, д. 30, (347) 262-23-75",""
"1260/175","2006-09-13","2018-09-13","система защиты информации от несанкционированного доступа «Страж NT» (версия 2.5) МАВУ.00028-01","Соответствует требованиям документов: РД НДВ(2), РД СВТ(3)","1","ООО «ЦБИ»","ФСТЭК России","Волгоградское ОАО «ХИМПРОМ»","400057,  г. Волгоград, ул. Промысловая, д. 23, (347) 262-23-75",""
"1260/190","2006-09-13","2018-09-13","система защиты информации от несанкционированного доступа «Страж NT» (версия 2.5) МАВУ.00028-01","Соответствует требованиям документов: РД НДВ(2), РД СВТ(3)","1","ООО «ЦБИ»","ФСТЭК России","Министерство сельского хозяйства и продовольствия Удмуртской Республики","426057, г. Ижевск, ул. В. Сивкова, д. 120, (3412) 91-9501",""
"1264/1/2","2007-07-05","2019-07-05","межсетевой экран Cisco ASA-5520","Соответствует требованиям документов: РД МЭ(4), ТУ","3","АО «СХК»","ФСТЭК России","АО «СХК»","636039, Томская обл., г. Северск, ул. Курчатова, д. 1, (3822) 72-44-46",""
"1264/1/3","2007-07-05","2019-07-05","межсетевой экран Cisco ASA-5520","Соответствует требованиям документов: РД МЭ(4), ТУ","2","ООО «Уральский завод газовых центрифуг»","ФСТЭК России","ООО «Уральский завод газовых центрифуг»","6241309, Свердловская область, г. Новоуральск, ул. Дзержинского, д. 2, (34370) 7-8005",""
"1264/1/4","2016-07-05","2019-07-05","межсетевой экран Cisco ASA-5520","Соответствует требованиям документов: РД МЭ(4)","2","АО «БИТК»","ФСТЭК России","Главное управление безопасности и защиты информации Банка России","107016, г. Москва, ул. Неглинная, д. 12, (495) 771-4261",""
"1307/1","2011-08-10","2020-08-10","программное обеспечение Cisco IOS AES версии 12.4(9)Т1 для маршрутизаторов Cisco 2811 и Cisco 2821","Соответствует требованиям документов: РД МЭ(4)","119","АО «ЦБИ-сервис»","ФСТЭК России","ФГКУ «Федеральный центр информатизации при Центральной избирательной комиссии Российской Федерации»","109012, г. Москва, Большой Черкасский переулок, д. 9, (495) 606-8041",""
"1308/1","2011-08-10","2020-08-10","программное обеспечение Cisco IOS AES версии 12.4(5b) для маршрутизаторов Cisco 3825","Соответствует требованиям документов: РД МЭ(4)","4","АО «ЦБИ-сервис»","ФСТЭК России","ФГКУ «Федеральный центр информатизации при Центральной избирательной комиссии Российской Федерации»","109012, г. Москва, Большой Черкасский переулок, д. 9, (495) 606-8041",""
"1335","2007-01-29","2019-01-29","программное обеспечение для проведения сертификационных испытаний программных комплексов на отсутствие недекларированных возможностей по четвертому уровню контроля «НДВ 4.0»","Соответствует требованиям документов: РД НДВ(4)","100","АО «Лаборатория ППШ»","ФСТЭК России","ООО «Ленспецпроизводство»","199178, г. Санкт-Петербург, наб. реки Смоленки, д. 25, лит. Е, оф. 134, (812) 309-6170","2027-01-29"
"1342","2007-02-21","2019-02-21","система гарантированного уничтожения информации на машинных носителях СГУ-2","Соответствует требованиям документов: РД НДВ(2), ТУ","серия","АО «ЦБИ-сервис»","ФСТЭК России","СПб ФИЦ РАН","199178, г. Санкт–Петербург, 14 линия, д. 39, (812) 328-3311","2028-12-31"
"1353/2","2009-08-11","2021-08-11","межсетевой экран «Z-2». Версия 2.6","Соответствует требованиям документов: Профили защиты СОВ(cети четвертого класса защиты. ИТ.СОВ.С4.ПЗ), ЗБ, РД МЭ(2), РД НДВ(2)","2","ООО «ЦБИ»","ФСТЭК России","ФГУП «РФЯЦ-ВНИИЭФ»","607188, Нижегородская обл., г. Саров, пр-т Мира, д. 37, (831) 302-9644, (831) 302-9624",""
"1363","2007-04-06","2019-04-06","Трафарет","Соответствует требованиям документов: РД НДВ(2)","100","АО «Лаборатория ППШ»","ФСТЭК России","ООО «Ленспецпроизводство»","199178, г. Санкт-Петербург, наб. реки Смоленки, д. 25, лит. Е, оф. 134, (812) 309-6170","2021-12-31"
"1397/1","2011-08-10","2020-08-10","программное обеспечение Cisco IOS AES версии 12.4(11)Т для маршрутизаторов Cisco 1760","Соответствует требованиям документов: РД МЭ(4)","28","АО «ЦБИ-сервис»","ФСТЭК России","ФГКУ «Федеральный центр информатизации при Центральной избирательной комиссии Российской Федерации»","109012, г. Москва, Большой Черкасский переулок, д. 9, (495) 606-8041",""
"1429/2","2007-07-11","2019-07-11","Cisco IPS 4200","Соответствует требованиям документов: ТУ","1","АО «ДОКУМЕНТАЛЬНЫЕ СИСТЕМЫ»","Екатеринбургский НТЦ ФГУП «НПП «Гамма»","АО «ЧМЗ»","427620, Удмуртская Республика, г. Глазов, ул. Белова, д. 7, (34141) 3-60-70",""
"1431","2007-07-13","2019-07-13","Сфера","Соответствует требованиям документов: РД НДВ(3), РД СВТ(4)","150","АО «ДОКУМЕНТАЛЬНЫЕ СИСТЕМЫ»","Ассоциация «ЕВРААС»","ООО «Фирма «Новые информационные технологии в авиации»","188643, Всеволожский район, г. Всеволожск, Всеволожский пр., д. 41, офис 3, (812) 704-1813",""
"1432/1/133","2007-07-18","2019-07-18","Гром-ЗИ-4Б","Соответствует требованиям документов: РД САЗ ПЭМИН-87, ТУ","1","ООО по защите информации «Секрет-Сервис»","ФСТЭК России","ФГБОУ ВО «Ангарский государственный технический университет»","665835, Иркутская область, г. Ангарск, ул. Чайковского, д. 60, (3955) 67-1832",""
"1450","2007-08-15","2029-08-15","программный модуль расчета показателей защищенности технических средств от утечки информации по каналу побочных электромагнитных излучений и наводок «Сигурд-Дельта»","Соответствует требованиям документов: Методики ПЭМИН-2017, РД НДВ(3), ТУ","серия","ООО «ЦБИ»","ФАУ «ГНИИИ ПТЗИ ФСТЭК России»","ООО «ЦБИ «МАСКОМ»","129090, г. Москва, вн.рер.г. муниципальный округ Красносельский, пер. Живарев, д. 8, стр. 3, помещ. 1/5, (495) 136-4010","2034-08-15"
"1454","2007-09-06","2029-09-06","программное средство расчета показателей защищенности информации от утечки за счет побочных электромагнитных излучений и наводок по результатам специальных исследований и оценки защищенности (эффективности защиты) информации, обрабатываемой средствами вычислительной техники, от утечки за счет побочных электромагнитных излучений и наводок «ПЭМИН-2018»","Соответствует требованиям документов: Методики ПЭМИН-2017, ТУ","серия","ФГУ «12 ЦНИИ Минобороны России»","ФСТЭК России","ООО «ЦБИ»","141090, Московская область, г. Королев, микрорайон Юбилейный, ул. Ленинская, д. 11, (495) 543-3060",""
"1505/1","2011-08-10","2020-08-10","программное обеспечение Cisco IOS AES версии 12.4(5b) для маршрутизаторов Cisco 3825","Соответствует требованиям документов: РД МЭ(4)","3","АО «ЦБИ-сервис»","ООО «ЦБИ»","ФГКУ «Федеральный центр информатизации при Центральной избирательной комиссии Российской Федерации»","109012, г. Москва, Большой Черкасский переулок, д. 9, (495) 606-8041",""
"1506/1","2011-08-10","2020-08-10","программное обеспечение Cisco IOS AES версии 12.4(5b) для маршрутизаторов Cisco 1760","Соответствует требованиям документов: РД МЭ(4)","31","АО «ЦБИ-сервис»","ООО «ЦБИ»","ФГКУ «Федеральный центр информатизации при Центральной избирательной комиссии Российской Федерации»","109012, г. Москва, Большой Черкасский переулок, д. 9, (495) 606-8041",""
"1507/1","2011-08-10","2020-08-10","программное обеспечение Cisco IOS AES версии 12.4(9)Т1 для маршрутизаторов Cisco 2811","Соответствует требованиям документов: РД МЭ(4)","98","АО «ЦБИ-сервис»","ООО «ЦБИ»","ФГКУ «Федеральный центр информатизации при Центральной избирательной комиссии Российской Федерации»","109012, г. Москва, Большой Черкасский переулок, д. 9, (495) 606-8041",""
"1520/2","2007-12-04","2019-12-04","конверторы среды «FOBOS-100M», «FOBOS-100S», «FOBOS-100L», «FOBOS-100F» и «FOBOS-100FL»","Соответствует требованиям документов: НМД по ТЗИ ВОСП-2005, ТУ","2","Екатеринбургский НТЦ ФГУП «НПП «Гамма»","ФАУ «ГНИИИ ПТЗИ ФСТЭК России»","Екатеринбургский НТЦ ФГУП «НПП «Гамма»","620078, г. Екатеринбург, ул. Студенческая, д. 51, (343) 362-4004",""
"1520/3","2007-12-04","2019-12-04","конверторы среды «FOBOS-100M», «FOBOS-100S», «FOBOS-100L», «FOBOS-100F» и «FOBOS-100FL»","Соответствует требованиям документов: НМД по ТЗИ ВОСП-2005, ТУ","8","АО «ФНПЦ «ПО «Старт» им. М.В.Проценко»","ФАУ «ГНИИИ ПТЗИ ФСТЭК России»","АО «ФНПЦ «ПО «Старт» им. М.В.Проценко»","442960, Пензенская обл., г. Заречный, пр-т Мира, д. 1, (841-2) 23-2853",""
"1540","2007-12-21","2019-12-21","блок питания управления и контроля «ЛБП-120Т»","Соответствует требованиям документов: ТУ","срок действия продлен для СЗИ, эксплуатируемых на ОИ","АО «Лаборатория ППШ»","ФСТЭК России","ООО «Ленспецпроизводство»","199178, г. Санкт-Петербург, наб. реки Смоленки, д. 25, лит. Е, оф. 134, (812) 309-6170","2027-12-21"
"1548","2008-01-15","2025-01-15","программа фиксации и контроля исходного состояния программного комплекса «ФИКС» версия 2.0.2","Соответствует требованиям документов: Требования доверия(2)","серия","ООО «КРЦДИ»","ФАУ «ГНИИИ ПТЗИ ФСТЭК России»","АО «ЦБИ-сервис»","141090, Московская область, г.о. Королев, г. Королев, мкр. Юбилейный, ул. Пионерская, д. 1/4, помещение XVII, (495) 510-4498","2029-12-31"
"1549/1/1","2010-05-26","2019-05-26","ViPNet CUSTOM 3.2","ViPNet CUSTOM 3.2, на соответствие ЗБ (оценочный уровень доверия ОУД 4+) по ОК,  3 уровень по НДВ  и по  3 классу МЭ по 1В АС при соблюдении ограничений в ТУ (может использоваться для защиты информации  в ИСПДн до 1 класса включительно)","1","УМВД России по Приморскому краю","","УМВД России по Приморскому краю","690091, Приморский край, г. Владивосток, ул. Алеутская, д. 44, (4232) 21-4147, (4232) 49-0208","2019-05-26"
"1624/1","2011-08-10","2020-08-10","программное обеспечение Cisco IOS AES версии 12.4(5b) для маршрутизаторов Cisco 3825","Соответствует требованиям документов: РД МЭ(4)","2","АО «ЦБИ-сервис»","ФАУ «ГНИИИ ПТЗИ ФСТЭК России»","ФГКУ «Федеральный центр информатизации при Центральной избирательной комиссии Российской Федерации»","109012, г. Москва, Большой Черкасский переулок, д. 9, (495) 606-8041",""
"1625/1","2011-08-10","2020-08-10","программное обеспечение Cisco IOS AES версии 12.4(9)Т1 для маршрутизаторов Cisco 2811","Соответствует требованиям документов: РД МЭ(4)","61","АО «ЦБИ-сервис»","ФАУ «ГНИИИ ПТЗИ ФСТЭК России»","ФГКУ «Федеральный центр информатизации при Центральной избирательной комиссии Российской Федерации»","109012, г. Москва, Большой Черкасский переулок, д. 9, (495) 606-8041",""
"1685/1","2008-09-18","2020-09-18","cистема защиты информации от несанкционированного доступа «Dallas Lock 7.5»","Соответствует требованиям документов: РД НДВ(2), РД СВТ(3)","2","ООО «ЦБИ»","АО «Лаборатория ППШ»","Администрация Главы и Правительства Удмуртской Республики","426007, г. Ижевск, ул. Пушкинская, д. 214, (3412) 49-7203","2020-12-31"
"1685/2","2008-09-18","2020-09-18","система защиты информации от несанкционированного доступа «Dallas Lock 7.5» РКДН.00004-01","Соответствует требованиям документов: РД НДВ(2), РД СВТ(3), ТУ","2","ООО «ЦБИ»","АО «Лаборатория ППШ»","МВД по Чувашской Республике","428000, г. Чебоксары, ул. К.Маркса, д. 41, (8352) 241-650, 241-155","2020-12-31"
"1685/3","2008-09-18","2020-09-18","система защиты информации от несанкционированного доступа «Dallas Lock 7.5» РКДН.00004-01","Соответствует требованиям документов: РД НДВ(2), РД СВТ(3), ТУ","1","ООО «ЦБИ»","АО «Лаборатория ППШ»","ФГКУ комбинат «Онега» Росрезерва","162002, Вологодская область, г. Грязовец, ул. Комеловой, д. 1, (81755) 2-2505","2020-12-31"
"1685/4","2008-09-18","2020-09-18","система защиты информации от несанкционированного доступа «Dallas Lock 7.5» РКДН.00004-01","Соответствует требованиям документов: РД НДВ(2), РД СВТ(3)","1","ООО «ЦБИ»","АО «Лаборатория ППШ»","Администрация Иссинского района Пензенской области","442710, Пензенская обл., р.п. Исса, ул. Черокманова, д. 21, (8414) 42-1495","2020-12-31"
"1685/5","2008-09-18","2020-09-18","система защиты информации от несанкционированного доступа «Dallas Lock 7.5» РКДН.00004-01","Соответствует требованиям документов: РД НДВ(2), РД СВТ(3), ТУ","1","ООО «ЦБИ»","АО «Лаборатория ППШ»","Филиал ПАО «ФСК ЕЭС» – Магистральные электрические сети Западной Сибири","628408, Ханты – Мансийский автономный округ – Югра, Тюменская область,
г. Сургут, ул. Геологическая, д. 4, (3462) 77 - 7262","2020-12-31"
"1685/6","2008-09-18","2020-09-18","система защиты информации от несанкционированного доступа «Dallas Lock 7.5» РКДН.00004-01","Соответствует требованиям документов: РД НДВ(2), РД СВТ(3), ТУ","1","ООО «ЦБИ»","АО «Лаборатория ППШ»","АО «Научно-производственная корпорация «Уралвагонзавод» имени Ф.Э. Дзержинского»","622007, Свердловская обл., г. Нижний Тагил, Восточное шоссе, д. 28, (83435) 34-5093","2020-12-31"
"1685/7","2008-09-18","2020-09-18","система защиты информации от несанкционированного доступа «Dallas Lock 7.5» РКДН.00004-01","Соответствует требованиям документов: РД НДВ(2), РД СВТ(3)","1","ООО «ЦБИ»","АО «Лаборатория ППШ»","Администрация муниципального образования «Граховский район» 
Удмуртской Республики
","427730, Удмуртская Республика, Граховский район, с. Грахово, 
ул. Ачинцева, д. 5, (34163) 3-1954","2020-12-31"
"1685/8","2008-09-18","2020-09-18","система защиты информации от несанкционированного доступа «Dallas Lock 7.5» РКДН.00004-01","Соответствует требованиям документов: РД НДВ(2), РД СВТ(3)","44","ООО «ЦБИ»","АО «Лаборатория ППШ»","ГУ МВД России по Новосибирской области","630099, г. Новосибирск, ул. Октябрьская, д. 78, (383) 232-7337","2020-12-31"
"1685/9","2008-09-18","2020-09-18","система защиты информации от несанкционированного доступа «Dallas Lock 7.5» РКДН.00004-01","Соответствует требованиям документов: РД НДВ(2), РД СВТ(3)","18","ООО «ЦБИ»","АО «Лаборатория ППШ»","МВД по Республике Марий Эл","424000, Республика Марий Эл, г. Йошкар-Ола, ул. Комсомольская, дом 139, (8362) 68-03-41","2020-12-31"
"1685/10","2008-09-18","2020-09-18","система защиты информации от несанкционированного доступа «Dallas Lock 7.5» РКДН.00004-01","Соответствует требованиям документов: РД НДВ(2), РД СВТ(3)","1","ООО «ЦБИ»","АО «Лаборатория ППШ»","Филиал ФГУП «Главный центр специальной связи» – Управление специальной связи по Свердловской области","620017, г. Екатеринбург, ул. Основинская, д. 11, (343) 341-4519","2020-12-31"
"1685/11","2008-09-18","2020-09-18","система защиты информации от несанкционированного доступа «Dallas Lock 7.5» РКДН.00004-01","Соответствует требованиям документов: РД НДВ(2), РД СВТ(3), ТУ","1","ООО «ЦБИ»","АО «Лаборатория ППШ»","МКУ «Управление по делам ГО ЧС Александровского района»","Институтская ул., д. 6, корп. 5 , г. Александров, Владимирская обл., 601650, (49244) 2-27-91","2020-12-31"
"1685/12","2008-09-18","2020-09-18","система защиты информации от несанкционированного доступа «Dallas Lock 7.5» РКДН.00004-01","Соответствует требованиям документов: РД НДВ(2), РД СВТ(3), ТУ","2","ООО «ЦБИ»","АО «Лаборатория ППШ»","ФКОУ ВО Кузбасский институт Федеральной службы исполнения наказания","654066, Кемеровская обл., г. Новокузнецк, Октябрьский пр-т, д. 49, (3843) 77-64-97 доп. 1950","2020-12-31"
"1685/13","2008-09-18","2020-09-18","система защиты информации от несанкционированного доступа «Dallas Lock 7.5» РКДН.00004-01","Соответствует требованиям документов: РД НДВ(2), РД СВТ(3), ТУ","1","ООО «ЦБИ»","АО «Лаборатория ППШ»","Администрация муниципального образования «Игринский  район»","427145, Удмуртская Республика, ул. Советская, д. 29, (34134) 4-2135","2020-12-31"
"1685/15","2008-09-18","2020-09-18","система защиты информации от несанкционированного доступа «Dallas Lock 7.5» РКДН.00004-01","Соответствует требованиям документов: РД НДВ(2), РД СВТ(3), ТУ","64","ООО «ЦБИ»","АО «Лаборатория ППШ»","ФКУ «ГЦСиЗИ МВД России»","119049, г. Москва, ул. Житная, дом 16, (495) 667-6636","2020-12-31"
"1685/16","2008-09-18","2020-09-18","система защиты информации от несанкционированного доступа «Dallas Lock 7.5» РКДН.00004-01","Соответствует требованиям документов: РД НДВ(2), РД СВТ(3)","1","ООО «ЦБИ»","АО «Лаборатория ППШ»","ФГУП Издательство «Известия» Управления делами Президента Российской Федерации","125040, г. Москва, ул. Ямского Поля 1-я, д. 28, (495) 625-7540","2020-12-31"
"1685/17","2008-09-18","2020-09-18","система защиты информации от несанкционированного доступа «Dallas Lock 7.5» РКДН.00004-01","Соответствует требованиям документов: РД НДВ(2), РД СВТ(3), ТУ","10","ООО «ЦБИ»","АО «Лаборатория ППШ»","Администрация города Сарапула","427960, Удмуртская Республика, г. Сарапул, Красная площадь, д. 8, (34147) 4-19-48","2020-12-31"
"1685/18","2008-09-18","2020-09-18","система защиты информации от несанкционированного доступа «Dallas Lock 7.5» РКДН.00004-01","Соответствует требованиям документов: РД НДВ(2), РД СВТ(3), ТУ","1","ООО «ЦБИ»","АО «Лаборатория ППШ»","Администрация муниципального образования «Дебёсский район»","427060, Удмуртская Республика, с. Дебёссы, ул. Советская, д. 88, 8 (34151) 4-14-38","2020-12-31"
"1685/22","2008-09-18","2020-09-18","система защиты информации от несанкционированного доступа «Dallas Lock 7.5» РКДН.00004-01","Соответствует требованиям документов: РД НДВ(2), РД СВТ(3), ТУ","2","ООО «ЦБИ»","АО «Лаборатория ППШ»","Администрация муниципального образования «Селтинский район» Удмуртской Республики","427270, Удмуртская Республика, Селтинский район, п. Селты, ул. Юбилейная, д. 3, (34159) 3-18-40","2020-12-31"
"1685/23","2008-09-18","2020-09-18","система защиты информации от несанкционированного доступа «Dallas Lock 7.5» РКДН.00004-01","Соответствует требованиям документов: РД НДВ(2), РД СВТ(3), ТУ","1","ООО «ЦБИ»","АО «Лаборатория ППШ»","Администрация Камбарского района Удмуртской Республики","427950, Удмуртская Республика, г. Камбарка, ул. Советская, д. 18, (34153) 3-0724","2020-12-31"
"1685/25","2008-09-18","2020-09-18","система защиты информации от несанкционированного доступа «Dallas Lock 7.5» РКДН.00004-01","Соответствует требованиям документов: РД НДВ(2), РД СВТ(3), ТУ","23","ООО «ЦБИ»","АО «Лаборатория ППШ»","АО «Уральский электрохимический комбинат»","624130, Свердловская обл., г. Новоуральск, ул. Дзержинского, д. 2, 8 (3437) 09-9580","2020-12-31"
"1685/26","2018-07-25","2020-09-18","система защиты информации от несанкционированного доступа «Dallas Lock 7.5» РКДН.00004-01","Соответствует требованиям документов: РД НДВ(2), РД СВТ(3), ТУ","1","ООО «ЦБИ»","АО «Лаборатория ППШ»","ФКУ СИЗО-5 УФСИН России по г. Санкт-Петербургу и Ленинградской области","195009, г. Санкт-Петербург, ул. Арсенальная, дом 11, (812) 542-74-14","2020-12-31"
"1688","2008-09-23","2020-09-23","«Цирконий-М» версии 5.22.m","Соответствует требованиям документов: РД НДВ(3)","срок действия продлен для СЗИ, эксплуатируемых на ОИ","ФГУП «СКЦ Росатома»","АО Центр «Атомзащитаинформ»","АО «ФЦНИВТ «СНПО «Элерон»","115563, г. Москва, ул. Генерала Белова, д. 14, (499) 725-0291","2030-12-31"
"1710/2","2009-01-13","2021-01-13","программное обеспечение «Анализатор исходных текстов программ «АК-ВС 1.0»","Соответствует требованиям документов: РД НДВ(4)","1","ЗАО «НПП «БИТ»","ФАУ «ГНИИИ ПТЗИ ФСТЭК России»","ФАУ «ГНИИИ ПТЗИ ФСТЭК России»","394030, г. Воронеж, ул. Студенческая, д. 36, (473) 253-2476, (473) 257-9257",""
"1716","2008-11-17","2020-11-17","межсетевой экран Cisco серии PIX515E","Соответствует требованиям документов: РД МЭ(4)","59","АО «БИТК»","ФСТЭК России","Главное управление безопасности и защиты информации Банка России","107016, г. Москва, ул. Неглинная, д. 12, (495) 771-4261",""
"1835","2009-04-29","2021-04-29","программное обеспечение УПУ тепловозов ТЭМ18Д","Соответствует требованиям документов: РД НДВ(4)","800","ООО «ИБТранс»","ГУП «Российский научно-исследовательский и проектно конструкторский институт информатизации, автоматизации и связи МПС России»","АО «ВНИКТИ»","140402, Московская обл., г. Коломна, ул. Октябрьской революции, д. 410, (496) 618-8218, (496) 618-8283",""
"1868/1","2009-07-03","2021-07-03","специальное программное обеспечение автоматизированной системы управления технологическими процессами безопасности и жизнеобеспечения «АССаД-М5»","Соответствует требованиям документов: РД НДВ(2)","1","#Н/Д","ФАУ «ГНИИИ ПТЗИ ФСТЭК России»","АО «Уральский электрохимический комбинат»","624130, Свердловская обл., г. Новоуральск, ул. Дзержинского, д. 2, 8 (3437) 09-9580",""
"1868/2","2009-07-03","2021-07-03","специальное программное обеспечение автоматизированной системы управления технологическими процессами безопасности и жизнеобеспечения «АССаД-М5»","Соответствует требованиям документов: РД НДВ(2)","1","#Н/Д","ФАУ «ГНИИИ ПТЗИ ФСТЭК России»","ФГУП «ПО «Маяк»","456784, Челябинская обл., г. Озерск, пр-т Ленина, д. 31, (35130) 2-5011",""
"1894/1","2012-08-19","2018-08-19","анализатор уязвимостей НКВД, версия 5.3","Соответствует требованиям документов: РД НДВ(2)","1","ФАУ «ГНИИИ ПТЗИ ФСТЭК России»","ФСТЭК России","ФСКН России","101990, г. Москва, ул. Маросейка, д. 12, (495) 606-96-97",""
"1894/2","2012-10-10","2018-10-10","анализатор уязвимостей НКВД, версия 5.3","Соответствует требованиям документов: РД НДВ(2)","1","ФАУ «ГНИИИ ПТЗИ ФСТЭК России»","ФСТЭК России","Региональное управление ФСКН России по г. СПб и Ленинградской обл.","191036, г. Санкт-Петербург, ул. 2-я Советская, д. 3/7, (812) 717-5022",""
"1894/3","2012-10-22","2018-10-22","анализатор уязвимостей НКВД, версия 5.3","Соответствует требованиям документов: РД НДВ(2)","1","ФАУ «ГНИИИ ПТЗИ ФСТЭК России»","ФСТЭК России","Региональное управление ФСКН России по Хабаровскому краю","680000, г. Хабаровск, ул. Запарина, д. 92, (4212) 79-4814",""
"1894/4","2013-04-08","2019-04-08","анализатор уязвимостей НКВД, версия 5.3","Соответствует требованиям документов: РД НДВ(2)","1","ФАУ «ГНИИИ ПТЗИ ФСТЭК России»","ФСТЭК России","Региональное управление ФСКН России по Нижегородской области","603006, г. Нижний Новгород, пл. Свободы, д. 1б, (831) 419-24-01",""
"1905/1","2009-09-10","2018-09-10","Континент версии 3.5","Соответствует требованиям документов: РД МЭ(3), РД НДВ(3), ТУ","6","АО «НПО «Эшелон»","АО «Лаборатория ППШ»","УФК по Кемеровской области - Кузбассу","650993, г. Кемерово, ул. Мичурина, дом 54, (3842) 58-6086, (3842) 71-9005",""
"1905/2","2009-09-10","2018-09-10","Континент версии 3.5","Соответствует требованиям документов: РД МЭ(3), РД НДВ(3), ТУ","1","АО «НПО «Эшелон»","ООО «РосИнтеграция»","ОАО «Кубанская энергосбытовая компания»","350000, г. Краснодар, ул. Гимназическая, д. 55/1, (861) 299-0731",""
"1905/3","2009-09-10","2018-09-10","Континент версии 3.5","Соответствует требованиям документов: РД МЭ(3), РД НДВ(3)","1","Обособленное подразделение АО «Фирма НТЦ КАМИ» в г. Ярославле","АО «Лаборатория ППШ»","Администрация муниципального образования «Город Архангельск»","163000, г. Архангельск, пл. Ленина, д. 5, (8182) 60-7164",""
"1905/4","2009-09-10","2018-09-10","Континент версии 3.5","Соответствует требованиям документов: РД МЭ(3), РД НДВ(3)","2726","АО «НПО «Эшелон»","АО «Лаборатория ППШ»","Федеральное казначейство","109097, г. Москва, ул. Ильинка, д. 7, (495) 214‑7661",""
"1961/1","2009-12-03","2018-12-03","ПО усиления функций безопасности операционных систем Microsoft Windows – eToken Network Logon 5","Соответствует требованиям документов: ЗБ, РД НДВ(4), РД БИТ(ОУД2)","1","Обособленное подразделение АО «Фирма НТЦ КАМИ» в г. Ярославле","ФАУ «ГНИИИ ПТЗИ ФСТЭК России»","Администрация муниципального образования «Город Архангельск»","163000, г. Архангельск, пл. Ленина, д. 5, (8182) 60-7164",""
"1967","2009-12-07","2023-12-07","программно-аппаратный комплекс «Соболь». Версия 3.0","Соответствует требованиям документов: Требования к СДЗ, Профиль защиты СДЗ(платы расширения второго класса защиты. ИТ.СДЗ.ПР2.ПЗ)","серия","АО «НПО «Эшелон»","ООО «ЦБИ»","ООО «Код Безопасности»","129515, г. Москва, вн.тер.г. Муниципальный округ Останкинский, ул. Академика Королева, д. 13, стр. 1, пом. 13/8, (495) 982-3020","2027-12-31"
"1997","2009-12-25","2018-12-25","АСУПМ","Соответствует требованиям документов: ТУ","20100","ООО Группа компаний «Рубеж-92»","АО «БИТК»","ООО «Фирма «АРТИ»","129085, г. Москва, пр. Мира, д. 101В, стр. 2, (495) 118-2836","2029-12-31"
"2006","2010-01-12","2024-01-12","Эксклюзивная голографическая фольга горячего тиснения, выполненная на основе оптико-химических технологий «ВИЗА»","Соответствует требованиям документов: РД СЗЗ(8)","серия","АО «БИТК»","ФСТЭК России","ФГУП «НТЦ «Атлас»","127018, Москва, ул. Образцова, д. 38, (495) 689-4457",""
"2031","2010-02-03","2019-02-03","Трафарет 2.0","Соответствует требованиям документов: РД НДВ(4), ТУ","серия","АО «Лаборатория ППШ»","АО «БИТК»","ООО «Ленспецпроизводство»","199178, г. Санкт-Петербург, наб. реки Смоленки, д. 25, лит. Е, оф. 134, (812) 309-6170","2028-02-12"
"2053","2010-03-16","2019-03-16","программа расчета и сравнения контрольных сумм, поиска различий в текстовых файлах и бинарных модулях форматов PE, ELF «РСП-Контроль» (версия 1.1.2)","Соответствует требованиям документов: РД НДВ(4), ТУ","серия","ЗАО ГИЦ ПС ВТ","АО «БИТК»","ООО ЦРИОИТ","170023, г. Тверь, ул. Ржевская, дом 10, (4822) 44-3820","2027-07-01"
"2062","2010-03-29","2019-03-29","КСЗ ППО АИС ЭТЗП","Соответствует требованиям документов: ТУ","1","ООО «ЦБИ»","ФАУ «ГНИИИ ПТЗИ ФСТЭК России»","ОАО «РЖД»","107174, г. Москва, вн.тер. г. муниципальный округ Басманный, ул. Новая Басманная, д. 2/1, стр. 1, (499) 262-1474",""
"2094","2010-05-18","2019-05-18","ЦКС (ЦС) АРЧМ","Соответствует требованиям документов: РД НДВ(4)","6","ОАО «Системный оператор Единой энергетической системы»","ООО «ЦБИ»","ОАО «Системный оператор Единой энергетической системы»","109074, г. Москва, Китайгородский проезд, д. 7, стр. 3, (495) 627-8355",""
"2130","2010-07-08","2019-07-08","Diamond ACS","Соответствует требованиям документов: РД НДВ(2), РД СВТ(3), ТУ","серия","АО «БИТК»","ФАУ «ГНИИИ ПТЗИ ФСТЭК России»","ООО «ТСС»","141290, г. Красноармейск, Московская область, Чкалова ул., д. 8, пом. 9,, (495) 120-1284","2044-07-08"
"2141","2010-07-23","2019-07-23","Межсетевой экран ССПТ-2 версии 1.3","Соответствует требованиям документов: РД МЭ(3), РД НДВ(3), ТУ","серия","ООО «ЦБИ»","ФАУ «ГНИИИ ПТЗИ ФСТЭК России»","ООО «НПО «ФРАКТЕЛ»","194295, г. Санкт-Петербург, проспект Художников, дом 33, корп. 1, лит. А, пом. 2-Н, (812) 406-8392","2027-12-31"
"2142","2010-07-27","2019-07-27","Cisco ASA 5520","Соответствует требованиям документов: РД МЭ(4), ТУ","27","АО «Газпроектинжиниринг»","ООО «НИИ СОКБ»","ООО «Газпром информ»","117447, г. Москва, ул. Большая Черемушкинская, д. 13, стр. 3, (499) 580-1022",""
"2144/1","2010-07-29","2019-07-29","DeviceLock 6.4.1","Соответствует требованиям документов: ЗБ, РД НДВ(4), РД БИТ(ОУД2)","1","Екатеринбургский НТЦ ФГУП «НПП «Гамма»","ФСТЭК России","АО «ЧМЗ»","427620, Удмуртская Республика, г. Глазов, ул. Белова, д. 7, (34141) 3-60-70",""
"2152","2010-08-10","2019-08-10","система электронного документооборота «ИВК БюрократЪ™»","Соответствует требованиям документов: РД НДВ(2)","серия","АО «НПО «Эшелон»","ООО «ЦБИ»","АО «ИВК»","129110, г. Москва, ул. Гиляровского, д. 57, стр. 1, комн. 73, (495) 221-6580",""
"2159","2010-08-17","2019-08-17","cпециальное программное обеспечение «Лазурит-Дельта»","Соответствует требованиям документов: НМД по ТЗИ ВОСП-2005, РД НДВ(3), ТУ","50","АО «БИТК»","ФАУ «ГНИИИ ПТЗИ ФСТЭК России»","ООО «ЦБИ «МАСКОМ»","129090, г. Москва, вн.рер.г. муниципальный округ Красносельский, пер. Живарев, д. 8, стр. 3, помещ. 1/5, (495) 136-4010","бессрочно"
"2188/1","2010-10-21","2019-10-21","Аура","Соответствует требованиям документов: РД НДВ(2), РД СВТ(3), ТУ","8","#Н/Д","АО «БИТК»","Юго-Восточная железная дорога – филиал ОАО «РЖД»","394036, г. Воронеж, пр. Революции, д. 18, (473) 265-6329, 265-4915",""
"2202","2010-11-09","2020-11-09","маршрутизатор Cisco 3925 с версией программного обеспечения Cisco IOS Software (C3900-UNIVERSALK9_NPE-M), Version 15.0(1)M2","Соответствует требованиям документов: РД МЭ(3)","2","АО «ДОКУМЕНТАЛЬНЫЕ СИСТЕМЫ»","АО «Лаборатория ППШ»","ФГКУ «Федеральный центр информатизации при Центральной избирательной комиссии Российской Федерации»","109012, г. Москва, Большой Черкасский переулок, д. 9, (495) 606-8041",""
"2203","2010-11-09","2020-11-09","маршрутизатор Cisco 2911 с установленным программным обеспечением Cisco IOS Software (C2900-UNIVERSALK9_NPE-M), Version 15.0(1)M2","Соответствует требованиям документов: РД МЭ(4)","101","АО «ДОКУМЕНТАЛЬНЫЕ СИСТЕМЫ»","АО «Лаборатория ППШ»","ФГКУ «Федеральный центр информатизации при Центральной избирательной комиссии Российской Федерации»","109012, г. Москва, Большой Черкасский переулок, д. 9, (495) 606-8041",""
"2204","2010-11-13","2029-11-13","программный комплекс «Средство анализа защищенности «Сканер-ВС»","Соответствует требованиям документов: Требования доверия(4), ТУ","серия","АНО «Институт инженерной физики»","ООО «ЦБИ»","АО «НПО «Эшелон»","107023, г. Москва, ул. Электрозаводская, д. 24, стр. 1, (495) 223-2392","2030-11-13"
"2210","2010-11-22","2020-11-22","маршрутизатор Cisco 3925 с установленным программным обеспечением Cisco IOS версии 15.0(1)M2, выпуск (fc2)","Соответствует требованиям документов: РД МЭ(4)","1","АО «ДОКУМЕНТАЛЬНЫЕ СИСТЕМЫ»","АО «БИТК»","ФГКУ «Федеральный центр информатизации при Центральной избирательной комиссии Российской Федерации»","109012, г. Москва, Большой Черкасский переулок, д. 9, (495) 606-8041",""
"2211","2010-11-22","2020-11-22","маршрутизатор Cisco 2911 с установленным программным обеспечением Cisco IOS версии 15.0(1)M2, выпуск (fc2)","Соответствует требованиям документов: РД МЭ(4)","12","АО «ДОКУМЕНТАЛЬНЫЕ СИСТЕМЫ»","АО «БИТК»","ФГКУ «Федеральный центр информатизации при Центральной избирательной комиссии Российской Федерации»","109012, г. Москва, Большой Черкасский переулок, д. 9, (495) 606-8041",""
"2227","2010-12-03","2019-12-03","средство защиты информации Secret Net 6 (Вариант К)","4 уровню контроля отсутствия НДВ, по 5 классу защищенности для СВТ","срок действия продлен для СЗИ, эксплуатируемых на ОИ","АО «НПО «Эшелон»","ФАУ «ГНИИИ ПТЗИ ФСТЭК России»","ООО «Код Безопасности»","129515, г. Москва, вн.тер.г. Муниципальный округ Останкинский, ул. Академика Королева, д. 13, стр. 1, пом. 13/8, (495) 982-3020","2019-12-03"
"2233/1","2010-12-17","2019-12-17","программное обеспечение Cisco IOS версии 15.0(1)М1 для маршрутизаторов Cisco 2911","Соответствует требованиям документов: РД МЭ(4)","67","АО «ДОКУМЕНТАЛЬНЫЕ СИСТЕМЫ»","АО «БИТК»","ФГКУ «Федеральный центр информатизации при Центральной избирательной комиссии Российской Федерации»","109012, г. Москва, Большой Черкасский переулок, д. 9, (495) 606-8041",""
"2234/1","2010-12-17","2019-12-17","программное обеспечение Cisco IOS версии 15.0(1)М1 для маршрутизаторов Cisco 3925","Соответствует требованиям документов: РД МЭ(4)","3","АО «ДОКУМЕНТАЛЬНЫЕ СИСТЕМЫ»","АО «БИТК»","ФГКУ «Федеральный центр информатизации при Центральной избирательной комиссии Российской Федерации»","109012, г. Москва, Большой Черкасский переулок, д. 9, (495) 606-8041",""
"2238","2010-12-23","2019-12-23","Oracle Identity Access Management Suite","программное обеспечение Oracle Enterprise Identity  Suite 11g  -  по 4 уровню РД НДВ и на ТУ","200","ЗАО ГИЦ ПС ВТ","ФАУ «ГНИИИ ПТЗИ ФСТЭК России»","ООО «ФОРС-Центр разработки»","129272, г. Москва, Трифоновский тупик, д. 3, (495) 787-7040","2019-12-23"
"2239/1","2010-12-24","2019-12-24","ACCORD-2005","Соответствует требованиям документов: РД НДВ(2)","2","ФГУП «ПО «Маяк»","ФАУ «ГНИИИ ПТЗИ ФСТЭК России»","ФГУП «ПО «Маяк»","456784, Челябинская обл., г. Озерск, пр-т Ленина, д. 31, (35130) 2-5011",""
"2241","2010-12-28","2019-12-28","встроенные средства защиты информации программного комплекса СБиС++, версия 2","Соответствует требованиям документов: РД НДВ(4), РД СВТ(5), ТУ","серия","ЗАО ГИЦ ПС ВТ","АО «Лаборатория ППШ»","ООО «Компания «Тензор»","150001, Ярославская область, г. Ярославль, Московский проспект, д. 12, (4852) 26-2000","бессрочно"
"2248","2011-01-13","2020-01-13","Cisco PIX 5хх","Соответствует требованиям документов: РД МЭ(4)","51","АО «БИТК»","ФСТЭК России","Департамент информатизации и телекоммуникаций Банка России","107016, г. Москва, ул. Неглинная, д. 12, (495) 753-9055",""
"2249","2011-01-13","2020-01-13","Cisco ASA 55хх","Соответствует требованиям документов: РД МЭ(4)","62","АО «БИТК»","ФСТЭК России","Департамент информатизации и телекоммуникаций Банка России","107016, г. Москва, ул. Неглинная, д. 12, (495) 753-9055",""
"2250","2011-01-13","2020-01-13","сервисный модуль Cisco FWSM с операционной системой версии 4.1(2)","Соответствует требованиям документов: РД МЭ(4)","19","АО «БИТК»","ФСТЭК России","Департамент информатизации и телекоммуникаций Банка России","107016, г. Москва, ул. Неглинная, д. 12, (495) 753-9055",""
"2251","2011-01-13","2020-01-13","Cisco 2801","Соответствует требованиям документов: РД МЭ(4)","5","АО «БИТК»","ФСТЭК России","Департамент информатизации и телекоммуникаций Банка России","107016, г. Москва, ул. Неглинная, д. 12, (495) 753-9055",""
"2260","2011-01-21","2020-01-21","многофункциональный комплекс сетевой защиты «Diamond VPN/FW»","Соответствует требованиям документов: РД МЭ(2), РД НДВ(2), РД СВТ(3), ТУ","210","АО «БИТК»","ФАУ «ГНИИИ ПТЗИ ФСТЭК России»","ООО «ТСС»","141290, г. Красноармейск, Московская область, Чкалова ул., д. 8, пом. 9,, (495) 120-1284","2021-01-21"
"2279","2011-02-17","Бессрочно","встроенное прикладное программное обеспечение КОИБ-2010 (ВППО КОИБ 2010)","Соответствует требованиям документов: РД НДВ(4)","14620","ООО «ЦБИ»","ФСТЭК России","ЗАО «КРОК инкорпорейтед»","109147, Москва, Волочаевская ул., д. 5, корп. 1, (495) 974-2274",""
"2280","2011-02-21","2020-02-21","Программное обеспечение SAP R/3 Enterprise 4.7","Соответствует требованиям документов: Профили защиты СОВ(cети третьего класса защиты. ИТ.СОВ.С3.ПЗ), ЗБ","3","ООО «ЦБИ»","ФАУ «ГНИИИ ПТЗИ ФСТЭК России»","ОАО «РЖД»","107174, г. Москва, вн.тер. г. муниципальный округ Басманный, ул. Новая Басманная, д. 2/1, стр. 1, (499) 262-1474",""
"2297","2011-03-15","2020-03-15","система разграничения доступа к функциям администрирования автоматических телефонных станций для АТС «HUAWEI C&08»","Соответствует требованиям документов: РД СВТ(6)","2","Санкт-Петербургский НТЦ ФГУП «НПП «Гамма»","ООО «ЦБИ»","Санкт-Петербургское государственное унитарное предприятие «Автоматическая телефонная станция Смольного»","None",""
"2299","2011-03-16","2020-03-16","FM-140","Соответствует требованиям документов: ТУ","срок действия продлен для СЗИ, эксплуатируемых на ОИ","АО «СИНКЛИТ»","ЗАО «НПП «БИТ»","АО «Проминформ»","614000, Пермский край, г. Пермь, ул. Газеты Звезда, дом 24А, (342) 212-3508, (342) 212-35-94",""
"2308","2011-03-28","2030-03-28","cредство защиты информации «vGate R2»","Соответствует требованиям документов: Требования доверия(4), Требования к МЭ, Профиль защиты МЭ(Б четвертого класса защиты. ИТ.МЭ.Б4.ПЗ), РД СВТ(5)","серия","АО «НПО «Эшелон»","АО «БИТК»","ООО «Код Безопасности»","129515, г. Москва, вн.тер.г. Муниципальный округ Останкинский, ул. Академика Королева, д. 13, стр. 1, пом. 13/8, (495) 982-3020",""
"2309","2011-03-28","2022-03-28","программное средство «Единая образовательная сеть Дневник.ру","Соответствует требованиям документов: РД СВТ(5)","1","Санкт-Петербургский филиал ФГУП «ЗащитаИнфоТранс»","АО «Лаборатория ППШ»","ООО «Дневник.ру»","197101, г. Санкт-Петербург, Петроградская наб., д. 36А, оф. 309, 310, (812) 490-7033",""
"2338","2011-05-20","2020-05-20","аппаратно-программный комплекс «ДИОД 0.1»","Соответствует требованиям документов: РД НДВ(3), ТУ","серия","ООО «ЦБИ»","ФАУ «ГНИИИ ПТЗИ ФСТЭК России»","ООО «ЦБИ»","141090, Московская область, г. Королев, микрорайон Юбилейный, ул. Ленинская, д. 11, (495) 543-3060","2030-05-20"
"2343","2011-05-25","2020-05-25","маршрутизатор Cisco 2911 с установленным программным обеспечением Cisco IOS Software (C2900-UNIVERSALK9-M), Version 15.0(1)M4, RELEASE SOFTWARE (fc1)","Соответствует требованиям документов: РД МЭ(4)","74","АО «ДОКУМЕНТАЛЬНЫЕ СИСТЕМЫ»","АО «Лаборатория ППШ»","ФГКУ «Федеральный центр информатизации при Центральной избирательной комиссии Российской Федерации»","109012, г. Москва, Большой Черкасский переулок, д. 9, (495) 606-8041",""
"2383","2011-07-12","2020-07-12","средство защиты информации «vGate-S R2»","Соответствует требованиям документов: РД НДВ(2), ТУ","серия","АО «НПО «Эшелон»","АО «БИТК»","ООО «Код Безопасности»","129515, г. Москва, вн.тер.г. Муниципальный округ Останкинский, ул. Академика Королева, д. 13, стр. 1, пом. 13/8, (495) 982-3020","2030-12-31"
"2388","2011-08-01","2020-08-01","МПСУиД для электровоза 2ЭС6","Соответствует требованиям документов: РД НДВ(4)","серия","ООО «ИБТранс»","АО «НИИАС»","ООО «НПО САУТ»","620027, г. Екатеринбург, ул. Челюскинцев, д. 15, оф. 220, (343) 358-4181","2059-12-31"
"2389","2011-08-01","2020-08-01","МПСУиД для электровоза 2ЭС10","Соответствует требованиям документов: РД НДВ(4)","серия","ООО «ИБТранс»","АО «НИИАС»","ООО «НПО САУТ»","620027, г. Екатеринбург, ул. Челюскинцев, д. 15, оф. 220, (343) 358-4181","2059-12-31"
"2391","2011-08-03","2020-08-03","Маршрутизатор Cisco 2911 с установленным программным обеспечением Cisco IOS версии 15.1(3)T1","Соответствует требованиям документов: РД МЭ(4)","15","АО «ДОКУМЕНТАЛЬНЫЕ СИСТЕМЫ»","АО «Лаборатория ППШ»","ФГКУ «Федеральный центр информатизации при Центральной избирательной комиссии Российской Федерации»","109012, г. Москва, Большой Черкасский переулок, д. 9, (495) 606-8041",""
"2392","2011-08-03","2020-08-03","маршрутизатор Cisco 3925 с установленным программным обеспечением Cisco IOS версии 15.1(3)Т1","Соответствует требованиям документов: РД МЭ(4)","1","АО «ДОКУМЕНТАЛЬНЫЕ СИСТЕМЫ»","АО «Лаборатория ППШ»","ФГКУ «Федеральный центр информатизации при Центральной избирательной комиссии Российской Федерации»","109012, г. Москва, Большой Черкасский переулок, д. 9, (495) 606-8041",""
"2393","2011-08-03","2020-08-03","маршрутизатор Cisco 3925 с установленным программным обеспечением Cisco IOS версии 15.1(3)Т1","Соответствует требованиям документов: РД МЭ(4)","1","АО «ДОКУМЕНТАЛЬНЫЕ СИСТЕМЫ»","АО «Лаборатория ППШ»","ФГКУ «Федеральный центр информатизации при Центральной избирательной комиссии Российской Федерации»","109012, г. Москва, Большой Черкасский переулок, д. 9, (495) 606-8041",""
"2394","2011-08-03","2020-08-03","Маршрутизатор Cisco 2911 с установленным программным обеспечением Cisco IOS версии 15.1(3)T1","Соответствует требованиям документов: РД МЭ(4)","49","АО «ДОКУМЕНТАЛЬНЫЕ СИСТЕМЫ»","АО «Лаборатория ППШ»","ФГКУ «Федеральный центр информатизации при Центральной избирательной комиссии Российской Федерации»","109012, г. Москва, Большой Черкасский переулок, д. 9, (495) 606-8041",""
"2397","2011-08-09","2020-08-09","Устройство защиты «МП-5»","Соответствует требованиям документов: ТУ","серия","АО «БИТК»","ООО «ЦБИ»","ООО «Реном»","125438, г. Москва, ул. Автомоторная, д. 7, (495) 454-1159","2026-12-31"
"2398","2011-08-10","2020-08-10","программно-аппаратный комплекс средств защиты информации от несанкционированного доступа «Аккорд-Win32»","Соответствует требованиям документов: РД НДВ(2), РД СВТ(3), ТУ","серия","АО «БИТК»","АО «Лаборатория ППШ»","АО «ОКБ САПР»","115114, г. Москва, 2-й Кожевнический переулок, д. 12, эт. 2, пом. I, ком. 21, (495) 994-7262","2030-08-10"
"2400","2011-08-11","2020-08-11","программно-аппаратный комплекс средств защиты информации от несанкционированного доступа «Аккорд-Win64»","Соответствует требованиям документов: РД НДВ(2), РД СВТ(3), ТУ","серия","АО «БИТК»","АО «Лаборатория ППШ»","АО «ОКБ САПР»","115114, г. Москва, 2-й Кожевнический переулок, д. 12, эт. 2, пом. I, ком. 21, (495) 994-7262","2030-08-11"
"2409","2011-08-16","2020-08-16","межсетевой экран с расширенной функциональностью, коммуникационный центр «ИВК Кольчуга-К тм»","Соответствует требованиям документов: РД МЭ(4), РД НДВ(4)","срок действия продлен для СЗИ, эксплуатируемых на ОИ","АО «ЦБИ-сервис»","ФАУ «ГНИИИ ПТЗИ ФСТЭК России»","АО «ИВК»","129110, г. Москва, ул. Гиляровского, д. 57, стр. 1, комн. 73, (495) 221-6580",""
"2410","2011-08-17","2020-08-17","ИВК КОЛЬЧУГА","Соответствует требованиям документов: РД НДВ(2), РД СВТ(2)","срок действия продлен для СЗИ, эксплуатируемых на ОИ","АО «ЦБИ-сервис»","ФАУ «ГНИИИ ПТЗИ ФСТЭК России»","АО «ИВК»","129110, г. Москва, ул. Гиляровского, д. 57, стр. 1, комн. 73, (495) 221-6580",""
"2414","2011-08-22","2020-08-22","программный комплекс «Программное обеспечение системы Biolink IDenium»","Соответствует требованиям документов: РД НДВ(4)","серия","ЗАО «НПП «БИТ»","ФАУ «ГНИИИ ПТЗИ ФСТЭК России»","ООО «Биолинк Солюшенс»","125493. г. Москва, ул. Авангардная, д. 3, офис 2407, (495) 645-8703, (499) 281-69-35","бессрочно"
"2416","2011-08-24","2020-08-24","программное обеспечение Cisco IOS IP Voice версии 12.4(1a) для маршрутизатора Cisco 1760 V","Соответствует требованиям документов: РД МЭ(4)","95","ООО «ЦБИ»","ФСТЭК России","ФГКУ «Федеральный центр информатизации при Центральной избирательной комиссии Российской Федерации»","109012, г. Москва, Большой Черкасский переулок, д. 9, (495) 606-8041",""
"2437","2011-09-13","2020-09-13","Сфера","Соответствует требованиям документов: РД НДВ(4), РД СВТ(5)","150","АО «ДОКУМЕНТАЛЬНЫЕ СИСТЕМЫ»","ФАУ «ГНИИИ ПТЗИ ФСТЭК России»","ООО «Фирма «Новые информационные технологии в авиации»","188643, Всеволожский район, г. Всеволожск, Всеволожский пр., д. 41, офис 3, (812) 704-1813",""
"2456/1","2011-09-30","2020-09-30","FortiGate-60C","Соответствует требованиям документов: РД МЭ(4), ТУ","1","#Н/Д","","ФКУ «ГИАЦ МВД России»","117418, г. Москва, ул. Новочеремушкинская, д. 67, (495) 332-31-77",""
"2461","2011-10-10","2020-10-10","Программный комплекс управления и контроля средствами активной защиты «Паук 1.1»","Соответствует требованиям документов: РД НДВ(3), ТУ","1","ФАУ «ГНИИИ ПТЗИ ФСТЭК России»","","АО «Информационные спутниковые системы» имени академика М.Ф. Решетнева»","662972, Красноярский край, г. Железногорск, ул. Ленина, д. 52, (3919) 76-40-02, 72-24-39",""
"2462","2011-10-10","2020-10-10","программа анализа локальных зон разведдоступности  для средств радио- и радиотехнической разведки «Пазл-РТ 1.1»","Соответствует требованиям документов: РД НДВ(3), ТУ","1","ФАУ «ГНИИИ ПТЗИ ФСТЭК России»","ФСТЭК России","АО «Информационные спутниковые системы» имени академика М.Ф. Решетнева»","662972, Красноярский край, г. Железногорск, ул. Ленина, д. 52, (3919) 76-40-02, 72-24-39",""
"2474","2011-10-24","2030-10-24","программное изделие «Kaspersky Web Traffic Security»","Соответствует требованиям документов: Требования доверия(2), Требования доверия(4), Профиль защиты САВЗ(Б второго класса защиты. ИТ.САВЗ.Б2.ПЗ), Профиль защиты САВЗ(Б четвертого класса защиты. ИТ.САВЗ.Б4.ПЗ), ЗБ","серия","ЗАО «ВИВОСС и ОИ»","ФАУ «ГНИИИ ПТЗИ ФСТЭК России»","АО «Лаборатория Касперского»","125212, г. Москва, Ленинградское шоссе, д. 39А, стр. 2, (495) 797-8700","2030-10-24"
"2484","2011-11-18","2018-12-31","программное изделие Антивирус Касперского 8.0 для Windows Servers Enterprise Edition","Соответствует требованиям документов: РД НДВ(2), ТУ","срок действия продлен для СЗИ, эксплуатируемых на ОИ","ЗАО «ВИВОСС и ОИ»","АО «НПО «Эшелон»","АО «Лаборатория Касперского»","125212, г. Москва, Ленинградское шоссе, д. 39А, стр. 2, (495) 797-8700",""
"2487","2011-11-23","2020-11-23","аппаратно-программный комплекс обнаружения компьютерных атак «Аргус», версия 1.5»","Соответствует требованиям документов: РД НДВ(4), ТУ","серия","ООО «ЦБИ»","ФАУ «ГНИИИ ПТЗИ ФСТЭК России»","ООО «Центр Специальной Системотехники»","127521, г. Москва, ул. Октябрьская, д. 72, (495) 978-6620","2025-12-31"
"2503","2011-11-07","2030-11-07","Комплекс контроля эффективности защиты речевой информации от утечки по акустическим и акустоэлектрическим каналам «Смарт»","Соответствует требованиям документов: ТУ, Методика АЭП-2018, Методика АВАК-2022","серия","ФГУП «Гостехстрой»","АО «БИТК»","ООО «НТЦ «ИРБИС»","394055, Воронежская область, г. Воронеж, ул. Моисеева, дом 37, помещение 1/9, (473) 229-9981

(473) 210-6640","2030-11-07"
"2504","2011-12-12","2020-12-12","межсетевой экран Cisco серии PIX5XX","Соответствует требованиям документов: РД МЭ(4)","18","АО «БИТК»","ФСТЭК России","Главное управление безопасности и защиты информации Банка России","107016, г. Москва, ул. Неглинная, д. 12, (495) 771-4261",""
"2512","2011-12-20","2020-12-20","маршрутизатор Cisco 7206","Соответствует требованиям документов: РД МЭ(4)","2","АО «БИТК»","ФСТЭК России","Главное управление безопасности и защиты информации Банка России","107016, г. Москва, ул. Неглинная, д. 12, (495) 771-4261",""
"2513","2011-12-20","2020-12-20","маршрутизатор Cisco 2801/2811","Соответствует требованиям документов: РД МЭ(4)","24","АО «БИТК»","ФСТЭК России","Главное управление безопасности и защиты информации Банка России","107016, г. Москва, ул. Неглинная, д. 12, (495) 771-4261",""
"2514","2011-12-20","2020-12-20","маршрутизатор Cisco 3745","Соответствует требованиям документов: РД МЭ(4)","2","АО «БИТК»","ФСТЭК России","Главное управление безопасности и защиты информации Банка России","107016, г. Москва, ул. Неглинная, д. 12, (495) 771-4261",""
"2515","2011-12-20","2020-12-20","маршрутизатор Cisco 3640","Соответствует требованиям документов: РД МЭ(4)","1","АО «БИТК»","ФСТЭК России","Главное управление безопасности и защиты информации Банка России","107016, г. Москва, ул. Неглинная, д. 12, (495) 771-4261",""
"2516","2011-12-20","2020-12-20","маршрутизатор Cisco 3825/3845","Соответствует требованиям документов: РД МЭ(4)","5","АО «БИТК»","ФСТЭК России","Главное управление безопасности и защиты информации Банка России","107016, г. Москва, ул. Неглинная, д. 12, (495) 771-4261",""
"2527","2011-12-26","2020-12-26","система защиты информации от несанкционированного доступа «Аура 1.2.4»","Соответствует требованиям документов: РД НДВ(4), РД СВТ(5)","серия","АО «ЦБИ-сервис»","АО «НПО «Эшелон»","СПб ФИЦ РАН","199178, г. Санкт–Петербург, 14 линия, д. 39, (812) 328-3311","2028-12-31"
"2534","2011-12-27","2030-12-27","программное изделие Kaspersky Endpoint Security для Linux","Соответствует требованиям документов: Требования доверия(2), Требования к САВЗ, Профиль защиты САВЗ(Б второго класса защиты. ИТ.САВЗ.Б2.ПЗ), Профиль защиты САВЗ(В второго класса защиты. ИТ.САВЗ.В2.ПЗ), Профиль защиты САВЗ(Г второго класса защиты. ИТ.САВЗ.Г2.ПЗ), Требования к СКН, Профиль защиты СКН(контроля подключения съемных машинных носителей информации второго класса защиты. ИТ.СКН.П2.ПЗ)","серия","ЗАО «ВИВОСС и ОИ»","АО «НПО «Эшелон»","АО «Лаборатория Касперского»","125212, г. Москва, Ленинградское шоссе, д. 39А, стр. 2, (495) 797-8700","2030-12-27"
"2539","2011-12-28","2020-12-28","системное программное обеспечение для электронных идентификаторов Guardant ID","Соответствует требованиям документов: Требования доверия(2)","серия","ООО «ЦБИ»","ФСТЭК России","АО «Актив-софт»","115088, г. Москва, ул. Шарикоподшипниковская, д. 1, этаж 4, пом. IX, комн. 11, (495) 925-7790","2026-12-28"
"2542/1","2011-12-30","2020-12-30","Aladdin TSM","Соответствует требованиям документов: РД НДВ(3), ТУ","1263","АО «ДОКУМЕНТАЛЬНЫЕ СИСТЕМЫ»","АО «Лаборатория ППШ»","МИАЦ Калининградской области","Клиническая ул., д. 74, г. Калининград, 236016, (4012) 536-384",""
"2557","2012-01-27","2031-01-27","операционная система специального назначения «Astra Linux Special Edition»","Соответствует требованиям документов: Требования доверия(1), Требования доверия(2), Требования к ОС, Профиль защиты ОС(А первого класса защиты. ИТ.ОС.А1.ПЗ), Профиль защиты ОС(А второго класса защиты. ИТ.ОС.А2.ПЗ), Профиль защиты ОС(А четвертого класса защиты. ИТ.ОС.А4.ПЗ), ТУ, Требования к средствам контейнеризации(1), Требования к СУБД(1), Требования к средствам виртуализации(1)","серия","АО «НПО «Эшелон»","ФАУ «ГНИИИ ПТЗИ ФСТЭК России»","ООО «РусБИТех-Астра»","117105, г. Москва, Варшавское шоссе, д. 26, стр. 11, (495) 369-4816","2050-12-31"
"2574","2012-02-17","2026-02-17","Межсетевой экран и система обнаружения вторжений «Рубикон»","Соответствует требованиям документов: Требования доверия(2), Требования к МЭ, Профиль защиты МЭ(А второго класса защиты. ИТ.МЭ.А2.ПЗ), Требования к СОВ, Профили защиты СОВ(cети второго класса защиты. ИТ.СОВ.С2.ПЗ)","серия","ЗАО «КЛИО»","ФАУ «ГНИИИ ПТЗИ ФСТЭК России»","АО «НПО «Эшелон»","107023, г. Москва, ул. Электрозаводская, д. 24, стр. 1, (495) 223-2392","2031-02-17"
"2584","2012-03-12","2021-03-12","программно-аппаратный комплекс аутентификации и хранения ключевой информации «RUTOKEN»","Соответствует требованиям документов: РД НДВ(4), ТУ","серия","АО «НПО «Эшелон»","ООО «ЦБИ»","АО «Актив-софт»","115088, г. Москва, ул. Шарикоподшипниковская, д. 1, этаж 4, пом. IX, комн. 11, (495) 925-7790","2026-03-12"
"2585","2012-03-12","2026-03-12","фильтр сетевой помехоподавляющий «ЛФС-100-3Ф»","Соответствует требованиям документов: Требования к ПСЗ ПЭМИН-2015","серия","АО «БИТК»","ФСТЭК России","ООО «Ленспецпроизводство»","199178, г. Санкт-Петербург, наб. реки Смоленки, д. 25, лит. Е, оф. 134, (812) 309-6170",""
"2589","2012-03-14","2021-03-14","программное обеспечение программно-аппаратного комплекса «Интеллектуальный ключевой носитель информации «Rutoken lite»","Соответствует требованиям документов: РД НДВ(4)","серия","АО «НПО «Эшелон»","ООО «ЦБИ»","АО «Актив-софт»","115088, г. Москва, ул. Шарикоподшипниковская, д. 1, этаж 4, пом. IX, комн. 11, (495) 925-7790","2026-03-14"
"2601","2012-03-22","2026-03-30","система управления базой данных ЛИНТЕР 6.0 (БАСТИОН)","Соответствует требованиям документов: Требования доверия(2), Требования доверия(4), РД СВТ(2), Требования к СУБД(2), Требования к СУБД(4)","серия","ООО «НПО ВС»","ООО «ЦБИ»","АО НПП «РЕЛЭКС»","394006, г. Воронеж, ул. Бахметьева, д. 2Б, офис 801-820, (473) 271-1711","2041-03-22"
"2617","2012-04-16","2021-04-16","коммутатор 3СОМ 7750 с установленным программным обеспечением Switch 7750 Software Version 3.03.00s168r","Соответствует требованиям документов: ТУ","1","АО «Лаборатория ППШ»","ФСТЭК России","АО «КБ «Арсенал»","195009, г. Санкт-Петербург, ул. Комсомола, д. 1-3, литера М, пом. 19-Н, (812) 542-29-73",""
"2634/1","2018-04-18","2021-05-10","Altell NEO версии 1.5","Соответствует требованиям документов: РД МЭ(3), РД НДВ(3), ТУ","1","АО «Лаборатория ППШ»","АО «НПО «Эшелон»","ООО «НПО «Центротех»","624130, Свердлрвская обл., г. Новоуральск, ул. Дзержинского, д. 2, (34370) 54-045",""
"2636","2012-05-14","2026-05-14","генератор акустических и виброакустических помех «Вуаль»","Соответствует требованиям документов: Требования к СВАЗ(2)","серия","ФГУП «Гостехстрой»","АО «БИТК»","ООО «НТЦ «ИРБИС»","394055, Воронежская область, г. Воронеж, ул. Моисеева, дом 37, помещение 1/9, (473) 229-9981

(473) 210-6640","2027-05-14"
"2648/2","2018-06-25","2021-05-31","аппаратно-программный комплекс шифрования «Континент». Версия 3.6","Соответствует требованиям документов: РД МЭ(3), РД НДВ(3)","2","АО «НПО «Эшелон»","АО «БИТК»","УФК по Кемеровской области - Кузбассу","650993, г. Кемерово, ул. Мичурина, дом 54, (3842) 58-6086, (3842) 71-9005","2021-05-31"
"2660","2012-06-21","2021-06-21","программный комплекс «ЭЛАР Саперион» версии 7","Соответствует требованиям документов: РД НДВ(4)","100","ООО «ЦБИ»","АО «НПО «Эшелон»","АО «Электронный архив»","124460, г. Москва, Зеленоград, корп. 1145, НП VII, (916) 903-6086",""
"2676","2012-07-11","2023-07-11","программное обеспечение Symantec SGOS версия 6.x","Соответствует требованиям документов: Требования к МЭ, Профиль защиты МЭ(Г шестого класса защиты. ИТ.МЭ.Г6.ПЗ)","300","АО «НПО «Эшелон»","АО «Лаборатория ППШ»","ООО «Вэб Контрол ДК»","107023, г. Москва, ул. Электрозаводская, д. 24, (495) 925-7794",""
"2688/1","2012-08-01","2021-08-01","система защиты информации от несанкционированного доступа «Доверенная операционная система «Циркон 10С.р2»","Соответствует требованиям документов: РД НДВ(2), РД СВТ(3)","1","АО «СИНКЛИТ»","ФСТЭК России","ПАО «Протон-ПМ»","614010, г. Пермь, Комсомольский пр., д. 93, (342) 211-35-27","2021-08-01"
"2693","2012-08-22","2018-08-22","межсетевой экран Cisco ASA 5510 с установленным программным обеспечением Cisco Adaptive Security Appliance Software Version 8.4(3)","Соответствует требованиям документов: РД МЭ(4)","1","АО «Лаборатория ППШ»","ФСТЭК России","Министерство Финансов Республики Карелия","185028, г. Петрозаводск, пр. Ленина, д. 19, (8142) 71-6400",""
"2695","2012-08-29","2023-08-29","программное обеспечение Cisco IOS IP Voice версии 12.4(1a) для маршрутизатора Cisco 1760 V","Соответствует требованиям документов: РД МЭ(4)","108","ООО «ЦБИ»","ФСТЭК России","ФГКУ «Федеральный центр информатизации при Центральной избирательной комиссии Российской Федерации»","109012, г. Москва, Большой Черкасский переулок, д. 9, (495) 606-8041",""
"2699","2012-08-31","2018-08-31","Тобол-АСБ","Соответствует требованиям документов: РД НДВ(2), ТУ","серия","ФГУП «СКЦ Росатома»","ФАУ «ГНИИИ ПТЗИ ФСТЭК России»","АО «ФЦНИВТ «СНПО «Элерон»","115563, г. Москва, ул. Генерала Белова, д. 14, (499) 725-0291","2026-12-31"
"2707","2012-09-07","2021-09-07","средство защиты информации Secret Net 7","Соответствует требованиям документов: РД НДВ(2), РД СВТ(3), ТУ","серия","АО «НПО «Эшелон»","ФАУ «ГНИИИ ПТЗИ ФСТЭК России»","ООО «Код Безопасности»","129515, г. Москва, вн.тер.г. Муниципальный округ Останкинский, ул. Академика Королева, д. 13, стр. 1, пом. 13/8, (495) 982-3020","2025-12-31"
"2717","2012-09-19","2018-09-19","Встроенная система разграничения доступа к функциям администрирования КС ЦАТС «HiPath 4000» V 3.0","Соответствует требованиям документов: РД СВТ(5)","4","ЗАО «НПП «БИТ»","ФАУ «ГНИИИ ПТЗИ ФСТЭК России»","ООО «Газпром связь»","117997, г. Москва, ул. Наметкина, д. 16, (495) 719-3010",""
"2719","2012-09-21","2023-09-21","программное обеспечение системы «Микропроцессорная централизация EBILock 950»","Соответствует требованиям документов: РД НДВ(4)","1","Санкт-Петербургский филиал ФГУП «ЗащитаИнфоТранс»","АО «НИИАС»","ООО «Бомбардье Транспортейшн (Сигнал)»","129344, г. Москва, ул. Летчика Бабушкина, влад. 1, стр. 2, (495) 925-5370",""
"2720","2012-09-25","2026-09-25","cистема защиты информации от несанкционированного доступа «Dallas Lock 8.0-K»","Соответствует требованиям документов: Требования доверия(4), Требования к МЭ, Профиль защиты МЭ(В четвертого класса защиты. ИТ.МЭ.В4.ПЗ), Требования к СКН, Профиль защиты СКН(контроля отчуждения (переноса) информации со съемных машинных носителей информации четвертого класса защиты. ИТ.СКН.Н4.ПЗ), Профиль защиты СКН(контроля подключения съемных машинных носителей информации четвертого класса защиты. ИТ.СКН.П4.ПЗ), Требования к СОВ, Профили защиты СОВ(узла четвертого класса защиты. ИТ.СОВ.У4.ПЗ), РД СВТ(5)","серия","АО «Лаборатория ППШ»","АО «НПО «Эшелон»","ООО «Конфидент»","192029, г. Санкт-Петербург, пр. Обуховской обороны, д. 51, лит. К, (812) 325-1037","2032-09-25"
"2721","2012-09-25","2018-09-25","Cisco ASA 5520-K8","Соответствует требованиям документов: РД МЭ(4)","2","Санкт-Петербургский филиал ФГУП «ЗащитаИнфоТранс»","ЗАО «НПП «БИТ»","ЗАО «Петроэлектросбыт»","195009, г. Санкт-Петербург, ул. Михайлова, д. 11, (812) 740-6267",""
"2724","2012-09-28","2021-09-20","межсетевой экран Cisco ASA5585-S40-K8 с установленным программным обеспечением Cisco ASA версии 9.6(4)6","Соответствует требованиям документов: Требования к МЭ, Профиль защиты МЭ(А шестого класса защиты. ИТ.МЭ.А6.ПЗ)","2","АО «ДОКУМЕНТАЛЬНЫЕ СИСТЕМЫ»","АО «Лаборатория ППШ»","ЗАО НТЦ «ЛОГИС»","454106, г. Челябинск, Северо Крымская ул., д. 18А, (351) 247 2557",""
"2729","2012-10-08","2028-10-08","система управления базами данных «Ред База Данных»","Соответствует требованиям документов: Требования доверия(4), ТУ, Требования к СУБД(4)","серия","ЗАО ГИЦ ПС ВТ","ООО «ЦБИ»","ООО «РЕД СОФТ»","121205, г. Москва, территория Сколково инновационного центра, ул. Нобеля, д. 5, эт. 2, пом. 4, (495) 285-6268","2030-10-08"
"2733","2012-10-15","2018-10-15","Cisco ASA 5520","Соответствует требованиям документов: РД МЭ(4)","2","Санкт-Петербургский филиал ФГУП «ЗащитаИнфоТранс»","АО «БИТК»","ЗАО «Петроэлектросбыт»","195009, г. Санкт-Петербург, ул. Михайлова, д. 11, (812) 740-6267",""
"2741","2012-10-31","2023-10-31","Программное обеспечение Cisco IOS версии 15.1(4)М3 RELEASE SOFTWARE (fc1) для маршрутизатора Cisco 2911R/K9","Соответствует требованиям документов: РД МЭ(4)","25","ООО «ЦБИ»","ФСТЭК России","ФГКУ «Федеральный центр информатизации при Центральной избирательной комиссии Российской Федерации»","109012, г. Москва, Большой Черкасский переулок, д. 9, (495) 606-8041",""
"2742","2012-10-31","2023-10-31","Программное обеспечение Cisco IOS версии 15.1(4)М4 RELEASE SOFTWARE (fc1) для маршрутизатора Cisco 3925R/K9","Соответствует требованиям документов: РД МЭ(4)","2","ООО «ЦБИ»","ФСТЭК России","ФГКУ «Федеральный центр информатизации при Центральной избирательной комиссии Российской Федерации»","109012, г. Москва, Большой Черкасский переулок, д. 9, (495) 606-8041",""
"2748/1","2012-11-07","2023-11-07","программное обеспечение Cisco IOS версии 15.1(4)М3 для маршрутизаторов Cisco 2911","Соответствует требованиям документов: РД МЭ(4)","31","АО «ДОКУМЕНТАЛЬНЫЕ СИСТЕМЫ»","АО «Лаборатория ППШ»","ФГКУ «Федеральный центр информатизации при Центральной избирательной комиссии Российской Федерации»","109012, г. Москва, Большой Черкасский переулок, д. 9, (495) 606-8041",""
"2755","2012-11-13","2018-11-13","HP 5412 zl","Соответствует требованиям документов: РД МЭ(4)","2","Санкт-Петербургский филиал ФГУП «ЗащитаИнфоТранс»","АО «БИТК»","ЗАО «Петроэлектросбыт»","195009, г. Санкт-Петербург, ул. Михайлова, д. 11, (812) 740-6267",""
"2756/1","2012-11-14","2023-11-14","маршрутизатор Cisco 3925 с установленным программным обеспечением Cisco IOS версии 15.2(2)Т1","Соответствует требованиям документов: РД МЭ(4)","1","АО «ДОКУМЕНТАЛЬНЫЕ СИСТЕМЫ»","АО «Лаборатория ППШ»","ФГКУ «Федеральный центр информатизации при Центральной избирательной комиссии Российской Федерации»","109012, г. Москва, Большой Черкасский переулок, д. 9, (495) 606-8041",""
"2758","2012-11-15","2018-11-15","Cisco ASA 5520","Соответствует требованиям документов: РД МЭ(4)","2","ФГУП «НПП «Гамма»","ФСТЭК России","Администрация Губернатора Красноярского края","660009, г. Красноярск, проспект Мира, д. 110, (391) 249-3026",""
"2768","2012-11-30","2018-11-30","программное обеспечение «Безопасный локомотивный объединенный комплекс БЛОК»","Соответствует требованиям документов: РД НДВ(4)","серия","ООО «ИБТранс»","АО «НИИАС»","ООО «НПО САУТ»","620027, г. Екатеринбург, ул. Челюскинцев, д. 15, оф. 220, (343) 358-4181","2059-12-31"
"2779","2012-12-12","2018-12-12","аналитический комплекс «Прогноз-5»","Соответствует требованиям документов: РД НДВ(3), РД СВТ(4)","200","ООО «ЦБИ»","АО «НПО «Эшелон»","ЗАО «ПРОГНОЗ»","614068, г. Пермь, ул. С. Данщина, д. 5, Телефон: (342) 240-3663",""
"2790","2012-12-18","2028-12-18","средство защиты информации «Secret Net LSP»","Соответствует требованиям документов: Требования доверия(4), Требования к МЭ, Профиль защиты МЭ(В четвертого класса защиты. ИТ.МЭ.В4.ПЗ), Требования к СКН, Профиль защиты СКН(контроля подключения съемных машинных носителей информации четвертого класса защиты. ИТ.СКН.П4.ПЗ), РД СВТ(5)","серия","АО «НПО «Эшелон»","АО «Лаборатория ППШ»","ООО «Код Безопасности»","129515, г. Москва, вн.тер.г. Муниципальный округ Останкинский, ул. Академика Королева, д. 13, стр. 1, пом. 13/8, (495) 982-3020",""
"2802","2013-01-10","2019-01-10","ЦС АРЧМ Кольской ЭС","Соответствует требованиям документов: РД НДВ(4)","1","ЗАО «КЛИО»","ООО «ЦБИ»","ОАО «Системный оператор Единой энергетической системы»","109074, г. Москва, Китайгородский проезд, д. 7, стр. 3, (495) 627-8355",""
"2815","2013-01-16","2019-01-16","маршрутизатор Cisco 2801/2811/2821 с установленным программным обеспечением версии IOS 12.4(25b). 12.4(25f), 12.4(24)Т6 и 15.0(1)M3 (fc2)","Соответствует требованиям документов: РД МЭ(4)","19","АО «БИТК»","ФСТЭК России","Департамент информационных систем Банка России","107016, г. Москва, ул. Неглинная, д. 12, (495) 753-9055",""
"2816","2013-01-16","2019-01-16","Cisco ASA 55ХХ","Соответствует требованиям документов: РД МЭ(4)","176","АО «БИТК»","ФСТЭК России","Департамент информационных систем Банка России","107016, г. Москва, ул. Неглинная, д. 12, (495) 753-9055",""
"2823","2013-01-22","2019-01-22","SafeCopy","Соответствует требованиям документов: РД НДВ(4), ТУ","1","ООО «Газинформсервис»","ООО «НИИ СОКБ»","ООО «Инновационные технологии»","117246, г. Москва, Научный проезд, д. 17, этаж 8, пом. XXIX, (495) 230-3050",""
"2834","2013-12-21","2019-12-21","Служба ППШ","Соответствует требованиям документов: РД НДВ(2), ТУ","серия","АО «Лаборатория ППШ»","АО «НПО «Эшелон»","ООО «Ленспецпроизводство»","199178, г. Санкт-Петербург, наб. реки Смоленки, д. 25, лит. Е, оф. 134, (812) 309-6170","2027-12-21"
"2840","2013-03-13","2029-03-13","программное изделие «Kaspersky Security для Linux Mail Server»","Соответствует требованиям документов: Требования доверия(2), Требования к САВЗ, Профиль защиты САВЗ(Б второго класса защиты. ИТ.САВЗ.Б2.ПЗ), ЗБ","серия","ЗАО «ВИВОСС и ОИ»","АО «НПО «Эшелон»","АО «Лаборатория Касперского»","125212, г. Москва, Ленинградское шоссе, д. 39А, стр. 2, (495) 797-8700","2029-03-13"
"2850","2013-03-20","2019-03-20","общесистемное программное обеспечение «АРМ «ВЕСТА-В»","Соответствует требованиям документов: РД НДВ(2)","серия","АО «НПО «Эшелон»","ФАУ «ГНИИИ ПТЗИ ФСТЭК России»","АО «НПП «Рубин»","440015, Пензенская обл., Пенза, ул. Байдукова, д. 2, (8412) 49-6104","бессрочно"
"2852","2013-03-21","2019-03-21","программно-аппаратный комплекс «Dionis-NX» с версиями программного обеспечения  Dionis-NX R 1.1-0 Mill,  Dionis-NX 1.0-0 Harvest, Dionis-NX C 1.2-0 Hand","Соответствует требованиям документов: РД МЭ(2), РД НДВ(2)","1671","АО «БИТК»","АО «Лаборатория ППШ»","ООО «Фактор-ТС»","123290, г. Москва, 1-й Магистральный проезд, д. 11, стр. 1, эт. 5, пом. I, комн. 4, (495) 644-3130",""
"2854","2013-03-26","2019-03-26","Система оперативно-диспетчерской связи «НАБАТ»","Соответствует требованиям документов: РД НДВ(2)","серия","АО «НПО «Эшелон»","ООО «ЦБИ»","ООО «ЛОТЕС ТМ»","121309, Москва, ул. Барклая, д. 22, стр. 1, (495) 940-9033","2034-03-26"
"2863","2013-04-10","2019-04-10","Cisco ASA 5585","Соответствует требованиям документов: РД МЭ(4)","4","АО «Лаборатория ППШ»","ЗАО «НПП «БИТ»","АО «АТОМПРОЕКТ»","197183, г. Санкт-Петербург, ул. Савушкина, дом 82, литер А, (812) 339-1515",""
"2869/1","2013-06-28","2018-12-28","ИПШ","Соответствует требованиям документов: РД НДВ(4), ТУ","1","ООО «ЦБИ»","АО «НПО «Эшелон»","ПАО «Ростелеком»","191002, г. Санкт-Петербург, Синопская набережная, д. 14, лит. А, (499) 999-8022",""
"2871","2013-04-29","2019-04-29","Cisco 4510","Соответствует требованиям документов: РД МЭ(4)","4","АО «ДОКУМЕНТАЛЬНЫЕ СИСТЕМЫ»","АО «БИТК»","АО «АМТ-ГРУП»","123022, г. Москва, улица 1905 года, д. 10А, стр. 1, этаж 8, пом. 11, (495) 725-7660",""
"2879","2013-05-15","2019-05-15","программное обеспечение ведомственного сегмента Росморречфлота государственной системы изготовления, оформления и контроля паспортно-визовых документов нового поколения по оформлению, выдаче и контролю удостоверений личности моряка (Система УЛМ)","Соответствует требованиям документов: ЗБ, РД НДВ(4), РД БИТ(ОУД2)","1","ООО «ЦБИ»","ФСТЭК России","Федеральное агентство морского и речного транспорта","125993, г. Москва, ул. Петровка, д. 3/6, (495) 626-1100",""
"2887","2013-06-10","2019-06-10","коммутатор Cisco 2960 с установленным программным обеспечением Cisco IOS Software версии 12.2(25)SEE2","Соответствует требованиям документов: РД МЭ(4)","3","АО «ДОКУМЕНТАЛЬНЫЕ СИСТЕМЫ»","АО «БИТК»","АО «АМТ-ГРУП»","123022, г. Москва, улица 1905 года, д. 10А, стр. 1, этаж 8, пом. 11, (495) 725-7660",""
"2894","2013-05-27","2019-05-27","Juniper NetScreen-ISG 2000","Соответствует требованиям документов: РД МЭ(3)","2","АО «ДОКУМЕНТАЛЬНЫЕ СИСТЕМЫ»","АО «Лаборатория ППШ»","ЗАО «Банк Русский Стандарт»","105187, г. Москва, ул. Ткацкая, д. 36, (495) 797-8440",""
"2904","2013-06-14","2019-06-14","Cisco 3560","Соответствует требованиям документов: РД МЭ(4)","11","АО «ДОКУМЕНТАЛЬНЫЕ СИСТЕМЫ»","АО «БИТК»","АО «АМТ-ГРУП»","123022, г. Москва, улица 1905 года, д. 10А, стр. 1, этаж 8, пом. 11, (495) 725-7660",""
"2909","2013-06-24","2019-06-24","подсистема безопасности программного обеспечения «Инструментальная система разработки распределенных приложений «Sitex» 4.2»","соответствует 4 уровню НДВ и на 5 класс РД СВТ с ограничениями","1000","АО «Лаборатория ППШ»","АО «НПО «Эшелон»","ООО «Систематика-»","107023, г. Москва, ул. Электрозаводская, д. 27, стр. 1A, (495) 729 5151","2020-01-01"
"2922","2013-07-08","2024-07-08","система контроля защищенности и соответствия стандартам «MaxPatrol»","Соответствует требованиям документов: Требования доверия(4), ТУ","серия","ООО «Газинформсервис»","АО «НПО «Эшелон»","АО «Позитив Текнолоджиз»","107061, г. Москва, вн.тер.г. муниципальный округ Преображенское, Преображенская пл., д. 8, помещ. 60, (495) 744-0144","2029-06-01"
"2922/1","2013-07-08","2024-07-08","система контроля защищенности и соответствия стандартам «MaxPatrol»","Соответствует требованиям документов: Требования доверия(4), ТУ","серия","ООО «Газинформсервис»","АО «НПО «Эшелон»","ООО «Прорывные технологии»","107113, г. Москва, ул. Маленковская, д. 14, к. 3, помещ. 4, этаж 1, ком. 1, офис 205, (495) 149-5817","2029-06-01"
"2923","2013-07-11","2019-07-11","программный комплекс «Фантом»","Соответствует требованиям документов: РД СВТ(5), ТУ","серия","АО «БИТК»","АО «НПО «Эшелон»","АО «РНТ»","129515, г. Москва, ул. 2-я Останкинская, дом 6, (495) 777-7577","2022-07-10"
"2945","2013-08-16","2029-08-16","система защиты информации от несанкционированного доступа «Dallas Lock 8.0-C»","Соответствует требованиям документов: Требования доверия(2), Требования к МЭ, Профиль защиты МЭ(В четвертого класса защиты. ИТ.МЭ.В4.ПЗ), Требования к СКН, Профиль защиты СКН(контроля отчуждения (переноса) информации со съемных машинных носителей информации четвертого класса защиты. ИТ.СКН.Н4.ПЗ), Профиль защиты СКН(контроля подключения съемных машинных носителей информации второго класса защиты. ИТ.СКН.П2.ПЗ), Требования к СОВ, Профили защиты СОВ(узла четвертого класса защиты. ИТ.СОВ.У4.ПЗ), РД СВТ(3)","серия","АО «Лаборатория ППШ»","АО «НПО «Эшелон»","ООО «Конфидент»","192029, г. Санкт-Петербург, пр. Обуховской обороны, д. 51, лит. К, (812) 325-1037","2030-08-16"
"2947","2013-09-12","2019-09-12","Генератор шума «ЛГШ-508»","Соответствует требованиям документов: ТУ","срок действия продлен для СЗИ, эксплуатируемых на ОИ","АО «Лаборатория ППШ»","ФАУ «ГНИИИ ПТЗИ ФСТЭК России»","ООО «Ленспецпроизводство»","199178, г. Санкт-Петербург, наб. реки Смоленки, д. 25, лит. Е, оф. 134, (812) 309-6170","2027-09-12"
"2957","2013-09-09","2019-09-09","автоматизированная система управления энергоэффективностью, шифр «P-BS2-1»","Соответствует требованиям документов: РД НДВ(4), РД СВТ(5)","1","ООО «ЦБИ «МАСКОМ»","АО «НПО «Эшелон»","АО «Атомэнергопроект»","119017, г. Москва, ул. Бакунинская, д. 7, стр. 1, (499) 949-2372",""
"2986","2013-10-23","2019-10-23","Программное обеспечение «Электронного ключевого носителя «ESMART Token»","Соответствует требованиям документов: РД НДВ(4), ТУ","серия","АО «НПО «Эшелон»","ООО «ЦБИ»","ООО «Интеллектуальные системы управления бизнесом»","124365, г. Москва, г. Зеленоград, ул. Заводская, д. 1Б, стр. 1, этаж 1, комната 7, (495) 739-8699","2027-10-23"
"2987","2013-10-02","2019-10-02","Atlansys WhiteCloud","Соответствует требованиям документов: РД НДВ(4), ТУ","100","ЗАО ГИЦ ПС ВТ","ООО «ЦБИ»","ООО «Программные Системы Атлансис»","170041, г. Тверь, ул. Благоева, д. 18, кв. 89, (495) 470-09-92","2021-10-02"
"2992","2013-10-07","2019-10-07","программное обеспечение «Lumesse ETWeb 11.4»","Соответствует требованиям документов: ТУ","1","АО «ДОКУМЕНТАЛЬНЫЕ СИСТЕМЫ»","АО «НПО «Эшелон»","ООО «АКСИС ПРО»","105005, г. Москва, ул. Радио, д. 24, корп. 1, (495) 642-7041",""
"2999","2013-10-14","2019-10-14","генератор шума ГШ-2500М","Соответствует требованиям документов: РД САЗ ПЭМИН-87, НМД ПЭМИН-1998, ТУ","срок действия продлен для СЗИ, эксплуатируемых на ОИ","АО «НПО «Эшелон»","ФСТЭК России","ФГУП СКБ ИРЭ РАН","141190, Московская обл., г. Фрязино, площадь Введенского, д. 1, 8 (496) 565 24-03, (495) 988-2825","2029-10-14"
"3019","2013-11-22","2019-11-22","интеграционная программная платформа электронного киоска для обработки многофункциональной электронной карты ОАО «РЖД»","Соответствует требованиям документов: ЗБ, РД НДВ(4), РД БИТ(ОУД2)","10000","ООО «ЦБИ»","АО «НПО «Эшелон»","ОАО «РЖД»","107174, г. Москва, вн.тер. г. муниципальный округ Басманный, ул. Новая Басманная, д. 2/1, стр. 1, (499) 262-1474",""
"3027","2013-11-27","2019-11-27","Средства видеоконференцсвязи","Соответствует требованиям документов: РД НДВ(2), ТУ","серия","АО «НПО «Эшелон»","ООО «ЦБИ»","АО «ИСТ»","199048, г. Санкт-Петербург, 17-линия В.О., д. 54, корп. 1, литер В, (812) 331-8399","2026-11-27"
"3030/1","2013-11-27","2019-11-27","IBM FileNet P8 Platform v.5.2","Соответствует требованиям документов: РД НДВ(4), ТУ","1","ООО «ЦБИ»","","ОАО «РЖД»","107174, г. Москва, вн.тер. г. муниципальный округ Басманный, ул. Новая Басманная, д. 2/1, стр. 1, (499) 262-1474",""
"3032","2013-12-05","2019-12-05","специальное программное обеспечение «Навигатор-2019» (расчетная часть)","Соответствует требованиям документов: Методики ПЭМИН-2017","серия","ООО «ЦБИ»","ФАУ «ГНИИИ ПТЗИ ФСТЭК России»","ЗАО НПЦ Фирма «НЕЛК»","109377, г. Москва, ул. 1-я Новокузьминская, дом 8/2, (495) 921-3374","2029-12-05"
"3044/1","2013-12-12","2019-12-12","маршрутизатор серии Cisco 2911 с установленным программным обеспечением Cisco IOS версии 15.0(1)M2, выпуск (fc2)","Соответствует требованиям документов: РД МЭ(4)","18","АО «ДОКУМЕНТАЛЬНЫЕ СИСТЕМЫ»","АО «БИТК»","Департамент информатизации и телекоммуникаций Банка России","107016, г. Москва, ул. Неглинная, д. 12, (495) 753-9055",""
"3044/2","2013-12-12","2019-12-12","программное обеспечение Cisco IOS версии 15.2(4)М4 для маршрутизаторов серии Cisco 2901 и 2921","Соответствует требованиям документов: РД МЭ(4)","293","АО «ДОКУМЕНТАЛЬНЫЕ СИСТЕМЫ»","АО «БИТК»","ФГКУ «Федеральный центр информатизации при Центральной избирательной комиссии Российской Федерации»","109012, г. Москва, Большой Черкасский переулок, д. 9, (495) 606-8041",""
"3054","2013-12-23","2019-12-23","Alcatel 6ХХХ, 7ХXX, 8ХХХ, 9ХХХ","Соответствует требованиям документов: РД МЭ(4)","18","АО «БИТК»","ФСТЭК России","Департамент информационных систем Банка России","107016, г. Москва, ул. Неглинная, д. 12, (495) 753-9055",""
"3055","2013-12-23","2019-12-23","Cisco PIX 515E/525","Соответствует требованиям документов: РД МЭ(4)","11","АО «БИТК»","ФСТЭК России","Департамент информационных систем Банка России","107016, г. Москва, ул. Неглинная, д. 12, (495) 753-9055",""
"3056","2013-12-23","2019-12-23","Cisco ASA 55хх","Соответствует требованиям документов: РД МЭ(4)","131","АО «БИТК»","ФСТЭК России","Департамент информационных систем Банка России","107016, г. Москва, ул. Неглинная, д. 12, (495) 753-9055",""
"3057","2013-12-23","2019-12-23","межсетевой экран Cisco FWSM с операционной системой версий 3.2(22) и 4.0(7)","Соответствует требованиям документов: РД МЭ(4)","15","АО «БИТК»","ФСТЭК России","Департамент информационных систем Банка России","107016, г. Москва, ул. Неглинная, д. 12, (495) 753-9055",""
"3058","2013-12-30","2019-12-30","Cisco 35ХХ/65XX","Соответствует требованиям документов: РД МЭ(4)","6","АО «БИТК»","ФСТЭК России","Департамент информационных систем Банка России","107016, г. Москва, ул. Неглинная, д. 12, (495) 753-9055",""
"3059","2013-12-27","2019-12-27","коммутатор Cisco 2ХХХ/38ХХ с установленным программным обеспечением IOS 12.4(13r)T/IOS 12.4(3f)/IOS 12.4(10)/IOS 12.4(13a)(fc1)/IOS 12.4(23)/IOS 15.1(4) M2(fc1)/IOS 12.4(10)/IOS 12.4(23)/IOS 12.4(24)T4","Соответствует требованиям документов: РД МЭ(4)","27","АО «БИТК»","ФСТЭК России","Департамент информационных систем Банка России","107016, г. Москва, ул. Неглинная, д. 12, (495) 753-9055",""
"3060","2014-01-23","2020-01-23","ИВК ИНСПЕКТОР","Соответствует требованиям документов: РД НДВ(4), ТУ","серия","АО «НПО «Эшелон»","АО «Лаборатория ППШ»","АО «ИВК»","129110, г. Москва, ул. Гиляровского, д. 57, стр. 1, комн. 73, (495) 221-6580",""
"3069/1","2014-01-24","2020-01-24","Программный комплекс Средства защиты информации прикладного программного обеспечения «Автоматизированной системы Федерального казначейства»","Соответствует требованиям документов: РД НДВ(2), ТУ","87","Федеральное казначейство","ФАУ «ГНИИИ ПТЗИ ФСТЭК России»","Федеральное казначейство","109097, г. Москва, ул. Ильинка, д. 7, (495) 214‑7661",""
"3073","2014-01-28","2020-01-28","ВИРТУАЛЬНЫЙ ФРОНТ ОФИС","Соответствует требованиям документов: РД НДВ(4), ТУ","20","ООО «ЛИССИ-Софт»","ЗАО «НПП «БИТ»","ООО «Лайтигард»","115533, г. Москва, ул. Нагатинская, д. 5, пом. 519, (499) 678-2133",""
"3079","2014-01-30","2025-01-30","программно-аппаратный комплекс средств защиты информации от несанкционированного доступа «Аккорд-Х» (ПАК СЗИ НСД «Аккорд-Х»)","Соответствует требованиям документов: Требования доверия(2), РД СВТ(3), ТУ","серия","ООО «ЦБИ»","АО «Лаборатория ППШ»","АО «ОКБ САПР»","115114, г. Москва, 2-й Кожевнический переулок, д. 12, эт. 2, пом. I, ком. 21, (495) 994-7262","2030-01-30"
"3088/1","2014-02-18","2020-02-18","Cisco ASA 5555","Соответствует требованиям документов: РД МЭ(3), ТУ","1","АО «Гринатом»","ФАУ «ГНИИИ ПТЗИ ФСТЭК России»","Волгодонский филиал АО «Инжиниринговая компания «АЭМ – технологии»","347360, г. Волгодонск, Жуковское шоссе, д. 10, (8639) 29-2929",""
"3091","2014-02-11","2020-02-11","Программа для ЭВМ «ЭЛТЕРУС 3»","Соответствует требованиям документов: РД НДВ(4)","25","АО «Лаборатория ППШ»","АО «БИТК»","ООО «Агентство электронного тестирования»","192007, г. Санкт-Петербург, ул. Тамбовская, д. 26, лит. А, пом. 1Н, (963) 334-5250",""
"3118","2014-03-24","2025-03-24","технологическая платформа подсистем АИС ФССП России","Соответствует требованиям документов: Требования доверия(4), ЗБ","серия","ЗАО ГИЦ ПС ВТ","ФСТЭК России","ФССП России","107996, г. Москва, ул. Кузнецкий мост, д. 16/5, стр. 1, (495) 620-6482","2022-07-01"
"3140","2014-04-17","2020-04-17","модернизированный аппаратно-программный комплекс защиты информации (АПКЗИ «Ребус-М»)","Соответствует требованиям документов: РД НДВ(2), РД СВТ(3)","серия","АО «НПО «Эшелон»","АО «БИТК»","АО НИИ ЦПС","170024, Тверская обл., г. Тверь, пр-к Николая Корыткова, д. 3А, (482) 244-3244","2025-06-30"
"3144/1","2014-04-18","2020-04-18","программный продукт «Автоматизированная система организации и проведения электронных торгов Cognitive Лот (АС СЭТ)»","Соответствует требованиям документов: РД НДВ(4), ТУ","2","АО «НПО «Эшелон»","АО «БИТК»","ОАО «Единая электронная торговая площадка»","117312, г. Москва, пр-т 60-летия Октября, д. 9, (495) 276-1626","2025-12-31"
"3155","2014-05-06","2030-05-06","программное изделие «Kaspersky Security Center»","Соответствует требованиям документов: Требования доверия(2), Требования к САВЗ, Профиль защиты САВЗ(А второго класса защиты. ИТ.САВЗ.А2.ПЗ), ЗБ","серия","ЗАО «ВИВОСС и ОИ»","АО «НПО «Эшелон»","АО «Лаборатория Касперского»","125212, г. Москва, Ленинградское шоссе, д. 39А, стр. 2, (495) 797-8700","2030-05-06"
"3157/1","2014-05-29","2020-05-29","операционная система Microsoft Hyper-V Server 2012","Соответствует требованиям документов: ТУ","1","АО «ДОКУМЕНТАЛЬНЫЕ СИСТЕМЫ»","АО «НПО «Эшелон»","АО «Центральное конструкторское бюро «Алмаз»","196128, г. Санкт-Петербург, ул. Варшавская, д. 50, (812) 373-2800",""
"3172","2014-06-23","2030-06-23","средство анализа защищенности RedCheck","Соответствует требованиям документов: Требования доверия(4), ТУ","серия","ООО «ЦБИ»","ФАУ «ГНИИИ ПТЗИ ФСТЭК России»","АО «АЛТЭКС-СОФТ»","141067, Московская обл., г. Королев, мкр-н Болшево, ул. Маяковского, д. 10А, пом. VII, (495) 543-3101","2030-06-23"
"3181","2014-06-16","2020-06-16","программное обеспечение Устройства безопасности комплексного локомотивного унифицированного КЛУБ-У","Соответствует требованиям документов: РД НДВ(4)","1000","ООО «ИБТранс»","АО «НИИАС»","ДООО «ИРЗ-Локомотив»","426034, Удмуртская Республика, г. Ижевск, ул. Базисная, д. 19, (3412) 50-1245","2037-06-16"
"3189","2014-07-08","2020-07-08","межсетевой экран Firewall Service Module for Cisco Catalyst 6500 с версией программного обеспечения Firewall Service Module Software v. 4.1(15)","Соответствует требованиям документов: РД МЭ(3)","2","ФГУП «НПП «Гамма»","АО «БИТК»","ФГУП «ГосНИИАС»","125319, г. Москва, ул. Викторенко, д. 7, (499) 157-7047",""
"3190","2014-07-04","2020-07-04","межсетевой экран Cisco ASA 5510 с версией программного обеспечения Cisco ASA Version 9.1(7)","Соответствует требованиям документов: РД МЭ(3)","2","ФГУП «НПП «Гамма»","АО «БИТК»","ФГУП «ГосНИИАС»","125319, г. Москва, ул. Викторенко, д. 7, (499) 157-7047",""
"3197","2014-07-11","2020-07-11","Juniper SRX3400","Соответствует требованиям документов: РД МЭ(3)","2","АО «НПО «Эшелон»","АО «БИТК»","ООО «Инлайн технолоджис»","125167, г. Москва, Ленинградский просп., д. 39, стр. 80, (495) 721-3505",""
"3198","2014-07-10","2020-07-10","Cisco 2621XM","Соответствует требованиям документов: РД МЭ(4)","32","АО «НПО «Эшелон»","АО «БИТК»","ЗАО «Компания ТрансТелеКом»","123317, г. Москва, ул. Тестовская, д. 8, (495) 784-6670","2025-06-01"
"3199","2014-07-28","2020-07-28","Cisco 2821","Соответствует требованиям документов: РД МЭ(4)","67","АО «НПО «Эшелон»","АО «БИТК»","ЗАО «Компания ТрансТелеКом»","123317, г. Москва, ул. Тестовская, д. 8, (495) 784-6670","2025-06-02"
"3209","2014-07-25","2020-07-25","Программный комплекс «КоордКом»","Соответствует требованиям документов: РД НДВ(4), ТУ","500","ЗАО «НПП «БИТ»","АО «БИТК»","АО «СФЕРА»","115093, г. Москва, Большая Серпуховская ул., д. 44, оф. 33, (495) 672-7036",""
"3214","2014-07-31","2020-07-31","программный комплекс «VPN/FW «ЗАСТАВА», версия 6","Соответствует требованиям документов: РД МЭ(2), РД НДВ(3), ТУ","серия","ООО «ЦБИ»","ФАУ «ГНИИИ ПТЗИ ФСТЭК России»","АО «ЭЛВИС-ПЛЮС»","124527, г. Москва, г. Зеленоград, Солнечная аллея, д. 6, помещение VI, офис 7, (495) 276-0211","2026-12-31"
"3219","2014-08-14","2020-08-14","программное обеспечение «Автоматизированная система управления персональными данными «Тула»","Соответствует требованиям документов: РД НДВ(4)","200","АО «НПО «Эшелон»","АО «БИТК»","ООО «СоцИнформТех»","300041, г. Тула, ул. Ф. Смирнова, д. 28, (4872) 57-4184","бессрочно"
"3227","2014-08-27","2020-08-27","модуль подсистемы защиты информации автоматизированной системы заказа пропусков «Блокхост АСЗП» 1.0","Соответствует требованиям документов: РД НДВ(4), ТУ","100","АО «ДОКУМЕНТАЛЬНЫЕ СИСТЕМЫ»","АО «Лаборатория ППШ»","ООО «Газинформсервис»","198096, г. Санкт-Петербург, ул. Кронштадтская, д. 10, лит. А, (812) 677-2050",""
"3230","2014-09-08","2020-09-08","межсетевой экран Cisco ASA 5520 с установленным программным обеспечением Cisco ASA версии 9.1(7)23","Соответствует требованиям документов: РД МЭ(4)","2","АО «ДОКУМЕНТАЛЬНЫЕ СИСТЕМЫ»","АО «БИТК»","ООО «Межрегиональное агентство подписки»","127015, г. Москва, ул. Вятская, д. 49, стр. 1, (495) 648-9394",""
"3241","2014-09-30","2020-09-30","программно-аппаратный комплекс средств защиты информации от несанкционированного доступа «Аккорд-В.»","Соответствует требованиям документов: РД НДВ(2), РД СВТ(3), ТУ","серия","ООО «ЦБИ»","АО «НПО «Эшелон»","АО «ОКБ САПР»","115114, г. Москва, 2-й Кожевнический переулок, д. 12, эт. 2, пом. I, ком. 21, (495) 994-7262","2030-09-30"
"3247","2014-10-24","2025-10-24","программное изделие «Сетевой сканер безопасности XSpider 7.8.25»","Соответствует требованиям документов: Требования доверия(4), ТУ","серия","ООО «ЦБИ»","АО «НПО «Эшелон»","АО «Позитив Текнолоджиз»","107061, г. Москва, вн.тер.г. муниципальный округ Преображенское, Преображенская пл., д. 8, помещ. 60, (495) 744-0144","2029-06-01"
"3247/1","2014-10-24","2025-10-24","программное изделие «Сетевой сканер безопасности XSpider 7.8.25»","Соответствует требованиям документов: Требования доверия(4), ТУ","серия","ООО «ЦБИ»","АО «НПО «Эшелон»","ООО «Прорывные технологии»","107113, г. Москва, ул. Маленковская, д. 14, к. 3, помещ. 4, этаж 1, ком. 1, офис 205, (495) 149-5817","2029-06-01"
"3290","2014-12-04","2025-12-04","межсетевой экран и система обнаружения вторжений «Рубикон-К»","Соответствует требованиям документов: Требования доверия(4), Требования к МЭ, Профиль защиты МЭ(А четвертого класса защиты. ИТ.МЭ.А4.ПЗ), Профиль защиты МЭ(Б четвертого класса защиты. ИТ.МЭ.Б4.ПЗ), Требования к СОВ, Профили защиты СОВ(cети четвертого класса защиты. ИТ.СОВ.С4.ПЗ)","серия","ЗАО «ВИВОСС и ОИ»","ООО «ЦБИ»","АО «НПО «Эшелон»","107023, г. Москва, ул. Электрозаводская, д. 24, стр. 1, (495) 223-2392","2030-12-04"
"3293","2014-12-09","2020-12-09","СИСТЕМА DIRECТUM 5","Соответствует требованиям документов: РД НДВ(4), ТУ","20","ООО «ЛИССИ-Софт»","ЗАО «НПП «БИТ»","ООО «ДИРЕКТУМ»","426011, г. Ижевск, пер. Северный, д. 61, (3412) 72-1100","2025-12-09"
"3298","2014-12-16","2020-12-16","программа защиты информации серверов приложений «WebGard»","Соответствует требованиям документов: РД НДВ(4), ТУ","20","ЗАО ГИЦ ПС ВТ","ФАУ «ГНИИИ ПТЗИ ФСТЭК России»","ООО ЦРИОИТ","170023, г. Тверь, ул. Ржевская, дом 10, (4822) 44-3820","2021-12-16"
"3310","2014-12-24","2020-12-24","межсетевой экран Cisco ASA-SM1 с установленным программным обеспечением Cisco ASA версии 9.x","Соответствует требованиям документов: РД МЭ(4)","2","АО «БИТК»","ФСТЭК России","Главное управление безопасности и защиты информации Банка России","107016, г. Москва, ул. Неглинная, д. 12, (495) 771-4261",""
"3316","2014-12-25","2020-12-25","сетевое устройство Alcatel 6xxx и 9xxx, реализующее функции межсетевого экрана","Соответствует требованиям документов: РД МЭ(4)","10","АО «БИТК»","ФСТЭК России","Главное управление безопасности и защиты информации Банка России","107016, г. Москва, ул. Неглинная, д. 12, (495) 771-4261",""
"3317","2014-12-25","2020-12-25","маршрутизатор Cisco 7507","Соответствует требованиям документов: РД МЭ(4)","2","АО «БИТК»","ФСТЭК России","Главное управление безопасности и защиты информации Банка России","107016, г. Москва, ул. Неглинная, д. 12, (495) 771-4261",""
"3318","2014-12-26","2025-12-26","программное изделие «Kaspersky DDoS Protection»","Соответствует требованиям документов: Требования доверия(4), Требования к СЗИ от DDoS(4)","серия","ЗАО «ВИВОСС и ОИ»","АО «НПО «Эшелон»","АО «Лаборатория Касперского»","125212, г. Москва, Ленинградское шоссе, д. 39А, стр. 2, (495) 797-8700","2028-12-26"
"3319","2014-12-25","2020-12-25","средства защиты от несанкционированного доступа комплекса программ функционирования интегрированной системы «Эгида» с изменением 4","Соответствует требованиям документов: РД НДВ(2)","150","ФГУП «СКЦ Росатома»","ФАУ «ГНИИИ ПТЗИ ФСТЭК России»","ФГУП «РФЯЦ-ВНИИЭФ»","607188, Нижегородская обл., г. Саров, пр-т Мира, д. 37, (831) 302-9644, (831) 302-9624","2027-12-01"
"3320","2014-12-26","2020-12-26","межсетевой экран Cisco FWSM","Соответствует требованиям документов: РД МЭ(4)","2","АО «БИТК»","ФСТЭК России","Главное управление безопасности и защиты информации Банка России","107016, г. Москва, ул. Неглинная, д. 12, (495) 771-4261",""
"3321","2014-12-26","2020-12-26","межсетевой экран Cisco серии PIX515Е","Соответствует требованиям документов: РД МЭ(4)","19","АО «БИТК»","ФСТЭК России","Главное управление безопасности и защиты информации Банка России","107016, г. Москва, ул. Неглинная, д. 12, (495) 771-4261",""
"3329","2014-12-30","2020-12-30","контроллеры защиты «FOBOS-10GS», «FOBOS-100GL», «FOBOS-100GE»","Соответствует требованиям документов: НМД по ТЗИ ВОСП-2005, НМД ПЭМИН-1998, МД по ТЗИ ВОСП-К-2012","серия","АО «ФЦНИВТ «СНПО «Элерон»","АО Центр «Атомзащитаинформ»","ФГУП «РФЯЦ-ВНИИЭФ»","607188, Нижегородская обл., г. Саров, пр-т Мира, д. 37, (831) 302-9644, (831) 302-9624","2030-12-30"
"3330","2015-02-04","2021-02-04","программно-аппаратный комплекс защищенного хранения информации «Секрет Особого Назначения» (версия 1.0)","Соответствует требованиям документов: РД НДВ(4), ТУ","серия","ООО «ЦБИ»","ФАУ «ГНИИИ ПТЗИ ФСТЭК России»","АО «ОКБ САПР»","115114, г. Москва, 2-й Кожевнический переулок, д. 12, эт. 2, пом. I, ком. 21, (495) 994-7262","2029-02-04"
"3332","2016-01-28","2019-01-28","Cisco Catalyst 3750G-24TS-S1U","Соответствует требованиям документов: РД МЭ(4)","4","ООО «НПП «СВК»","ЗАО «НПП «БИТ»","Дальневосточный бассейновый филиал ФГУП «Росморпорт»","690003, г. Владивосток, ул. Нижнепортовая, д. 3, (423) 222-0081",""
"3334","2015-01-12","2021-01-12","программное обеспечение системы микропроцессорной управления и регулирования электрической передачи тепловозов «СИСТЕМА» для тепловозов ТЭМ2К и 2ТЭ116","Соответствует требованиям документов: РД НДВ(4)","300","ФГБОУ ВПО «Петербургский государственный университет путей сообщения»","АО «НИИАС»","АО «ВНИКТИ»","140402, Московская обл., г. Коломна, ул. Октябрьской революции, д. 410, (496) 618-8218, (496) 618-8283",""
"3340","2015-01-21","2021-01-21","средства защиты от несанкционированного доступа системы сбора и обработки информации «МАРС-2000»","Соответствует требованиям документов: Требования доверия(2)","100","ФГУП «СКЦ Росатома»","ФАУ «ГНИИИ ПТЗИ ФСТЭК России»","ФГУП «РФЯЦ – ВНИИТФ им. академ. Е.И. Забабахина»","456770, Челябинская обл., г. Снежинск, ул. Васильева, д. 13, (35146) 5-51-20","2030-12-31"
"3343","2015-01-26","2021-01-26","коммутатор Black Diamond 8806 с установленным программным обеспечением ExtremeXOS version 15.3.1.4","Соответствует требованиям документов: ТУ","2","АО «Лаборатория ППШ»","АО «БИТК»","АО «Центральное морское конструкторское бюро «Алмаз»","196128, г. Санкт-Петербург, ул. Варшавская, д. 50, (812) 373-2800",""
"3346","2015-01-28","2021-01-28","программное обеспечение системы управления базами данных Aveva Marine","Соответствует требованиям документов: ТУ","1","АО «Лаборатория ППШ»","АО «БИТК»","АО «Центральное морское конструкторское бюро «Алмаз»","196128, г. Санкт-Петербург, ул. Варшавская, д. 50, (812) 373-2800",""
"3352","2015-02-18","2021-02-18","программный комплекс Система контроля действий поставщиков ИТ-услуг","Соответствует требованиям документов: РД НДВ(4), ТУ","500","ООО «ЦБИ»","ФАУ «ГНИИИ ПТЗИ ФСТЭК России»","ЗАО «Статус Комплайнс»","107023, г. Москва, ул. Б. Семеновская, д. 45, (495) 225-4810","2023-12-31"
"3356","2015-03-06","2021-03-06","продукция «Системное программное обеспечение Супер-ЭВМ. Встроенные средства защиты информации от несанкционированного доступа»","Соответствует требованиям документов: Требования к ОС","50","ФГУП «СКЦ Росатома»","ФАУ «ГНИИИ ПТЗИ ФСТЭК России»","ФГУП «РФЯЦ-ВНИИЭФ»","607188, Нижегородская обл., г. Саров, пр-т Мира, д. 37, (831) 302-9644, (831) 302-9624","2025-03-06"
"3357","2015-03-03","2021-03-03","«Программное обеспечение аппаратно-программного комплекса диспетчерского контроля, системы технического диагностирования и мониторинга»  (643.39499777.505200 010-01)","Соответствует требованиям документов: РД НДВ(4)","1","АО «Информакустика»","АО «НИИАС»","ООО «Компьютерные информационные технологии»","197110, г. Санкт-Петербург, Большая Зеленина ул., д. 8, корп. 2 литера А, (812) 610-1960","2031-03-03"
"3358","2015-03-06","2021-03-06","программный комплекс защиты конфиденциальной информации Secret Disk Server NG 3.8","Соответствует требованиям документов: РД НДВ(4), ТУ","серия","АО «СИНКЛИТ»","ФАУ «ГНИИИ ПТЗИ ФСТЭК России»","АО «Аладдин Р.Д.»","129226, г. Москва, ул. Докукина, д. 16, стр. 1, (495) 223-0001","2030-03-06"
"3361","2015-03-11","2021-03-11","Коммутатор серии РТТ-А230 с программным обеспечением ROS версии 2.0.10","Соответствует требованиям документов: РД НДВ(3), ТУ","серия","ООО «ЦБИ»","АО «НПО «Эшелон»","ООО «Русьтелетех»","115419, г. Москва, ул. Орджоникидзе, д. 11, стр. 40, офис 20, (495) 142-1758","2026-03-11"
"3362","2015-03-11","2021-03-11","Коммутатор серии РТТ-А330 с программным обеспечением ROS версии 2.0.10","Соответствует требованиям документов: РД НДВ(3), ТУ","серия","ООО «ЦБИ»","АО «НПО «Эшелон»","ООО «Русьтелетех»","115419, г. Москва, ул. Орджоникидзе, д. 11, стр. 40, офис 20, (495) 142-1758","2026-03-11"
"3377","2015-04-02","2021-04-02","KVM-переключатель для обеспечения защищенного доступа к информационным ресурсам с различным уровнем конфиденциальности «KVM-3S»","Соответствует требованиям документов: Требования к ср. для Интернет, НМД ПЭМИН-1998","серия","ООО «ЦБИ»","ФАУ «ГНИИИ ПТЗИ ФСТЭК России»","ООО «ЦБИ»","141090, Московская область, г. Королев, микрорайон Юбилейный, ул. Ленинская, д. 11, (495) 543-3060","2030-04-02"
"3394","2015-04-21","2021-04-21","Программное обеспечение Блока центрального вычислителя ТГ16М.00014-01","Соответствует требованиям документов: РД НДВ(4)","90","ООО «ИБТранс»","АО «НИИАС»","ООО «Центр инновационного развития СТМ»","620026, г. Екатеринбург, ул. Розы Люксембург, д. 51, (343) 310-3355",""
"3397","2015-04-30","2023-04-30","программный комплекс «Appercut Custom Code Scanner Enterprise Professional», версия 4","Соответствует требованиям документов: РД НДВ(4), ТУ","50","ООО «НТЦ «ИРБИС»","АО «БИТК»","АО «ИнфоВотч»","121357, г. Москва, ул. Верейская, д. 29, строение 134, 7 этаж, (495) 229-00-22","2023-04-30"
"3398","2015-04-30","2021-04-30","интеграционная платформа со встроенными средствами защиты от несанкционированного доступа «SAP HANA Enterprise Cloud», включающая программные компоненты: SAP HANA, SAP NetWeaver Application Server 7.4, SAP Adaptive Enterprise, SAP BusinessObjects BI Platform","Соответствует требованиям документов: Требования доверия(6), ТУ","2","АО «ДОКУМЕНТАЛЬНЫЕ СИСТЕМЫ»","ФАУ «ГНИИИ ПТЗИ ФСТЭК России»","ООО «САП СНГ»","115054, г. Москва, Космодамианская наб., д. 52, стр. 2, (495) 755-9800",""
"3399/1","2015-04-30","2021-04-30","программное обеспечение Zecurion DLP Enterprise RV","Соответствует требованиям документов: РД НДВ(4), ТУ","1","АО «НПО «Эшелон»","ФАУ «ГНИИИ ПТЗИ ФСТЭК России»","МВД России","119049, г. Москва, ул. Житная, д. 16, (495) 667-5206",""
"3407","2015-05-18","Действие сертификата соответствия приостановлено 17 января 2024 г.","программный комплекс «Медицинская информационная система «Ариадна», версия 3. Комплекс средств защиты»","Соответствует требованиям документов: РД НДВ(4), ТУ","300","АО «НПО «Эшелон»","ООО «ЦБИ»","АО «Фирма НТЦ КАМИ»","119361, г. Москва, вн.тер.г. муниципальный округ Очаково-Матвеевское, ул. Большая Очаковская, д. 47А, стр. 1, эт./помещ.05/02Ж, (495) 948-43-30","2024-12-31"
"3411","2015-05-18","2021-05-18","программное изделие «Интегрированная платформа со встроенными средствами защиты от несанкционированного доступа SAP SUCCESS FACTORS HCM SUITE, версия 1»","Соответствует требованиям документов: Требования доверия(6), ТУ","2","АО «ДОКУМЕНТАЛЬНЫЕ СИСТЕМЫ»","ФАУ «ГНИИИ ПТЗИ ФСТЭК России»","ООО «САП СНГ»","115054, г. Москва, Космодамианская наб., д. 52, стр. 2, (495) 755-9800",""
"3413","2015-06-02","2023-06-02","система анализа защищенности программного и аппаратного обеспечения TCP/IP сетей (сетевой сканер Ревизор Сети версия 3.0)","Соответствует требованиям документов: Требования доверия(2), ТУ","серия","ООО «ЦБИ»","АО «НПО «Эшелон»","ООО «Профиль Защиты»","141090, Московская обл., г. Королев, мкрн. Юбилейный, ул. Пионерская, д. 1/4, пом. 19, (495) 511-0788","2028-12-31"
"3419","2015-06-16","2021-06-16","программное изделие «Корпоративная информационная система со встроенными средствами защиты от несанкционированного доступа SAP Ariba On-Demand Solutions, версия 1»","Соответствует требованиям документов: Требования доверия(6), ТУ","2","АО «ДОКУМЕНТАЛЬНЫЕ СИСТЕМЫ»","ФАУ «ГНИИИ ПТЗИ ФСТЭК России»","ООО «САП СНГ»","115054, г. Москва, Космодамианская наб., д. 52, стр. 2, (495) 755-9800",""
"3424","2015-07-07","2026-07-07","программное изделие «Kaspersky Endpoint Security для Mac»","Соответствует требованиям документов: Требования доверия(2), Требования к САВЗ, Профиль защиты САВЗ(Б второго класса защиты. ИТ.САВЗ.Б2.ПЗ)","серия","ЗАО «ВИВОСС и ОИ»","ФАУ «ГНИИИ ПТЗИ ФСТЭК России»","АО «Лаборатория Касперского»","125212, г. Москва, Ленинградское шоссе, д. 39А, стр. 2, (495) 797-8700","2028-12-15"
"3430","2015-09-08","2018-09-08","программное средство «Система трёхмерного моделирования КОМПАС-3D","Соответствует требованиям документов: РД НДВ(2)","200","АО «НПО «Эшелон»","ФАУ «ГНИИИ ПТЗИ ФСТЭК России»","АО «Концерн «Системпром»","105066, Москва, ул. Н. Красносельская, д.13, стр. 1, (495) 267-2031",""
"3431","2015-07-27","2021-07-27","межсетевой экран Cisco ASA 5545-K9 с установленным программным обеспечением Cisco ASA версии 9.8(2)28","Соответствует требованиям документов: РД МЭ(3)","2","ООО «ЛИССИ-Софт»","ЗАО «НПП «БИТ»","ООО «САП СНГ»","115054, г. Москва, Космодамианская наб., д. 52, стр. 2, (495) 755-9800",""
"3432","2015-08-12","2018-08-12","программный комплекс автоматизации контроля отсутствия недекларированных возможностей программного обеспечения с открытым кодом «Визир 1.0»","Соответствует требованиям документов: РД НДВ(4)","21","АО «БИТК»","ФАУ «ГНИИИ ПТЗИ ФСТЭК России»","ООО «НТЦ «ИРБИС»","394055, Воронежская область, г. Воронеж, ул. Моисеева, дом 37, помещение 1/9, (473) 229-9981

(473) 210-6640","2026-12-31"
"3433","2015-08-13","2021-08-13","маршрутизатор Cisco ASR 1002 c установленным программном обеспечением Cisco IOS XE версии 03.16.07b.S","Соответствует требованиям документов: РД МЭ(3)","9","ООО «ЛИССИ-Софт»","ЗАО «НПП «БИТ»","ООО «САП СНГ»","115054, г. Москва, Космодамианская наб., д. 52, стр. 2, (495) 755-9800",""
"3434","2015-08-17","2018-08-17","аппаратно-программный комплекс «InfoDiode»","Соответствует требованиям документов: РД НДВ(4), ТУ","серия","АО «ДОКУМЕНТАЛЬНЫЕ СИСТЕМЫ»","АО «НПО «Эшелон»","АО «АМТ-ГРУП»","123022, г. Москва, улица 1905 года, д. 10А, стр. 1, этаж 8, пом. 11, (495) 725-7660","2026-05-01"
"3436","2015-08-14","2021-08-14","маршрутизатор Cisco ASR 1001 с установленным программным обеспечением Cisco IOS XE версии 03.16.07b.S","Соответствует требованиям документов: РД МЭ(3)","8","ООО «ЛИССИ-Софт»","ЗАО «НПП «БИТ»","ООО «САП СНГ»","115054, г. Москва, Космодамианская наб., д. 52, стр. 2, (495) 755-9800",""
"3438","2015-08-17","2018-08-17","Cisco ASA 5540","Соответствует требованиям документов: РД МЭ(4)","2","АО «Лаборатория ППШ»","АО «БИТК»","АО «АТОМПРОЕКТ»","197183, г. Санкт-Петербург, ул. Савушкина, дом 82, литер А, (812) 339-1515",""
"3439","2015-08-17","2018-08-17","Cisco ASA 5525-X","Соответствует требованиям документов: РД МЭ(4)","6","АО «Лаборатория ППШ»","АО «БИТК»","АО «АТОМПРОЕКТ»","197183, г. Санкт-Петербург, ул. Савушкина, дом 82, литер А, (812) 339-1515",""
"3440","2015-08-19","2018-08-19","Cisco ASA 5520","Соответствует требованиям документов: РД МЭ(4)","5","АО «Лаборатория ППШ»","АО «БИТК»","АО «АТОМПРОЕКТ»","197183, г. Санкт-Петербург, ул. Савушкина, дом 82, литер А, (812) 339-1515",""
"3442","2015-09-02","2023-09-02","защищенный программный комплекс «1С:Предприятие 8z»","Соответствует требованиям документов: Требования доверия(4), РД СВТ(5)","10000","ЗАО ГИЦ ПС ВТ","ФАУ «ГНИИИ ПТЗИ ФСТЭК России»","ООО «НПЦ «1С»","119285, г. Москва, ул. Достоевского, д. 1/21, стр. 1, (495) 258-4408","2025-12-31"
"3443","2015-08-25","2018-08-25","Cisco ASA 5510","Соответствует требованиям документов: РД МЭ(4)","1","АО «Лаборатория ППШ»","АО «БИТК»","АО «АТОМПРОЕКТ»","197183, г. Санкт-Петербург, ул. Савушкина, дом 82, литер А, (812) 339-1515",""
"3444","2015-08-27","2018-08-27","Программный комплекс на базе программного обеспечения «ИНТЕРМЕХ»","Соответствует требованиям документов: РД НДВ(4), ТУ","300","АО «НПО «Эшелон»","АО «БИТК»","ООО «РРСи+»","119331, г. Москва, пр-т Вернадского, д. 29, (495) 956-1717",""
"3446","2015-08-27","2018-08-27","АПК «Fox Data Diode»","Соответствует требованиям документов: РД НДВ(4), ТУ","200","АО «НПО «Эшелон»","ООО «ЦБИ»","ООО «Антивирусные решения»","107078, г. Москва, ул. Новая Басманная, д. 9/2-4, стр. 8, (495) 221-2141",""
"3450","2015-09-22","2018-09-22","Cisco ASA 5515-X SSP-10","Соответствует требованиям документов: РД МЭ(3)","2","АО «РНТ»","ЗАО «НПП «БИТ»","АО «Универсальная электронная карта»","119021, г. Москва, ул. Тимура Фрунзе, д. 11, стр. 15, (495) 777-1327",""
"3451","2015-09-09","2021-09-09","межсетевой экран Cisco ASA 5555-K8 с установленным программным обеспечением Cisco ASA версии 9.8(2)28","Соответствует требованиям документов: РД МЭ(3)","8","ООО «ЛИССИ-Софт»","ЗАО «НПП «БИТ»","ООО «САП СНГ»","115054, г. Москва, Космодамианская наб., д. 52, стр. 2, (495) 755-9800",""
"3452","2015-11-11","2018-11-11","Программно-технический комплекс  «Shell Control Box»","Соответствует требованиям документов: РД НДВ(4), ТУ","300","АО «НПО «Эшелон»","ФАУ «ГНИИИ ПТЗИ ФСТЭК России»","ООО «Картек»","127018, г. Москва, ул. Октябрьская, д. 38, корп. 1, помещ. II, эт. 1, к. 1-18, (495) 689-8248, (495) 689-06-70, (495) 689-07-70",""
"3454","2015-09-22","2018-09-22","программно-аппаратный комплекс «КЕДР»","Соответствует требованиям документов: ТУ","серия","АО «БИТК»","ФАУ «ГНИИИ ПТЗИ ФСТЭК России»","АО «Научно-производственный комплекс «Дедал»","141980, Московская обл., г. Дубна, ул. Жолио-Кюри, д. 20, стр. 41, (496) 212-8150","2030-12-31"
"3455","2015-10-27","2026-10-27","cистема защиты приложений от несанкционированного доступа Positive Technologies Application Firewall","Соответствует требованиям документов: Требования доверия(4), Требования к МЭ, Профиль защиты МЭ(Г четвертого класса защиты. ИТ.МЭ.Г4.ПЗ), ЗБ","серия","АНО «Институт инженерной физики»","АО «НПО «Эшелон»","АО «Позитив Текнолоджиз»","107061, г. Москва, вн.тер.г. муниципальный округ Преображенское, Преображенская пл., д. 8, помещ. 60, (495) 744-0144","2029-06-01"
"3455/1","2015-10-27","2026-10-27","cистема защиты приложений от несанкционированного доступа Positive Technologies Application Firewall","Соответствует требованиям документов: Требования доверия(4), Требования к МЭ, Профиль защиты МЭ(Г четвертого класса защиты. ИТ.МЭ.Г4.ПЗ), ЗБ","серия","АНО «Институт инженерной физики»","АО «НПО «Эшелон»","ООО «Прорывные технологии»","107113, г. Москва, ул. Маленковская, д. 14, к. 3, помещ. 4, этаж 1, ком. 1, офис 205, (495) 149-5817","2029-06-01"
"3456","2015-10-07","2018-10-07","межсетевой экран Cisco ASA 5585-X SSP-10 с программным обеспечением «Cisco Adaptive Security Appliance Software V.8.2(5)57», артикул ASA5585-S10P10-K8","Соответствует требованиям документов: РД МЭ(3)","2","АО «РНТ»","ЗАО «НПП «БИТ»","АО «Универсальная электронная карта»","119021, г. Москва, ул. Тимура Фрунзе, д. 11, стр. 15, (495) 777-1327",""
"3464","2015-11-10","2018-11-10","ПК «АИС «ВФСК ГТО» 4255-003-64572076-15","Соответствует требованиям документов: РД НДВ(4), ТУ","1","АО «БИТК»","ФАУ «ГНИИИ ПТЗИ ФСТЭК России»","ЗАО «Кросс технолоджис»","127055, г. Москва, ул. Новослободская, д. 14/19, стр. 8, пом. 11, (495) 741-8864",""
"3466","2015-11-13","2018-11-13","Oracle Identity Access Management Suite","Соответствует требованиям документов: РД НДВ(4), РД СВТ(5), ТУ","300","ЗАО ГИЦ ПС ВТ","АО «БИТК»","ООО «ФОРС-Центр разработки»","129272, г. Москва, Трифоновский тупик, д. 3, (495) 787-7040","2021-11-13"
"3467","2015-11-12","2018-11-12","МЗ ПО «СКИТ»","Соответствует требованиям документов: РД НДВ(4), ТУ","200","ООО «ЛИССИ-Софт»","ФАУ «ГНИИИ ПТЗИ ФСТЭК России»","ООО «Лайтигард»","115533, г. Москва, ул. Нагатинская, д. 5, пом. 519, (499) 678-2133",""
"3468","2015-11-12","2018-11-12","межсетевой экран Cisco ASA 5540 с установленным программным обеспечением Cisco Adaptive Security Appliance Version 9.1(6.1)","Соответствует требованиям документов: РД МЭ(3)","2","АО «НПО «Эшелон»","ФАУ «ГНИИИ ПТЗИ ФСТЭК России»","АО «Центральная пригородная пассажирская компания»","107078, г. Москва, ул. Новорязанская, д. 18, стр. 20, (499) 266-0265",""
"3469","2015-11-23","2023-11-23","Программный комплекс «Система биометрии»","Соответствует требованиям документов: РД НДВ(4)","2166","ООО «НПП «СВК»","ООО «ЦБИ»","АО «Ай-Теко»","119119, г. Москва, Ленинский просп., д. 42, кор. 6, пом. IV, ком. 9, (499) 777-1095",""
"3470","2015-11-26","2018-11-26","Программный продукт «bpm'online»","Соответствует требованиям документов: РД НДВ(4), ТУ","300","АО «НПО «Эшелон»","АО «БИТК»","ООО «КИС»","107023, г. Москва, ул. Электрозаводская, д. 24, стр. 1, (495) 285-3279","2020-06-01"
"3471","2015-11-23","2021-11-23","СППО ИТ «Договор-С» (версия 4)","Соответствует требованиям документов: РД НДВ(3), ТУ","1","АО «РНТ»","ФАУ «ГНИИИ ПТЗИ ФСТЭК России»","АО «Рособоронэкспорт»","107076, г. Москва, ул. Стромынка, д. 27, (495) 785-8301",""
"3472","2015-12-03","2018-12-03","Программный модуль аутентификации и разграничения прав доступа","Соответствует требованиям документов: РД НДВ(4), ТУ","30","АНО «Институт инженерной физики»","АО «НПО «Эшелон»","ООО «Аукционный Конкурсный Дом»","117452, г. Москва, Черноморский бульвар, д. 17, корп. 1, (495) 788-5428",""
"3474","2015-12-07","2028-12-07","Программа защиты информации от несанкционированного доступа ARMlock","Соответствует требованиям документов: Требования доверия(4), РД СВТ(5)","серия","АО «Лаборатория ППШ»","АО «НПО «Эшелон»","ООО «Вэлл-Сервис»","194156, г. Санкт-Петербург, пр. Энгельса, д. 37, оф. 402, (812) 987-0777","2029-12-31"
"3475","2015-12-25","2018-12-25","Программный комплекс «Катарсис» (версия 8)","Соответствует требованиям документов: РД НДВ(4), ТУ","серия","АО «НПО «Эшелон»","АО «БИТК»","ООО Научно-производственная компания «КАТАРСИС»","197110, г. Санкт-Петербург, ул. Барочная, д. 10, корп. 1, лит. А, (812) 380-8020","2029-12-31"
"3476","2015-11-30","2018-11-30","Программное обеспечение электропоезда типа ЭШ2 KISS RUS (АЭРО)","Соответствует требованиям документов: РД НДВ(4)","40","ООО «ИБТранс»","АО «НИИАС»","ООО «Штадлер РУС»","125424, г. Москва, Волоколамское шоссе, д. 73, (495) 363-4336",""
"3479","2015-12-07","2018-12-07","МБ АИС «Заказ РФ»","Соответствует требованиям документов: РД НДВ(4), ТУ","1","ООО «НПО ВС»","ООО «ЦБИ»","ГУП «Агентство по государственному заказу, межрегиональным связям и инвестиционной деятельности Республики Татарстан»","420021, г. Казань, ул. Московская, д. 55, (843) 292-9577",""
"3480","2015-12-18","2018-12-18","ПС «МЗИ ПО СВП»","Соответствует требованиям документов: РД НДВ(4), ТУ","1","АО «НПО «Эшелон»","ФАУ «ГНИИИ ПТЗИ ФСТЭК России»","ООО «РегионКом»","119049, г. Москва, ул. Крымский Вал, д. 3, стр. 2, (495) 969-2002",""
"3484","2015-12-25","2018-12-25","Сервисное обслуживание 2016 (шифр «СВК СО 2016»)","Соответствует требованиям документов: РД СЗЗ(9)","1500000","АО «БИТК»","ФСТЭК России","ООО «НПО Инфокристалл»","105064, г. Москва, Нижний Сусальный пер., д. 4, стр. 4, (495) 607-7469",""
"3485","2015-12-24","2018-12-24","Программное обеспечение «Единая система идентификации и аутентификации»","Соответствует требованиям документов: РД НДВ(4), ТУ","1","АО «НПО «Эшелон»","ФАУ «ГНИИИ ПТЗИ ФСТЭК России»","ОАО «Ростелеком»","119002, г. Москва, ул. Арбат, д. 46, (495) 727-49-77",""
"3487","2016-01-11","2019-01-11","коммутатор Cisco C4500X (WS-C4500X-24X-IPB)","Соответствует требованиям документов: РД МЭ(4)","2","АО «ДОКУМЕНТАЛЬНЫЕ СИСТЕМЫ»","ФАУ «ГНИИИ ПТЗИ ФСТЭК России»","АО «АМТ-ГРУП»","123022, г. Москва, улица 1905 года, д. 10А, стр. 1, этаж 8, пом. 11, (495) 725-7660",""
"3488","2015-12-30","2018-12-30","коммутатор Cisco N7K-C7009 (N7K-C7009-B2S2E) с установленным программным обеспечением Cisco NX-OS 
Software версии 7.2(1)D1(1)","Соответствует требованиям документов: РД МЭ(4)","2","АО «ДОКУМЕНТАЛЬНЫЕ СИСТЕМЫ»","ФАУ «ГНИИИ ПТЗИ ФСТЭК России»","АО «АМТ-ГРУП»","123022, г. Москва, улица 1905 года, д. 10А, стр. 1, этаж 8, пом. 11, (495) 725-7660",""
"3489","2015-12-30","2018-12-30","Cisco C6504E (VS-C6504E-SUP2T)","Соответствует требованиям документов: РД МЭ(4)","1","АО «ДОКУМЕНТАЛЬНЫЕ СИСТЕМЫ»","ФАУ «ГНИИИ ПТЗИ ФСТЭК России»","АО «АМТ-ГРУП»","123022, г. Москва, улица 1905 года, д. 10А, стр. 1, этаж 8, пом. 11, (495) 725-7660",""
"3490","2015-12-30","2018-12-30","МЭ Cisco ASA5585-S40P40-K8","Соответствует требованиям документов: РД МЭ(3)","1","АО «ДОКУМЕНТАЛЬНЫЕ СИСТЕМЫ»","ФАУ «ГНИИИ ПТЗИ ФСТЭК России»","АО «АМТ-ГРУП»","123022, г. Москва, улица 1905 года, д. 10А, стр. 1, этаж 8, пом. 11, (495) 725-7660",""
"3491","2016-01-11","2019-01-11","Juniper E320","Соответствует требованиям документов: РД МЭ(4)","28","АО «БИТК»","ЗАО «НПП «БИТ»","ПАО «Центральный телеграф»","125375, г. Москва, ул. Тверская, д. 7, (495) 504-4444",""
"3492","2016-01-12","2019-01-12","программное изделие «Интеграционная платформа» №07623615.00031-01","Соответствует требованиям документов: РД НДВ(2), ТУ","300","ООО «НПО ВС»","ФАУ «ГНИИИ ПТЗИ ФСТЭК России»","ФГУП «РФЯЦ-ВНИИЭФ»","607188, Нижегородская обл., г. Саров, пр-т Мира, д. 37, (831) 302-9644, (831) 302-9624",""
"3493","2016-01-12","2019-01-12","программное изделие «Портальные сервисы» №07623615.00032-01","Соответствует требованиям документов: РД НДВ(4), ТУ","300","АО «НПО «Эшелон»","ФАУ «ГНИИИ ПТЗИ ФСТЭК России»","ФГУП «РФЯЦ-ВНИИЭФ»","607188, Нижегородская обл., г. Саров, пр-т Мира, д. 37, (831) 302-9644, (831) 302-9624",""
"3494","2016-01-12","2019-01-12","программная платформа «JEE»","Соответствует требованиям документов: РД НДВ(2)","300","АО «НПО «Эшелон»","ФАУ «ГНИИИ ПТЗИ ФСТЭК России»","ФГУП «РФЯЦ-ВНИИЭФ»","607188, Нижегородская обл., г. Саров, пр-т Мира, д. 37, (831) 302-9644, (831) 302-9624",""
"3495","2016-01-12","2019-01-12","программное изделие «Система управления проектами и программами» №07623615.00035-01","Соответствует требованиям документов: РД НДВ(2), ТУ","300","АО «НПО «Эшелон»","ФАУ «ГНИИИ ПТЗИ ФСТЭК России»","ФГУП «РФЯЦ-ВНИИЭФ»","607188, Нижегородская обл., г. Саров, пр-т Мира, д. 37, (831) 302-9644, (831) 302-9624",""
"3496","2016-01-12","2019-01-12","Программное изделие «Система управления эффективностью деятельности на основе BI-решений»","Соответствует требованиям документов: РД НДВ(2), ТУ","300","АО «НПО «Эшелон»","ФАУ «ГНИИИ ПТЗИ ФСТЭК России»","ФГУП «РФЯЦ-ВНИИЭФ»","607188, Нижегородская обл., г. Саров, пр-т Мира, д. 37, (831) 302-9644, (831) 302-9624",""
"3497","2016-01-13","2019-01-13","СПО ФГИС «Федеральный портал управленческих кадров»","Соответствует требованиям документов: РД НДВ(4), ТУ","1","ФГУП «НПП «Гамма»","ООО «ЦБИ»","ООО «КВАРТА ВК»","109240, г. Москва, вн. тер.г. муниципальный округ Таганский,  наб. Москворецкая, д. 9, стр. 1, помещ./эт. 3/0/2, помещ./ком. III;IV/1-8, 8А, 9-18, 18А, 19-21, 5, 8, (495) 926-5423",""
"3498","2016-01-13","2029-01-13","программный комплекс «KOMRAD Enterprise SIEM»","Соответствует требованиям документов: Требования доверия(4), ТУ","серия","АНО «Институт инженерной физики»","ООО «ЦБИ»","АО «НПО «Эшелон»","107023, г. Москва, ул. Электрозаводская, д. 24, стр. 1, (495) 223-2392","2030-07-05"
"3499","2016-01-14","2019-01-14","ПО «Автоматизированная система управления инвестиционной деятельностью»","Соответствует требованиям документов: ТУ","30","АО «НПО «Эшелон»","ФАУ «ГНИИИ ПТЗИ ФСТЭК России»","ООО «КИС»","107023, г. Москва, ул. Электрозаводская, д. 24, стр. 1, (495) 285-3279",""
"3500","2016-01-14","2019-01-14","СПО «Ведомственный портал государственной автоматизированной системы правовой статистики»","Соответствует требованиям документов: ЗБ, РД НДВ(3), РД БИТ(ОУД3)","1","ООО «ЦБИ»","ФСТЭК России","Генеральная прокуратура Российской Федерации","125993, г. Москва, ул. Большая Дмитровка, д. 15, (495) 627-0212",""
"3501","2016-01-15","2019-01-15","ПО «АРМ «Правовая статистика»","Соответствует требованиям документов: РД НДВ(4)","1000","ООО «ЦБИ»","ФСТЭК России","Генеральная прокуратура Российской Федерации","125993, г. Москва, ул. Большая Дмитровка, д. 15, (495) 627-0212",""
"3502","2016-01-15","2019-01-15","программное обеспечение «АРМ «Регистрация заявлений и сообщений»","Соответствует требованиям документов: РД НДВ(4)","1000","ООО «ЦБИ»","ФСТЭК России","Генеральная прокуратура Российской Федерации","125993, г. Москва, ул. Большая Дмитровка, д. 15, (495) 627-0212",""
"3504","2016-01-19","2019-01-19","Cisco Catalyst 3850","Соответствует требованиям документов: РД МЭ(4)","3","АО «ДОКУМЕНТАЛЬНЫЕ СИСТЕМЫ»","ЗАО «НПП «БИТ»","АО «Инфозащита»","115114, г. Москва, Дербеневская наб., д. 11, (495) 781-6412",""
"3505","2016-01-19","2019-01-19","межсетевой экран Cisco ASA 5510 с установленным программным обеспечением Cisco ASA версии 9.1(6.10)","Соответствует требованиям документов: РД МЭ(4)","29","АО «ДОКУМЕНТАЛЬНЫЕ СИСТЕМЫ»","АО «Лаборатория ППШ»","АО «ЭЛВИС-ПЛЮС»","124527, г. Москва, г. Зеленоград, Солнечная аллея, д. 6, помещение VI, офис 7, (495) 276-0211",""
"3506","2016-01-19","2019-01-19","межсетевой экран Cisco ASA 5515 с установленным программным обеспечением Cisco ASA версии 9.5(1)","Соответствует требованиям документов: РД МЭ(4)","86","АО «ДОКУМЕНТАЛЬНЫЕ СИСТЕМЫ»","АО «Лаборатория ППШ»","АО «ЭЛВИС-ПЛЮС»","124527, г. Москва, г. Зеленоград, Солнечная аллея, д. 6, помещение VI, офис 7, (495) 276-0211",""
"3507","2016-01-19","2019-01-19","Cisco ASA 5512","Соответствует требованиям документов: РД МЭ(4)","126","АО «ДОКУМЕНТАЛЬНЫЕ СИСТЕМЫ»","АО «Лаборатория ППШ»","АО «ЭЛВИС-ПЛЮС»","124527, г. Москва, г. Зеленоград, Солнечная аллея, д. 6, помещение VI, офис 7, (495) 276-0211",""
"3509","2016-01-27","2029-01-27","Dr.Web Enterprise Security Suite","Соответствует требованиям документов: Требования доверия(2), Требования доверия(4), Требования к САВЗ, Профиль защиты САВЗ(А второго класса защиты. ИТ.САВЗ.А2.ПЗ), Профиль защиты САВЗ(А четвертого класса защиты. ИТ.САВЗ.А4.ПЗ), Профиль защиты САВЗ(Б второго класса защиты. ИТ.САВЗ.Б2.ПЗ), Профиль защиты САВЗ(Б четвертого класса защиты. ИТ.САВЗ.Б4.ПЗ), Профиль защиты САВЗ(В второго класса защиты. ИТ.САВЗ.В2.ПЗ), Профиль защиты САВЗ(В четвертого класса защиты. ИТ.САВЗ.В4.ПЗ), Профиль защиты САВЗ(Г второго класса защиты. ИТ.САВЗ.Г2.ПЗ), Профиль защиты САВЗ(Г четвертого класса защиты. ИТ.САВЗ.Г4.ПЗ), ЗБ","серия","АО «НПО «Эшелон»","ФАУ «ГНИИИ ПТЗИ ФСТЭК России»","ООО «Доктор Веб»","125124, г. Москва, 3-я улица Ямского поля, вл. 2, корп. 12А, (495) 789-4587","2031-12-31"
"3511","2016-01-29","2019-01-29","Защищенный персональный компьютер для реализации доступа пользователей к информационным ресурсам сети «Интернет» «АРМ-Интернет»","Соответствует требованиям документов: Требования к ср. для Интернет, НМД ПЭМИН-1998, ТУ","серия","ООО «ЦБИ»","ФАУ «ГНИИИ ПТЗИ ФСТЭК России»","ООО «Профиль Защиты»","141090, Московская обл., г. Королев, мкрн. Юбилейный, ул. Пионерская, д. 1/4, пом. 19, (495) 511-0788","2030-12-31"
"3512","2016-01-29","2019-01-29","ППО «Е5 Управление активами Корпорации»","Соответствует требованиям документов: ТУ","10","ФГУП «НПП «Гамма»","АО «БИТК»","ЗАО «Стратегия информационной безопасности»","143983, Московская обл., г. Железнодорожный, ул. Керамическая, д. 1, корп. 1, (495) 741-8779",""
"3513","2016-01-29","2019-01-29","межсетевой экран Cisco ASA 5515 с установленным программным обеспечением Cisco ASA версии 9.5(1)","Соответствует требованиям документов: РД МЭ(4)","20","АО «ДОКУМЕНТАЛЬНЫЕ СИСТЕМЫ»","ЗАО «НПП «БИТ»","ООО «АДВ Консалтинг»","119049, г. Москва, Крымский Вал, д. 10, (495) 134-3663",""
"3514","2016-02-05","2019-02-05","средство активной защиты информации от утечки за счет побочных электромагнитных излучений и наводок «Соната-Р3»","Соответствует требованиям документов: Требования к САЗ ПЭМИН-2014(А)","серия","ООО «ЦБИ»","ФАУ «ГНИИИ ПТЗИ ФСТЭК России»","ООО «Анна»","111141, г. Москва, ул. Плеханова, д. 15А, стр. 5, (495) 232-60-63","2026-02-05"
"3519","2016-02-12","2029-02-12","генератор шума по цепям электропитания, заземления и ПЭМИ «ЛГШ-503»","Соответствует требованиям документов: Требования к САЗ ПЭМИН-2014(А), Требования к САЗ ПЭМИН-2014(Б), ТУ","серия","АО «Лаборатория ППШ»","ФСТЭК России","ООО «Ленспецпроизводство»","199178, г. Санкт-Петербург, наб. реки Смоленки, д. 25, лит. Е, оф. 134, (812) 309-6170","2029-02-12"
"3520","2016-02-12","2029-02-12","сетевой генератор шума «ЛГШ-221»","Соответствует требованиям документов: Требования к САЗ ПЭМИН-2014(Б)","серия","АО «Лаборатория ППШ»","Ассоциация «ЕВРААС»","ООО «Ленспецпроизводство»","199178, г. Санкт-Петербург, наб. реки Смоленки, д. 25, лит. Е, оф. 134, (812) 309-6170","2029-02-12"
"3521","2016-02-12","2029-02-12","генератор шума по цепям электропитания, заземления и ПЭМИ «ЛГШ-513»","Соответствует требованиям документов: Требования к САЗ ПЭМИН-2014(А), Требования к САЗ ПЭМИН-2014(Б)","серия","АО «Лаборатория ППШ»","ФСТЭК России","ООО «Ленспецпроизводство»","199178, г. Санкт-Петербург, наб. реки Смоленки, д. 25, лит. Е, оф. 134, (812) 309-6170","2029-02-12"
"3530","2016-02-20","2029-02-20","программно-аппаратный комплекс Dionis-NX","Соответствует требованиям документов: Требования доверия(2), Требования к МЭ, Профиль защиты МЭ(А второго класса защиты. ИТ.МЭ.А2.ПЗ), Требования к СОВ, Профили защиты СОВ(cети второго класса защиты. ИТ.СОВ.С2.ПЗ)","серия","АО «БИТК»","ФАУ «ГНИИИ ПТЗИ ФСТЭК России»","ООО «Фактор-ТС»","123290, г. Москва, 1-й Магистральный проезд, д. 11, стр. 1, эт. 5, пом. I, комн. 4, (495) 644-3130",""
"3534","2016-03-02","2019-03-02","коммутатор Cisco Catalyst 3750X","Соответствует требованиям документов: РД МЭ(4)","7","АО «ДОКУМЕНТАЛЬНЫЕ СИСТЕМЫ»","АО «Лаборатория ППШ»","АО «ЭЛВИС-ПЛЮС»","124527, г. Москва, г. Зеленоград, Солнечная аллея, д. 6, помещение VI, офис 7, (495) 276-0211",""
"3536","2016-03-21","2019-03-21","коммутатор Cisco 65xx","Соответствует требованиям документов: РД МЭ(4)","5","АО «БИТК»","ФСТЭК России","Главное управление безопасности и защиты информации Банка России","107016, г. Москва, ул. Неглинная, д. 12, (495) 771-4261",""
"3537","2016-03-21","2019-03-21","межсетевой экран Cisco PIX-5xx","Соответствует требованиям документов: РД МЭ(4)","27","АО «БИТК»","ФСТЭК России","Главное управление безопасности и защиты информации Банка России","107016, г. Москва, ул. Неглинная, д. 12, (495) 771-4261",""
"3538","2016-03-21","2019-03-21","межсетевой экран Cisco ASA 55xx","Соответствует требованиям документов: РД МЭ(4)","182","АО «БИТК»","ФСТЭК России","Главное управление безопасности и защиты информации Банка России","107016, г. Москва, ул. Неглинная, д. 12, (495) 771-4261",""
"3539","2016-03-24","2029-03-24","средство активной защиты информации от утечки за счет побочных электромагнитных излучений и наводок «Соната-Р3.1»","Соответствует требованиям документов: Требования к САЗ ПЭМИН-2014(А), Требования к САЗ ПЭМИН-2014(Б)","серия","ООО «ЦБИ»","ФАУ «ГНИИИ ПТЗИ ФСТЭК России»","ООО «Анна»","111141, г. Москва, ул. Плеханова, д. 15А, стр. 5, (495) 232-60-63","2031-03-24"
"3540","2016-03-28","2019-03-28","Сервисное обслуживание 2016 (шифр «СВК СО 2016»)","Соответствует требованиям документов: РД СЗЗ(9)","1000000","АО «БИТК»","ФСТЭК России","ООО «НПО Инфокристалл»","105064, г. Москва, Нижний Сусальный пер., д. 4, стр. 4, (495) 607-7469",""
"3543","2016-04-14","2024-04-14","маскиратор побочных электромагнитных излучений и наводок «Маис-М2»","Соответствует требованиям документов: Требования к САЗ ПЭМИН-2014(А), Требования к САЗ ПЭМИН-2014(Б)","серия","ООО «ЦБИ»","ФАУ «ГНИИИ ПТЗИ ФСТЭК России»","АО «РНТ»","129515, г. Москва, ул. 2-я Останкинская, дом 6, (495) 777-7577","2029-12-31"
"3544","2016-04-14","2024-04-14","маскиратор побочных электромагнитных излучений и наводок «Маис-М1»","Соответствует требованиям документов: Требования к САЗ ПЭМИН-2014(А), Требования к САЗ ПЭМИН-2014(Б)","серия","ООО «ЦБИ»","ФАУ «ГНИИИ ПТЗИ ФСТЭК России»","АО «РНТ»","129515, г. Москва, ул. 2-я Останкинская, дом 6, (495) 777-7577","2029-12-31"
"3545","2016-04-14","2019-04-14","Генератор ГШ-2500МС (исполнение ТИДН.46217.010)","Соответствует требованиям документов: Требования к САЗ ПЭМИН-2014(Б), ТУ","серия","ООО «ЦБИ»","ФАУ «ГНИИИ ПТЗИ ФСТЭК России»","ФГУП СКБ ИРЭ РАН","141190, Московская обл., г. Фрязино, площадь Введенского, д. 1, 8 (496) 565 24-03, (495) 988-2825","2029-04-14"
"3546","2016-04-07","2019-04-07","Cisco SM1","Соответствует требованиям документов: РД МЭ(4)","2","АО «БИТК»","ФАУ «ГНИИИ ПТЗИ ФСТЭК России»","Главное управление безопасности и защиты информации Банка России","107016, г. Москва, ул. Неглинная, д. 12, (495) 771-4261",""
"3547","2016-04-07","2019-04-07","межсетевой экран Cisco FWSM","Соответствует требованиям документов: РД МЭ(4)","5","АО «БИТК»","ФАУ «ГНИИИ ПТЗИ ФСТЭК России»","Главное управление безопасности и защиты информации Банка России","107016, г. Москва, ул. Неглинная, д. 12, (495) 771-4261",""
"3548","2016-04-07","2019-04-07","сетевое устройство Alcatel OS6850-24","Соответствует требованиям документов: РД МЭ(4)","1","АО «БИТК»","ФАУ «ГНИИИ ПТЗИ ФСТЭК России»","Главное управление безопасности и защиты информации Банка России","107016, г. Москва, ул. Неглинная, д. 12, (495) 771-4261",""
"3549","2016-04-11","2019-04-11","«СЕТУНЬ» 2.0","Соответствует требованиям документов: РД НДВ(4)","300","ООО «ИБТранс»","АО «НИИАС»","ООО «СЕТУНЬ»","107031, г. Москва, ул. Рождественка, д. 5/7, стр. 2, пом. V, оф. 18, (495) 363-4336",""
"3551","2016-05-06","2019-05-06","программный комплекс «Автоматизированная система «Электронная торговая площадка ЕСТП»","Соответствует требованиям документов: РД НДВ(4), ТУ","1","АО «Информакустика»","АО «НПО «Эшелон»","ООО «ЕСТП»","115035 г. Москва, ул. Садовническая, д. 14, стр. 2, (495) 753-9055","2024-05-06"
"3552","2016-04-14","2019-04-14","генератор ГШ-2500МС (исполнение ТИДН.46217.010-01)","Соответствует требованиям документов: Требования к САЗ ПЭМИН-2014(А), ТУ","серия","ООО «ЦБИ»","ФАУ «ГНИИИ ПТЗИ ФСТЭК России»","ФГУП СКБ ИРЭ РАН","141190, Московская обл., г. Фрязино, площадь Введенского, д. 1, 8 (496) 565 24-03, (495) 988-2825","2029-04-14"
"3553","2016-04-20","2029-04-20","система защиты информации от несанкционированного доступа «Страж NT» версия 4.0","Соответствует требованиям документов: Требования доверия(2), РД СВТ(3)","серия","ООО «ЦБИ»","ЗАО «НПП «БИТ»","ООО «РУБИНТЕХ»","127018, г. Москва, вн. тер. г. муниципальный округ Марьина роща, ул. Сущевский вал, д.5, стр.3, помещ. I, ком.5, (495) 971-3376","2029-04-20"
"3556","2016-04-20","2029-04-20","программный комплекс «Kaspersky Security Center совместно с Kaspersky Private Security Network»","Соответствует требованиям документов: Требования доверия(2), Требования к САВЗ, Профиль защиты САВЗ(А второго класса защиты. ИТ.САВЗ.А2.ПЗ), ЗБ","серия","ЗАО «ВИВОСС и ОИ»","ФАУ «ГНИИИ ПТЗИ ФСТЭК России»","АО «Лаборатория Касперского»","125212, г. Москва, Ленинградское шоссе, д. 39А, стр. 2, (495) 797-8700","2029-04-20"
"3558","2016-04-26","2019-04-26","межсетевой экран Check Point R75.40","Соответствует требованиям документов: РД МЭ(4)","1","АО «НПО «Эшелон»","ФАУ «ГНИИИ ПТЗИ ФСТЭК России»","АО «Газпромбанк»","117420, Наметкина ул., д. 16, корп. 1, г. Москва, (495) 913-7474",""
"3559","2016-04-26","2019-04-26","система управления базами данных «Oracle Database 10g Release (10.2.0.3)»","Соответствует требованиям документов: ТУ","2","АО «НПО «Эшелон»","АО «Лаборатория ППШ»","АО «Газпромбанк»","117420, Наметкина ул., д. 16, корп. 1, г. Москва, (495) 913-7474",""
"3562","2016-04-27","2019-04-27","СУБД «Oracle Database 11g Release 2 (11.2.0.4)»","Соответствует требованиям документов: ТУ","3","АО «НПО «Эшелон»","АО «Лаборатория ППШ»","АО «Газпромбанк»","117420, Наметкина ул., д. 16, корп. 1, г. Москва, (495) 913-7474",""
"3564","2016-05-20","2019-05-20","расчетная часть специального программного обеспечения «Сапфир»","Соответствует требованиям документов: НМД по ТЗИ ВОСП-2005, РД НДВ(3), ТУ","серия","АО «БИТК»","ООО «ЦБИ»","ЗАО НПЦ Фирма «НЕЛК»","109377, г. Москва, ул. 1-я Новокузьминская, дом 8/2, (495) 921-3374","2025-08-29"
"3565","2016-05-12","2019-05-12","программное обеспечение «Изделие программное РПО ВПИУК  ИГНД.467511.687»","Соответствует требованиям документов: РД НДВ(2), ТУ","5","АНО «Институт инженерной физики»","ФАУ «ГНИИИ ПТЗИ ФСТЭК России»","АО КЦ «Атомбезопасность»","115230, г. Москва, пр. Электролитный, влад. 1А, стр. 1, (499) 317-62-18",""
"3566","2016-07-12","2019-07-12","Система мониторинга линий связи и блокировки канала передачи данных","Соответствует требованиям документов: РД НДВ(4)","50","ООО «НПП «СВК»","ФАУ «ГНИИИ ПТЗИ ФСТЭК России»","ООО «Техцентр»","197348, г. Санкт-Петербург, ул. Аэродромная, д. 8, литер А, офис 444, (812) 779-13-67",""
"3567","2016-05-17","2029-05-17","генератор шума «ЛГШ-501»","Соответствует требованиям документов: Требования к САЗ ПЭМИН-2014(А), Требования к САЗ ПЭМИН-2014(Б)","серия","АО «Лаборатория ППШ»","Гостехкомиссия России","ООО «Ленспецпроизводство»","199178, г. Санкт-Петербург, наб. реки Смоленки, д. 25, лит. Е, оф. 134, (812) 309-6170","2029-05-17"
"3568","2016-05-20","2019-05-20","система «Цирконий-С2000»","Соответствует требованиям документов: РД НДВ(2)","серия","ПФ АО «НТЦ «Атлас»","ФАУ «ГНИИИ ПТЗИ ФСТЭК России»","АО «ФНПЦ «ПО «Старт» им. М.В.Проценко»","442960, Пензенская обл., г. Заречный, пр-т Мира, д. 1, (841-2) 23-2853","2024-12-20"
"3570","2016-05-27","2029-05-27","специальное программное обеспечение автоматизированной системы биоидентификации «АССаД-ID»","Соответствует требованиям документов: Требования доверия(3), РД АСФЗ(1)","серия","ФГУП «СКЦ Росатома»","ФАУ «ГНИИИ ПТЗИ ФСТЭК России»","АО «АЛГОНТ»","248009, г. Калуга, Грабцевское шоссе, д. 33, (4842) 58-0707","2036-06-10"
"3571","2016-05-27","2019-05-27","межсетевой экран Cisco ASA 5585","Соответствует требованиям документов: РД МЭ(3)","2","АО «ДОКУМЕНТАЛЬНЫЕ СИСТЕМЫ»","АО «Лаборатория ППШ»","АО «Инфозащита»","115114, г. Москва, Дербеневская наб., д. 11, (495) 781-6412",""
"3572","2016-05-27","2019-05-27","сетевое устройство Cisco 2ххх","Соответствует требованиям документов: РД МЭ(4)","25","АО «БИТК»","ФАУ «ГНИИИ ПТЗИ ФСТЭК России»","Главное управление безопасности и защиты информации Банка России","107016, г. Москва, ул. Неглинная, д. 12, (495) 771-4261",""
"3573","2016-05-27","2019-05-27","коммутатор Cisco Catalist 450х","Соответствует требованиям документов: РД МЭ(4)","4","АО «БИТК»","ФАУ «ГНИИИ ПТЗИ ФСТЭК России»","Главное управление безопасности и защиты информации Банка России","107016, г. Москва, ул. Неглинная, д. 12, (495) 771-4261",""
"3576","2016-06-07","2019-06-07","межсетевой экран Cisco ASA 5585","Соответствует требованиям документов: РД МЭ(3)","1","АО «БИТК»","ЗАО «НПП «БИТ»","ООО «Поликом»","603001, г. Нижний Новгород, ул. Рождественская, д. 12, (831) 461-4614",""
"3577","2016-06-24","2019-06-24","ПО «Специализированное программное обеспечение «Тобол-ТВ»","Соответствует требованиям документов: РД НДВ(2), ТУ","серия","ФГУП «СКЦ Росатома»","ФАУ «ГНИИИ ПТЗИ ФСТЭК России»","АО «ФЦНИВТ «СНПО «Элерон»","115563, г. Москва, ул. Генерала Белова, д. 14, (499) 725-0291","2026-12-31"
"3580","2016-06-15","2019-06-15","ПО «Система микропроцессорная управления, регулирования и диагностики «МПСУ-ТП». Программа управляющая для тепловоза ТЭМ19»","Соответствует требованиям документов: РД НДВ(4)","50","ООО «НПП «СВК»","АО «НИИАС»","АО «ВНИКТИ»","140402, Московская обл., г. Коломна, ул. Октябрьской революции, д. 410, (496) 618-8218, (496) 618-8283",""
"3581","2016-06-23","2019-06-23","программное обеспечение «Программа регулятора ЭРЧМ30Т4-02-02» 643.24428398.00065-05","Соответствует требованиям документов: РД НДВ(4)","1","ООО «НПП «СВК»","АО «НИИАС»","ООО «ППП Дизельавтоматика»","410017 г. Саратов, ул. Чернышевского, д. 109, (8452) 20-3810",""
"3583","2016-06-28","2029-06-28","Система виброакустической защиты «Муссон» (в комплектации с блоками питания БП-0.5, БП-1, БП-2)","Соответствует требованиям документов: ТУ, Требования к СВАЗ-2023(Б4)","серия","АО «БИТК»","ФАУ «ГНИИИ ПТЗИ ФСТЭК России»","ООО «Тех ЗИ»","141090, Московская обл., г. Королев, мкр.  Юбилейный, ул. Пионерская, д. 7/1, кв. 148, (499) 714-2109",""
"3584","2016-06-27","2029-06-27","генератор акустического шума «ЛГШ-304»","Соответствует требованиям документов: ТУ, Требования к СВАЗ-2023(Б2)","серия","АО «Лаборатория ППШ»","АО «БИТК»","ООО «Ленспецпроизводство»","199178, г. Санкт-Петербург, наб. реки Смоленки, д. 25, лит. Е, оф. 134, (812) 309-6170","2029-06-27"
"3585","2016-06-28","2029-06-28","«ЛГШ-402»","Соответствует требованиям документов: ТУ, Требования к СВАЗ-2023(А4)","серия","АО «Лаборатория ППШ»","Гостехкомиссия России","ООО «Ленспецпроизводство»","199178, г. Санкт-Петербург, наб. реки Смоленки, д. 25, лит. Е, оф. 134, (812) 309-6170","2029-06-28"
"3586","2016-06-28","2029-06-28","САЗ «ГНОМ-3М»","Соответствует требованиям документов: Требования к САЗ ПЭМИН-2014(А), Требования к САЗ ПЭМИН-2014(Б), ТУ","серия","ООО «ЦБИ»","ФАУ «ГНИИИ ПТЗИ ФСТЭК России»","АО «Приборостроитель»","188800 г. Выборг, ул. Данилова, д. 15, (81378) 25-407",""
"3587","2016-06-28","2019-06-28","«Гром-И-5»","Соответствует требованиям документов: Требования к САЗ ПЭМИН-2014(А), ТУ","серия","ООО «ЦБИ»","ФАУ «ГНИИИ ПТЗИ ФСТЭК России»","АО «ИНФОПРО»","125047, г. Москва, ул. Брестская 2-я, д. 8, пом. XV, ком. 23, (495) 319-1618, (800) 555-8505","2032-12-31"
"3588","2016-06-28","2029-06-28","система активной защиты информации от утечки по каналам ПЭМИН «Гром-И-5» исп. 2, «Гром-И-5» исп. 3","Соответствует требованиям документов: Требования к САЗ ПЭМИН-2014(А), Требования к САЗ ПЭМИН-2014(Б)","серия","ООО «ЦБИ»","ФАУ «ГНИИИ ПТЗИ ФСТЭК России»","АО «ИНФОПРО»","125047, г. Москва, ул. Брестская 2-я, д. 8, пом. XV, ком. 23, (495) 319-1618, (800) 555-8505","2032-12-31"
"3589","2016-06-30","2019-06-30","СЗИ от НСД программного комплекса «мойОфис»","Соответствует требованиям документов: РД НДВ(4), ТУ","100","ООО «НТЦ «ИРБИС»","ООО «ЦБИ»","ООО «НОВЫЕ ОБЛАЧНЫЕ ТЕХНОЛОГИИ»","420500, Республика Татарстан, г. Иннополис, ул. Университетская, д. 7, офис 302, (495) 134-0032",""
"3590","2016-07-01","2024-07-01","Система защиты информации от утечки за счет ПЭМИН «Стикс-4»","Соответствует требованиям документов: Требования к САЗ ПЭМИН-2014(А), Требования к САЗ ПЭМИН-2014(Б), ТУ","серия","ООО «ЦБИ»","ФАУ «ГНИИИ ПТЗИ ФСТЭК России»","АО «Информакустика»","194021, г. Санкт-Петербург, ул. Политехническая, д. 22, лит. А, (812) 777-7884","2027-07-01"
"3591","2016-07-01","2029-07-01","персональная электронная вычислительная машина в защищенном исполнении  семейства «Secret»","Соответствует требованиям документов: Требования ТЗИ, ТУ","серия","ФГУ «12 ЦНИИ Минобороны России»","","АО «ЦБИ-сервис»","141090, Московская область, г.о. Королев, г. Королев, мкр. Юбилейный, ул. Пионерская, д. 1/4, помещение XVII, (495) 510-4498","2029-07-01"
"3594","2016-07-04","2029-07-04","система защиты информации от несанкционированного доступа «Dallas Lock Linux»","Соответствует требованиям документов: Требования доверия(4), Требования к МЭ, Профиль защиты МЭ(В четвертого класса защиты. ИТ.МЭ.В4.ПЗ), Требования к СКН, Профиль защиты СКН(контроля подключения съемных машинных носителей информации четвертого класса защиты. ИТ.СКН.П4.ПЗ), Требования к СОВ, Профили защиты СОВ(узла четвертого класса защиты. ИТ.СОВ.У4.ПЗ), РД СВТ(5)","серия","АО «Лаборатория ППШ»","АО «НПО «Эшелон»","ООО «Конфидент»","192029, г. Санкт-Петербург, пр. Обуховской обороны, д. 51, лит. К, (812) 325-1037","2030-07-04"
"3595","2016-07-18","2019-07-18","межсетевой экран Cisco ASA 5585","Соответствует требованиям документов: РД МЭ(4)","2","ООО «НПО ВС»","ФСТЭК России","ГУП «Центр информационных технологий Республики Татарстан»","420107, г. Казань, ул. Петербургская, д. 52, IT-парк, (843) 279 5173",""
"3596","2016-07-12","2029-07-12","система «Шорох-5Л»","Соответствует требованиям документов: ТУ, Требования к СВАЗ-2023(Б1)","серия","ФГУП «Гостехстрой»","ООО «ЦБИ»","ООО «ЦБИ «МАСКОМ»","129090, г. Москва, вн.рер.г. муниципальный округ Красносельский, пер. Живарев, д. 8, стр. 3, помещ. 1/5, (495) 136-4010","2039-07-12"
"3597","2016-07-11","2029-07-11","программный комплекс «Электронный замок «ВИТЯЗЬ», версия 2.2","Соответствует требованиям документов: Требования доверия(2), Требования к САВЗ, Профиль защиты САВЗ(Г второго класса защиты. ИТ.САВЗ.Г2.ПЗ), Требования к СДЗ, Профиль защиты СДЗ(базовой системы ввода-вывода второго класса защиты. ИТ.СДЗ.УБ2.ПЗ)","серия","ЗАО «КЛИО»","ФАУ «ГНИИИ ПТЗИ ФСТЭК России»","АО «Крафтвэй корпорэйшн ПЛС»","249032, Калужская обл., г. Обнинск, ш. Киевское, д. 64, (495) 969-2400","2035-12-31"
"3598","2016-07-14","2019-07-14","КИБ Серчинформ 5.0
","Соответствует требованиям документов: РД НДВ(4), ТУ","серия","АО «ДОКУМЕНТАЛЬНЫЕ СИСТЕМЫ»","ФАУ «ГНИИИ ПТЗИ ФСТЭК России»","ООО «СерчИнформ»","121069, Москва, Скатертный переулок, д. 8/1, стр. 1, пом. I, комн. 2, (495) 721-8406
доб. 129 офисменеджер Ожегова","2030-12-31"
"3599","2016-07-22","2029-07-22","Система постановки виброакустических и акустических помех «ЛГШ-404»","Соответствует требованиям документов: ТУ, Требования к СВАЗ-2023(АВ2)","серия","АО «Лаборатория ППШ»","ООО «ЦБИ»","ООО «Ленспецпроизводство»","199178, г. Санкт-Петербург, наб. реки Смоленки, д. 25, лит. Е, оф. 134, (812) 309-6170","2029-07-22"
"3600","2016-08-03","2019-08-03","Генератор шума «Гамма-ГШ18»","Соответствует требованиям документов: Требования к САЗ ПЭМИН-2014(Б), ТУ","серия","ООО «ЦБИ»","ФАУ «ГНИИИ ПТЗИ ФСТЭК России»","ФГУП «НПП «Гамма»","117393, г. Москва, ул. Профсоюзная, д. 78, стр. 4, (495) 514-0274, (495) 663-1684","2030-12-09"
"3603","2016-08-09","2019-08-09","коммутатор Cisco C2960X с установленным программным обеспечением Cisco версии IOS 15.2(2)E3","Соответствует требованиям документов: РД МЭ(4)","6","ООО «ЛИССИ-Софт»","АО «Лаборатория ППШ»","АО «Инжиниринговая компания «АЭМ – технологии»","196653, г. Санкт-Петербург, г. Колпино, ул. Финляндская, д. 7, (812) 339-0339",""
"3604","2016-08-09","2019-08-09","коммутатор Cisco C3750X","Соответствует требованиям документов: РД МЭ(4)","3","ООО «ЛИССИ-Софт»","АО «Лаборатория ППШ»","АО «Инжиниринговая компания «АЭМ – технологии»","196653, г. Санкт-Петербург, г. Колпино, ул. Финляндская, д. 7, (812) 339-0339",""
"3606","2016-09-29","2019-09-29","система обнаружения вторжений WS-SVC-ASA-SM1-K8","Соответствует требованиям документов: Требования к СОВ, Профили защиты СОВ(cети пятого класса защиты. ИТ.СОВ.С5.ПЗ)","1","АО «БИТК»","ФАУ «ГНИИИ ПТЗИ ФСТЭК России»","АО «ЛАНИТ»","129075, г. Москва, вн.тер.г. муниципальный округ Останкинский, Мурманский пр-д, д. 14, к. 1, (495) 967-6657",""
"3609","2016-09-29","2019-09-29","СОВ IPS 4345","Соответствует требованиям документов: Требования к СОВ, Профили защиты СОВ(cети пятого класса защиты. ИТ.СОВ.С5.ПЗ)","1","АО «БИТК»","ФАУ «ГНИИИ ПТЗИ ФСТЭК России»","АО «ЛАНИТ»","129075, г. Москва, вн.тер.г. муниципальный округ Останкинский, Мурманский пр-д, д. 14, к. 1, (495) 967-6657",""
"3610","2016-08-12","2019-08-12","межсетевой экран с системой обнаружения вторжений ASA 5512","Соответствует требованиям документов: Требования к СОВ, Профили защиты СОВ(cети пятого класса защиты. ИТ.СОВ.С5.ПЗ), РД МЭ(3)","2","АО «БИТК»","ФАУ «ГНИИИ ПТЗИ ФСТЭК России»","АО «ЛАНИТ»","129075, г. Москва, вн.тер.г. муниципальный округ Останкинский, Мурманский пр-д, д. 14, к. 1, (495) 967-6657",""
"3612","2016-08-24","2019-08-24","программа для ЭВМ «ЭЛПОСТ»","Соответствует требованиям документов: РД НДВ(4)","50","АО «Лаборатория ППШ»","ФАУ «ГНИИИ ПТЗИ ФСТЭК России»","ООО «АЛЬПРИНТО»","191024, г. Санкт-Петербург, ул. 4-я Советская, д. 40, лит. Ж, (812) 328-3528",""
"3614","2016-08-31","2019-08-31","автоматизированная информационная система «Зачисление в учреждения дополнительного образования»","Соответствует требованиям документов: РД СВТ(5), ТУ","1","АО «ДОКУМЕНТАЛЬНЫЕ СИСТЕМЫ»","ФАУ «ГНИИИ ПТЗИ ФСТЭК России»","ООО «АЛЬФАКОМ»","105554, г. Москва, ул. Первомайская, д. 76, (495) 212-1673",""
"3616","2016-09-02","2019-09-02","система виртуализации VMware vSphere 5.5 в составе с подсистемой централизованного управления VMware vCenter Server","Соответствует требованиям документов: ТУ","1","АО «НПО «Эшелон»","ООО «ЦБИ»","ФГУП «СКЦ Росатома»","119017, г. Москва, ул. Большая Ордынка, д. 24, (495) 933-6040",""
"3618","2016-09-05","2019-09-05","ИС предоставления государственных услуг в сфере образования в электронном виде","Соответствует требованиям документов: РД СВТ(5), ТУ","1","АО «ДОКУМЕНТАЛЬНЫЕ СИСТЕМЫ»","ФАУ «ГНИИИ ПТЗИ ФСТЭК России»","ООО «АЛЬФАКОМ»","105554, г. Москва, ул. Первомайская, д. 76, (495) 212-1673",""
"3619","2016-10-06","2024-10-06","программное обеспечение «Рутокен Keybox»","Соответствует требованиям документов: Требования доверия(4)","серия","ЗАО «НПП «БИТ»","АО «Лаборатория ППШ»","АО «Актив-софт»","115088, г. Москва, ул. Шарикоподшипниковская, д. 1, этаж 4, пом. IX, комн. 11, (495) 925-7790","2030-10-28"
"3621","2016-09-16","2019-09-16","КПО КСУиД для двигателя GEVO12","Соответствует требованиям документов: РД НДВ(4)","500","ООО «ИБТранс»","АО «НИИАС»","ООО «ДжиИ Рус»","123317, г. Москва, Пресненская наб., д. 10, (495) 739-6811",""
"3622","2016-09-16","2019-09-16","ПО «Пульт управления унифицированный (УПУ). Программа УПУ тепловозов ТЭМ18ДМ»","Соответствует требованиям документов: РД НДВ(4)","1000","ООО «НПП «СВК»","АО «НИИАС»","АО «ВНИКТИ»","140402, Московская обл., г. Коломна, ул. Октябрьской революции, д. 410, (496) 618-8218, (496) 618-8283",""
"3623","2016-09-16","2019-09-16","ПО «Пульт управления унифицированный (УПУ). Программа УПУ тепловозов 2ТЭ10МК и 3ТЭ10МК»","Соответствует требованиям документов: РД НДВ(4)","1000","ООО «НПП «СВК»","АО «НИИАС»","АО «ВНИКТИ»","140402, Московская обл., г. Коломна, ул. Октябрьской революции, д. 410, (496) 618-8218, (496) 618-8283",""
"3625","2016-09-20","2029-09-20","система активной акустической и вибрационной защиты акустической речевой информации «Соната-АВ» модель 4Б","Соответствует требованиям документов: ТУ, Требования к СВАЗ-2023(А1), Требования к СВАЗ-2023(Б1), Требования к СВАЗ-2023(В1)","серия","ООО «ЦБИ»","АО «НПО «Эшелон»","ООО «Анна»","111141, г. Москва, ул. Плеханова, д. 15А, стр. 5, (495) 232-60-63","2026-09-20"
"3630","2016-11-03","2019-11-03","ПО микропроцессорной панели управления «МПУ»","Соответствует требованиям документов: ЗБ, ТУ","серия","ООО «ЦБИ»","ФАУ «ГНИИИ ПТЗИ ФСТЭК России»","АО «Управление ВОЛС-ВЛ»","115184, г. Москва, Семёновский переулок, д. 15, (495) 710-5550","2029-11-03"
"3632","2016-09-30","2019-09-30","программное изделие «Система управления жизненным циклом изделия «ЛОЦМАН:PLM SE MILITARY» в составе двух исполнений: исполнение 1 - «PLM:ТИС 2014» и исполнение 2 - «ЛОЦМАН:PLM 2018 SE»","Соответствует требованиям документов: РД НДВ(2), ТУ","300","АО «НПО «Эшелон»","ООО «ЦБИ»","ФГУП «РФЯЦ-ВНИИЭФ»","607188, Нижегородская обл., г. Саров, пр-т Мира, д. 37, (831) 302-9644, (831) 302-9624","2025-12-31"
"3636","2016-10-11","2019-10-11","программное обеспечение «Управление доступом в автоматизированной системе информационно-аналитического центра системы государственного учета и контроля радиоактивных веществ и радиоактивных отходов» (ПО «УД АС ИАЦ СГУК РВ и РАО»)","Соответствует требованиям документов: РД НДВ(4)","100","ФГУП «СКЦ Росатома»","ФАУ «ГНИИИ ПТЗИ ФСТЭК России»","ФГУП «РФЯЦ – ВНИИТФ им. академ. Е.И. Забабахина»","456770, Челябинская обл., г. Снежинск, ул. Васильева, д. 13, (35146) 5-51-20",""
"3637","2016-10-05","2029-10-05","система управления базами данных «Postgres Pro»","Соответствует требованиям документов: Требования доверия(4), ТУ, Требования к СУБД(4)","серия","АО «НПО «Эшелон»","АО «Лаборатория ППШ»","ООО «ППГ»","117630, г. Москва, вн.тер.г. муниципальный округ Обручевский, ул. Обручева, д. 23, стр. 1, эт. 6, помещ. 33Н, ком. 6.3, (495) 150-0691","бессрочно"
"3638","2016-10-05","2019-10-05","Межсетевой экран с расширенной функциональностью, коммуникационный центр «ИВК Кольчуга»","Соответствует требованиям документов: РД МЭ(3), РД НДВ(4), ТУ","серия","ООО «ЦБИ»","АО «Лаборатория ППШ»","АО «ИВК»","129110, г. Москва, ул. Гиляровского, д. 57, стр. 1, комн. 73, (495) 221-6580","2027-06-30"
"3641","2016-10-06","2019-10-06","АИС «Общегородской электронный журнал/дневник»","Соответствует требованиям документов: РД СВТ(5), ТУ","1","АО «ДОКУМЕНТАЛЬНЫЕ СИСТЕМЫ»","ФАУ «ГНИИИ ПТЗИ ФСТЭК России»","ООО «АЛЬФАКОМ»","105554, г. Москва, ул. Первомайская, д. 76, (495) 212-1673",""
"3642","2016-10-20","2019-10-20","маршрутизатор Cisco ISR 4331 с установленным программным обеспечением Cisco IOS XE версии 03.16.02.S","Соответствует требованиям документов: РД МЭ(4)","1","ООО «ЛИССИ-Софт»","АО «БИТК»","ООО «ИНТАКТ»","127282, г. Москва, ул. Полярная, д. 33
(495) 989-4049",""
"3643","2016-10-18","2019-10-18","программное изделие (версии 1.0) «Средство защиты прикладного программного обеспечения «Автоматизированная Система Электронная Торговая Площадка B2B-Center»","Соответствует требованиям документов: РД НДВ(4), ТУ","1","ЗАО «КЛИО»","АО «БИТК»","АО «Центр развития экономики»","142601, Московская обл., г. Орехово-Зуево, ул. Бабушкина, д. 2 «а», (495) 989-8519",""
"3644","2016-10-19","2019-10-19","ИС «Проход в образовательное учреждение», «Предоставление бесплатного питания льготным категориям детей», «Предоставление платного питания»","Соответствует требованиям документов: РД СВТ(5), ТУ","1","АО «ДОКУМЕНТАЛЬНЫЕ СИСТЕМЫ»","ФАУ «ГНИИИ ПТЗИ ФСТЭК России»","ООО «АЛЬФАКОМ»","105554, г. Москва, ул. Первомайская, д. 76, (495) 212-1673",""
"3645","2016-10-19","2019-10-19","Общегородская платформа электронных образовательных материалов","Соответствует требованиям документов: РД СВТ(5), ТУ","1","АО «ДОКУМЕНТАЛЬНЫЕ СИСТЕМЫ»","ФАУ «ГНИИИ ПТЗИ ФСТЭК России»","ООО «АЛЬФАКОМ»","105554, г. Москва, ул. Первомайская, д. 76, (495) 212-1673",""
"3646","2016-11-08","2019-11-08","Мелодия-РТ","Соответствует требованиям документов: ТУ","3","ФАУ «ГНИИИ ПТЗИ ФСТЭК России»","ООО «ЦБИ»","ООО «АПиСТЗ»","117534, г. Москва, вн.тер.г. муниципальный округ Чертаново Южное, ул. Кировоградская, д. 23А, (495) 926-38-58","2024-12-31"
"3647","2016-11-08","2019-11-08","МЭ Cisco ASA 5585-S20-K8 с установленным программным обеспечением Cisco ASA Software версии 8.4(4)1","Соответствует требованиям документов: РД МЭ(4)","1","ФГУП «РФЯЦ-ВНИИЭФ»","АО «БИТК»","ГБУ Сахалинской области «Сахалинский областной центр информатизации»","693000, Сахалинская обл., г. Южно-Сахалинск, пр-т. Коммунистический, д. 39, корп. В, оф. 414, (424) 267-2117, (4242) 67-2100",""
"3649","2016-11-09","2019-11-09","Security Capsule","Соответствует требованиям документов: РД НДВ(4), ТУ","серия","АО «Информакустика»","АО «Лаборатория ППШ»","ООО «ИТБ»","198097, г. Санкт-Петербург, пр-т Стачек, д. 48, корп. 2, лит. А, эт/пом/оф 2/14Н/202, (812) 335-0145, (812) 315-5265","2025-11-09"
"3651","2016-11-08","2019-11-08","Cisco 2901","Соответствует требованиям документов: РД МЭ(4)","145","АО «ДОКУМЕНТАЛЬНЫЕ СИСТЕМЫ»","ФАУ «ГНИИИ ПТЗИ ФСТЭК России»","АО «АМТ-ГРУП»","123022, г. Москва, улица 1905 года, д. 10А, стр. 1, этаж 8, пом. 11, (495) 725-7660",""
"3652","2016-11-08","2019-11-08","Cisco 2921","Соответствует требованиям документов: РД МЭ(4)","7","АО «ДОКУМЕНТАЛЬНЫЕ СИСТЕМЫ»","ФАУ «ГНИИИ ПТЗИ ФСТЭК России»","АО «АМТ-ГРУП»","123022, г. Москва, улица 1905 года, д. 10А, стр. 1, этаж 8, пом. 11, (495) 725-7660",""
"3653","2016-11-09","2019-11-09","СПО Diasoft","Соответствует требованиям документов: РД НДВ(4)","100","ЗАО «НПП «БИТ»","ФАУ «ГНИИИ ПТЗИ ФСТЭК России»","ЗАО «АСТ»","115522, г. Москва, Пролетарский просп., д. 8, корп. 2, (495) 679-86-86",""
"3655","2016-12-14","2019-12-14","ПО ЭП20","Соответствует требованиям документов: РД НДВ(4)","200","ООО «ИБТранс»","АО «НИИАС»","ООО «АВП Технология»","107553, г. Москва. Окружной проезд, д. 5, стр. 1, (495) 788-7084",""
"3656","2016-11-11","2019-11-11","КПД-3ПВ, БУ-3ПВ","Соответствует требованиям документов: РД НДВ(4)","200","ООО «ИБТранс»","АО «НИИАС»","ОАО «Электромеханика»","440052, г. Пенза, ул. Гоголя, д. 51/53, (8412) 20-9000",""
"3657","2016-11-09","2029-11-09","система акустических и виброакустических помех «БУРАН»","Соответствует требованиям документов: Требования к СВАЗ-2023(АВ2)","серия","ФАУ «ГНИИИ ПТЗИ ФСТЭК России»","АО «Лаборатория ППШ»","ЗАО НПЦ Фирма «НЕЛК»","109377, г. Москва, ул. 1-я Новокузьминская, дом 8/2, (495) 921-3374","2029-12-31"
"3658","2016-11-15","2019-11-15","Perimetrix SafeSpace","Соответствует требованиям документов: РД НДВ(4), ТУ","50","АО «ДОКУМЕНТАЛЬНЫЕ СИСТЕМЫ»","ФАУ «ГНИИИ ПТЗИ ФСТЭК России»","ООО «Периметрикс»","119607, г. Москва, Мичуринский пр-т, д. 45 (495) 737-8866",""
"3663","2016-11-23","2019-11-23","Cisco 2921","Соответствует требованиям документов: РД МЭ(4)","1","АО «Лаборатория ППШ»","ЗАО «НПП «БИТ»","ООО «БЕЗОПАСНОСТЬ»","192102, г. Санкт-Петербург, ул. Салова, д. 27, лит. А, (812) 411-9115",""
"3664","2016-11-23","2019-11-23","Cisco 2901","Соответствует требованиям документов: РД МЭ(4)","20","АО «Лаборатория ППШ»","ЗАО «НПП «БИТ»","ООО «БЕЗОПАСНОСТЬ»","192102, г. Санкт-Петербург, ул. Салова, д. 27, лит. А, (812) 411-9115",""
"3665","2016-11-23","2024-11-23","устройство однонаправленной передачи аудиоинформации «Аудиовентиль «АД-3»","Соответствует требованиям документов: ТУ","серия","ООО «ЦБИ»","АО «БИТК»","ООО «Профиль Защиты»","141090, Московская обл., г. Королев, мкрн. Юбилейный, ул. Пионерская, д. 1/4, пом. 19, (495) 511-0788","2027-12-31"
"3666","2016-11-25","2029-11-25","средство доверенной загрузки «Dallas Lock»","Соответствует требованиям документов: Требования доверия(2), Требования к СДЗ, Профиль защиты СДЗ(платы расширения второго класса защиты. ИТ.СДЗ.ПР2.ПЗ)","серия","АО «Лаборатория ППШ»","АО «НПО «Эшелон»","ООО «Конфидент»","192029, г. Санкт-Петербург, пр. Обуховской обороны, д. 51, лит. К, (812) 325-1037","2030-11-25"
"3669","2016-12-06","2019-12-06","ШАФЛ#ШЛЮЗ","Соответствует требованиям документов: РД НДВ(4)","1","ЗАО ГИЦ ПС ВТ","ООО «ЦБИ»","ООО «РЕД СОФТ»","121205, г. Москва, территория Сколково инновационного центра, ул. Нобеля, д. 5, эт. 2, пом. 4, (495) 285-6268","2020-12-06"
"3670","2016-11-17","2019-11-17","SAP NetWeaver 7.4 Application Server","Соответствует требованиям документов: РД СВТ(5)","15","АО «БИТК»","ФАУ «ГНИИИ ПТЗИ ФСТЭК России»","АО «Атомный энергопромышленный комплекс»","119017, г. Москва, ул. Большая Ордынка, д. 24, (495) 933-6040",""
"3672","2016-11-18","2019-11-18","программное обеспечение «Программный комплекс по обеспечению деятельности по профилактике коррупционных и иных правонарушений. Модуль для кадрового подразделения «Справка ГС+» (аналитический блок)»","Соответствует требованиям документов: РД НДВ(2), ТУ","1500","АО «НПО «Эшелон»","ФСТЭК России","Министерство труда и социального развития Российской Федерации","127994, ГСП-4, г. Москва, ул. Ильинка, д. 21, (495) 926-9901",""
"3673","2016-12-06","2019-12-06","МЭ Cisco ASA 5585 с установленным программным обеспечением Cisco Adaptive Security Appliance Software v. 9.1.(7)","Соответствует требованиям документов: РД МЭ(4)","4","ООО «Газинформсервис»","АО «Лаборатория ППШ»","ООО «Газпромнефть-Хантос»","628011, г. Ханты-Мансийск, ул. Ленина, д. 56, 30/33, литер строения А, (3467) 35-4800",""
"3674","2016-12-07","2019-12-07","модуль безопасности «Электронной торговой площадки «etprf.ru»","Соответствует требованиям документов: РД НДВ(4), ТУ","1","ООО «НПО ВС»","ФАУ «ГНИИИ ПТЗИ ФСТЭК России»","ООО «Электронная торговая площадка»","420097, Республика Татарстан, г. Казань, ул. Достоевского, д. 66 (800) 700-0369",""
"3675","2016-12-12","2024-12-12","средство защиты информации Secret Net Studio — C","Соответствует требованиям документов: Требования доверия(2), Требования к МЭ, Профиль защиты МЭ(В второго класса защиты. ИТ.МЭ.В2.ПЗ), РД СВТ(3)","серия","АО «НПО «Эшелон»","ФАУ «ГНИИИ ПТЗИ ФСТЭК России»","ООО «Код Безопасности»","129515, г. Москва, вн.тер.г. Муниципальный округ Останкинский, ул. Академика Королева, д. 13, стр. 1, пом. 13/8, (495) 982-3020","2028-12-31"
"3676","2016-12-12","2029-12-12","программное изделие «Kaspersky Security 9.0 для Microsoft Exchange Servers»","Соответствует требованиям документов: Требования доверия(2), Требования к САВЗ, Профиль защиты САВЗ(Б второго класса защиты. ИТ.САВЗ.Б2.ПЗ), ЗБ","серия","ЗАО «ВИВОСС и ОИ»","ООО «ЦБИ»","АО «Лаборатория Касперского»","125212, г. Москва, Ленинградское шоссе, д. 39А, стр. 2, (495) 797-8700","2029-12-12"
"3679","2016-12-14","2019-12-14","ПО «Система микропроцессорная управления, регулирования и диагностики «МПСУ-ГТ1Н». Программа управляющая для газотурбовоза ГТ1Н-002»","Соответствует требованиям документов: РД НДВ(4)","50","ООО «ИБТранс»","АО «НИИАС»","АО «ВНИКТИ»","140402, Московская обл., г. Коломна, ул. Октябрьской революции, д. 410, (496) 618-8218, (496) 618-8283",""
"3680","2017-01-25","2020-01-25","защищенное мобильное устройство системы доступа к ресурсам Банка России. Модификация № 2 («ЗМУ-2-ЦБ РФ»)","Соответствует требованиям документов: ТУ","29","АО «ЦБИ-сервис»","ФСТЭК России","Главное управление безопасности и защиты информации Банка России","107016, г. Москва, ул. Неглинная, д. 12, (495) 771-4261",""
"3685","2016-12-30","2019-12-30","маршрутизатор Siemens RUGGEDCOM RX1510 с установленным программным обеспечением ROX 2.9.2","Соответствует требованиям документов: РД МЭ(4)","1","ООО «НПП «СВК»","ЗАО «НПП «БИТ»","ООО «Сименс» 
","115184, г. Москва, ул. Большая Татарская, д. 9 (495) 737-1000",""
"3686","2017-01-13","2020-01-13","КПИС МПЭ","Соответствует требованиям документов: РД НДВ(3)","2400","АНО «Институт инженерной физики»","АО «Лаборатория ППШ»","ЗАО «НПЦ ИРС»","140032, Московская обл., Люберецкий район, пос. Малаховка,  ул. Шоссейная, д. 1а, (495) 330-0788",""
"3687","2017-01-13","2020-01-13","защищенная интеграционная платформа SOTA","Соответствует требованиям документов: Требования к ПСЗ ПЭМИН-2015, ТУ","10","АО «Комита»","ООО «ЦБИ»","ООО «СтройАтомПроект»","195112, г. Санкт-Петербург, Малоохтинский пр., д. 68, лит. А, офис 418, (812) 244-0044",""
"3688","2017-01-25","2030-01-25","Программное обеспечение «МойОфис Стандартный»","Соответствует требованиям документов: Требования доверия(4)","серия","АО «НПО «Эшелон»","ФАУ «ГНИИИ ПТЗИ ФСТЭК России»","ООО «НОВЫЕ ОБЛАЧНЫЕ ТЕХНОЛОГИИ»","420500, Республика Татарстан, г. Иннополис, ул. Университетская, д. 7, офис 302, (495) 134-0032","2031-01-25"
"3691","2017-01-24","2020-01-24","САУ ГЛ","Соответствует требованиям документов: РД НДВ(4)","5","ООО «НПП «СВК»","АО «НИИАС»","АО «ВНИКТИ»","140402, Московская обл., г. Коломна, ул. Октябрьской революции, д. 410, (496) 618-8218, (496) 618-8283",""
"3692","2017-01-26","2030-01-26","программно-аппаратный комплекс «ViPNet Coordinator HW 4»","Соответствует требованиям документов: Требования доверия(4), Требования к МЭ, Профиль защиты МЭ(А четвертого класса защиты. ИТ.МЭ.А4.ПЗ), Профиль защиты МЭ(Б четвертого класса защиты. ИТ.МЭ.Б4.ПЗ)","серия","ООО «ЦБИ»","ФАУ «ГНИИИ ПТЗИ ФСТЭК России»","АО «ИнфоТеКС»","125167, г. Москва, вн.тер.г. муниципальный округ Хорошевский, ул. Викторенко, д. 9, стр. 1, помещ. 47, (495) 737-6192",""
"3695","2017-02-08","2020-02-08","«АССаД-Видео»","Соответствует требованиям документов: РД НДВ(3), ТУ","серия","ФГУП «СКЦ Росатома»","ФАУ «ГНИИИ ПТЗИ ФСТЭК России»","АО «АЛГОНТ»","248009, г. Калуга, Грабцевское шоссе, д. 33, (4842) 58-0707","2036-06-10"
"3696","2017-02-08","2020-02-08","Программа для ЭВМ «Компьютерная универсальная система тестирования»","Соответствует требованиям документов: РД НДВ(4), ТУ","1","АО «Лаборатория ППШ»","ЗАО «НПП «БИТ»","ФБУ «Учебно-методический кабинет» Ростехнадзора","109382, г. Москва, ул. Верхние Поля, д. 27, стр. 1
(495) 351-4901",""
"3697","2004-04-01","2029-04-01","фильтр сетевой помехоподавляющий «ЛФС-10-1Ф»","Соответствует требованиям документов: Требования к ПСЗ ПЭМИН-2015, ТУ","серия","АО «Лаборатория ППШ»","Гостехкомиссия России","ООО «Ленспецпроизводство»","199178, г. Санкт-Петербург, наб. реки Смоленки, д. 25, лит. Е, оф. 134, (812) 309-6170","2029-04-01"
"3698","2003-09-29","2028-09-29","фильтр сетевой помехоподавляющий «ЛФС-40-1Ф»","Соответствует требованиям документов: Требования к ПСЗ ПЭМИН-2015","серия","ФГУП «ГНПП «Информакустика»","Гостехкомиссия России","ООО «Ленспецпроизводство»","199178, г. Санкт-Петербург, наб. реки Смоленки, д. 25, лит. Е, оф. 134, (812) 309-6170",""
"3701","2017-02-16","2030-02-16","Модуль блокировки микрофона","Соответствует требованиям документов: Требования ТЗИ, ТУ","серия","ООО «ЦБИ»","ФАУ «ГНИИИ ПТЗИ ФСТЭК России»","АО «Информтехника и Связь»","107140, г. Москва, ул. Верхняя Красносельская, д. 2/1, стр. 1, (495) 646-6731",""
"3702","2017-02-16","2020-02-16","Средство активной защиты информации от утечки за счет побочных электромагнитных излучений и наводок «Кедр-П»","Соответствует требованиям документов: Требования к САЗ ПЭМИН-2014(А), Требования к САЗ ПЭМИН-2014(Б)","серия","ООО «ЦБИ»","ФАУ «ГНИИИ ПТЗИ ФСТЭК России»","ООО «АПиСТЗ»","117534, г. Москва, вн.тер.г. муниципальный округ Чертаново Южное, ул. Кировоградская, д. 23А, (495) 926-38-58","2030-01-01"
"3704","2017-02-20","2020-02-20","программное обеспечение аппаратуры ВЧ связи ETL600R3 моделей ETL64x, ETL68x","Соответствует требованиям документов: ЗБ","серия","ООО «ЦБИ»","ФАУ «ГНИИИ ПТЗИ ФСТЭК России»","АО «Управление ВОЛС-ВЛ»","115184, г. Москва, Семёновский переулок, д. 15, (495) 710-5550","2030-02-20"
"3705","2017-02-20","2020-02-20","ETL600R4","Соответствует требованиям документов: ЗБ","серия","ООО «ЦБИ»","ФАУ «ГНИИИ ПТЗИ ФСТЭК России»","АО «Управление ВОЛС-ВЛ»","115184, г. Москва, Семёновский переулок, д. 15, (495) 710-5550","2030-02-20"
"3710","2017-03-07","2020-03-07","Соната-РС3","Соответствует требованиям документов: Требования к САЗ ПЭМИН-2014(Б)","серия","ООО «ЦБИ»","ФАУ «ГНИИИ ПТЗИ ФСТЭК России»","ООО «Анна»","111141, г. Москва, ул. Плеханова, д. 15А, стр. 5, (495) 232-60-63","2027-03-07"
"3711","2017-03-13","2020-03-13","САУ ГЛ без участия машиниста","Соответствует требованиям документов: РД НДВ(4)","50","ООО «ИБТранс»","АО «НИИАС»","АО «ВНИКТИ»","140402, Московская обл., г. Коломна, ул. Октябрьской революции, д. 410, (496) 618-8218, (496) 618-8283",""
"3713","2017-03-22","2020-03-22","операционная система «Альт Линукс СПТ 7.0»","Соответствует требованиям документов: РД НДВ(3), РД СВТ(4), ТУ","серия","ООО «НПО ВС»","ФАУ «ГНИИИ ПТЗИ ФСТЭК России»","ОАО «АйСиЭл-КПО ВС»","420029, г. Казань, ул. Сибирский тракт, д. 34, (843) 272-2023","2025-07-01"
"3714","2017-03-14","2020-03-14","Система ТСКБМ","Соответствует требованиям документов: РД НДВ(4)","7500","ООО «ИБТранс»","АО «НИИАС»","ЗАО «НЕЙРОКОМ»","119313, г. Москва, Ленинский просп., д. 95 (495) 640-7671",""
"3715","2017-04-17","2020-04-17","Прикладной сервис электронного документооборота","Соответствует требованиям документов: РД НДВ(4), ТУ","300","АО «НПО «Эшелон»","ФСТЭК России","МВД России","119049, г. Москва, ул. Житная, д. 16, (495) 667-5206",""
"3716","2017-04-17","Бессрочно","программное обеспечение «Облачная инфраструктура (ОИ ПТК ЕИП) ИСОД МВД России в составе системы централизованной обработки данных МВД России»","Соответствует требованиям документов: Требования доверия(4), ТУ","10","АО «НПО «Эшелон»","ФСТЭК России","МВД России","119049, г. Москва, ул. Житная, д. 16, (495) 667-5206",""
"3717","2017-04-17","Бессрочно","программное обеспечение «Информационно-поисковый сервис, разрабатываемый в интересах оперативных подразделений МВД России»","Соответствует требованиям документов: Требования доверия(4), ТУ","10","АО «НПО «Эшелон»","ФСТЭК России","МВД России","119049, г. Москва, ул. Житная, д. 16, (495) 667-5206",""
"3719","2017-05-30","2020-05-30","Oracle Mobile Security Suite","Соответствует требованиям документов: ЗБ","20","ЗАО ГИЦ ПС ВТ","АО «Лаборатория ППШ»","ООО «ФОРС-Центр разработки»","129272, г. Москва, Трифоновский тупик, д. 3, (495) 787-7040","2020-05-30"
"3723","2017-03-21","2025-03-21","программно-аппаратный комплекс «Горизонт-ВС»","Соответствует требованиям документов: Требования доверия(4), Требования к СДЗ, Профиль защиты СДЗ(платы расширения четвертого класса защиты. ИТ.СДЗ.ПР4.ПЗ), РД СВТ(5), Требования к средствам виртуализации(4)","серия","ЗАО «ВИВОСС и ОИ»","ООО «ЦБИ»","ООО «Пангео Горизонт»","123610, г. Москва, вн.тер.г. Муниципальный Округ Пресненский, наб. Краснопресненская, д. 12, помещ. 2/18","2027-03-21"
"3724","2017-03-17","2020-03-17","ППО ГИС ЖКХ","Соответствует требованиям документов: РД НДВ(4), ТУ","1","ФГУП «НПП «Гамма»","ФАУ «ГНИИИ ПТЗИ ФСТЭК России»","АО «ЛАНИТ»","129075, г. Москва, вн.тер.г. муниципальный округ Останкинский, Мурманский пр-д, д. 14, к. 1, (495) 967-6657",""
"3727","2016-11-30","2024-11-30","программный комплекс защиты информации «ViPNet 4»","Соответствует требованиям документов: Требования доверия(4), Требования к МЭ, Профиль защиты МЭ(В четвертого класса защиты. ИТ.МЭ.В4.ПЗ)","серия","ООО «ЦБИ»","ФАУ «ГНИИИ ПТЗИ ФСТЭК России»","АО «ИнфоТеКС»","125167, г. Москва, вн.тер.г. муниципальный округ Хорошевский, ул. Викторенко, д. 9, стр. 1, помещ. 47, (495) 737-6192","2028-06-20"
"3728","2017-03-30","2020-03-30","ПП УТП РЖД","Соответствует требованиям документов: ЗБ, РД НДВ(4)","15000","ООО «ЦБИ»","ФАУ «ГНИИИ ПТЗИ ФСТЭК России»","ОАО «РЖД»","107174, г. Москва, вн.тер. г. муниципальный округ Басманный, ул. Новая Басманная, д. 2/1, стр. 1, (499) 262-1474",""
"3729","2017-04-05","2020-04-05","программный комплекс «Катарсис:Соцзащита» (версия 2)","Соответствует требованиям документов: ТУ","серия","АО «НПО «Эшелон»","ФАУ «ГНИИИ ПТЗИ ФСТЭК России»","ООО Научно-производственная компания «КАТАРСИС»","197110, г. Санкт-Петербург, ул. Барочная, д. 10, корп. 1, лит. А, (812) 380-8020","2029-12-31"
"3730","2017-04-05","2020-04-05","программное обеспечение Asterisk 13.2.0","Соответствует требованиям документов: РД НДВ(3)","1","ООО «ЦБИ»","ФАУ «ГНИИИ ПТЗИ ФСТЭК России»","ООО «Профиль Защиты»","141090, Московская обл., г. Королев, мкрн. Юбилейный, ул. Пионерская, д. 1/4, пом. 19, (495) 511-0788",""
"3731","2017-04-12","2020-04-12","программный комплекс оперативного мониторинга состояния информационной безопасности и контроля состояния защищенности производственно-технологических комплексов «CyberLympha DATAPK»","Соответствует требованиям документов: ТУ","серия","АО «ДОКУМЕНТАЛЬНЫЕ СИСТЕМЫ»","ФАУ «ГНИИИ ПТЗИ ФСТЭК России»","ООО «УЦСБ»","620100, г. Екатеринбург, ул. Ткачей, д. 6, (343) 379-9834","2025-04-12"
"3734","2017-04-12","2025-04-12","программное изделие «Средство обеспечения безопасности информационных систем MaxPatrol»","Соответствует требованиям документов: Требования доверия(4), ТУ","серия","АНО «Институт инженерной физики»","ФАУ «ГНИИИ ПТЗИ ФСТЭК России»","АО «Позитив Текнолоджиз»","107061, г. Москва, вн.тер.г. муниципальный округ Преображенское, Преображенская пл., д. 8, помещ. 60, (495) 744-0144","2029-06-01"
"3734/1","2017-04-12","2025-04-12","программное изделие «Средство обеспечения безопасности информационных систем MaxPatrol»","Соответствует требованиям документов: Требования доверия(4), ТУ","серия","АНО «Институт инженерной физики»","ФАУ «ГНИИИ ПТЗИ ФСТЭК России»","ООО «Прорывные технологии»","107113, г. Москва, ул. Маленковская, д. 14, к. 3, помещ. 4, этаж 1, ком. 1, офис 205, (495) 149-5817","2029-06-01"
"3735","2017-04-17","2020-04-17","РМ ППО АИСТ ГБД","Соответствует требованиям документов: РД НДВ(4), ТУ","87","АО «Лаборатория ППШ»","АО «НПО «Эшелон»","ФГАНУ ЦИТиС","123557, г. Москва, ул. Пресненский вал, д. 19, стр. 1, (499) 702-8120, (499) 702-8441",""
"3736","2017-04-17","2020-04-17","ММ ППО АИСТ ГБД","Соответствует требованиям документов: РД НДВ(4), ТУ","87","АО «Лаборатория ППШ»","АО «НПО «Эшелон»","ФГАНУ ЦИТиС","123557, г. Москва, ул. Пресненский вал, д. 19, стр. 1, (499) 702-8120, (499) 702-8441",""
"3737","2017-04-17","2020-04-17","ФМ ППО АИСТ ГБД","Соответствует требованиям документов: РД НДВ(4), ТУ","6","АО «Лаборатория ППШ»","АО «НПО «Эшелон»","ФГАНУ ЦИТиС","123557, г. Москва, ул. Пресненский вал, д. 19, стр. 1, (499) 702-8120, (499) 702-8441",""
"3741","2017-05-31","2020-05-31","HP 5500","Соответствует требованиям документов: Требования к МЭ, Профиль защиты МЭ(А шестого класса защиты. ИТ.МЭ.А6.ПЗ), Профиль защиты МЭ(Б шестого класса защиты. ИТ.МЭ.Б6.ПЗ)","5","АО «ДОКУМЕНТАЛЬНЫЕ СИСТЕМЫ»","АО «Лаборатория ППШ»","ООО «Азон»","127434, г. Москва, ул. Прянишникова, д. 23а, эт. 2, пом. 2-2-37",""
"3742","2017-05-12","2020-05-12","Secret Disk (версия 5)","Соответствует требованиям документов: РД НДВ(4), ТУ","серия","АО «СИНКЛИТ»","ФАУ «ГНИИИ ПТЗИ ФСТЭК России»","АО «Аладдин Р.Д.»","129226, г. Москва, ул. Докукина, д. 16, стр. 1, (495) 223-0001","2030-05-12"
"3743","2017-05-11","2020-05-11","ПО ТК","Соответствует требованиям документов: РД НДВ(2), ТУ","500","АНО «Институт инженерной физики»","ФАУ «ГНИИИ ПТЗИ ФСТЭК России»","АО КЦ «Атомбезопасность»","115230, г. Москва, пр. Электролитный, влад. 1А, стр. 1, (499) 317-62-18","2030-12-31"
"3745","2017-05-16","2030-05-16","cредство защиты информации Secret Net Studio","Соответствует требованиям документов: Требования доверия(4), Требования к МЭ, Профиль защиты МЭ(В четвертого класса защиты. ИТ.МЭ.В4.ПЗ), Требования к САВЗ, Профиль защиты САВЗ(А четвертого класса защиты. ИТ.САВЗ.А4.ПЗ), Профиль защиты САВЗ(Б четвертого класса защиты. ИТ.САВЗ.Б4.ПЗ), Профиль защиты САВЗ(В четвертого класса защиты. ИТ.САВЗ.В4.ПЗ), Профиль защиты САВЗ(Г четвертого класса защиты. ИТ.САВЗ.Г4.ПЗ), Требования к СКН, Профиль защиты СКН(контроля подключения съемных машинных носителей информации четвертого класса защиты. ИТ.СКН.П4.ПЗ), Требования к СОВ, Профили защиты СОВ(узла четвертого класса защиты. ИТ.СОВ.У4.ПЗ), ЗБ, РД СВТ(5)","серия","АО «НПО «Эшелон»","ФАУ «ГНИИИ ПТЗИ ФСТЭК России»","ООО «Код Безопасности»","129515, г. Москва, вн.тер.г. Муниципальный округ Останкинский, ул. Академика Королева, д. 13, стр. 1, пом. 13/8, (495) 982-3020","2031-05-16"
"3746","2017-05-18","2020-05-18","Видеодиод ВД-2","Соответствует требованиям документов: ТУ","серия","ООО «ЦБИ»","АО «БИТК»","ООО «Профиль Защиты»","141090, Московская обл., г. Королев, мкрн. Юбилейный, ул. Пионерская, д. 1/4, пом. 19, (495) 511-0788","2029-12-31"
"3747","2017-05-31","2020-05-31","ПО «ДОКСИС» (версия 4)","Соответствует требованиям документов: РД НДВ(4), ТУ","300","АО «НПО «Эшелон»","АО «Лаборатория ППШ»","ООО «КИС»","107023, г. Москва, ул. Электрозаводская, д. 24, стр. 1, (495) 285-3279",""
"3748","2017-06-02","2020-06-02","межсетевой экран «Виток-МЭ3» с установленным ПО NS_FW ver. 3.0.1","Соответствует требованиям документов: РД МЭ(3), РД НДВ(3)","100","ЗАО «НПП «БИТ»","ФАУ «ГНИИИ ПТЗИ ФСТЭК России»","ООО НТЦ «ТЕЗИС+»","105082, г. Москва, ул. Почтовая Б., д. 5, цоколь помещение II, (499) 267-84-31",""
"3752","2017-05-30","2025-05-30","средство активной защиты информации от утечки за счет побочных электромагнитных излучений и наводок СТБ 211","Соответствует требованиям документов: Требования к САЗ ПЭМИН-2014(А), Требования к САЗ ПЭМИН-2014(Б)","серия","ООО «ЦСТБИ»","АО Центр «Атомзащитаинформ»","ООО «СовТехСпецЗащита»","Дмитровское ш., д. 60А,  г. Москва, 127474, (499) 963-5757","2029-12-31"
"3753","2017-05-30","2025-05-30","программно-аппаратный комплекс аутентификации и хранения информации «Рутокен» версии 4","Соответствует требованиям документов: Требования доверия(4), ТУ","серия","АО «НПО «Эшелон»","ФАУ «ГНИИИ ПТЗИ ФСТЭК России»","АО «Актив-софт»","115088, г. Москва, ул. Шарикоподшипниковская, д. 1, этаж 4, пом. IX, комн. 11, (495) 925-7790","2030-05-30"
"3754","2017-06-23","2030-06-23","программное изделие «Kaspersky Endpoint Security для Android»","Соответствует требованиям документов: Требования доверия(4), Требования к САВЗ, Профиль защиты САВЗ(В четвертого класса защиты. ИТ.САВЗ.В4.ПЗ)","серия","АО «ДОКУМЕНТАЛЬНЫЕ СИСТЕМЫ»","ФАУ «ГНИИИ ПТЗИ ФСТЭК России»","АО «Лаборатория Касперского»","125212, г. Москва, Ленинградское шоссе, д. 39А, стр. 2, (495) 797-8700","2030-06-23"
"3756","2017-06-19","2020-06-19","программный комплекс «Bars.Up.Access Manager»","Соответствует требованиям документов: РД НДВ(4), ТУ","150","ООО «ЦБИ»","АО «Лаборатория ППШ»","АО «БАРС Груп»","420012, Республика Татарстан, г. Казань, ул. Некрасова, д. 9, офис 11, 8 800 500 01 91","2023-12-31"
"3757","2017-06-09","2020-06-09","генератор шума «Покров»","Соответствует требованиям документов: Требования к САЗ ПЭМИН-2014(А), Требования к САЗ ПЭМИН-2014(Б)","серия","ООО «ЦБИ»","ФАУ «ГНИИИ ПТЗИ ФСТЭК России»","ООО «ИРС»","620027, г. Екатеринбург, ул. М.Сибиряка, д. 36, (343) 374-2464","2030-06-09"
"3758","2017-06-09","2020-06-09","Cronos MultiPro","Соответствует требованиям документов: РД НДВ(2), ТУ","10","АО «БИТК»","ООО «ЦБИ»","ЗАО «Научно-производственная компания «КРОНОС-ИНФОРМ»","Электрический пер, дом 12, помещение II, комната 6, Москва, 123056 (499) 110-30-61","2070-06-09"
"3759","2017-06-19","2020-06-19","«Тобол-АСБ» ЦКДИ.00066-02","Соответствует требованиям документов: РД АСФЗ(1), РД НДВ(2)","серия","ФГУП «СКЦ Росатома»","ФАУ «ГНИИИ ПТЗИ ФСТЭК России»","АО «ФЦНИВТ «СНПО «Элерон»","115563, г. Москва, ул. Генерала Белова, д. 14, (499) 725-0291","2026-12-31"
"3760","2017-06-21","2020-06-21","специальное программное обеспечение средств защиты информации от несанкционированного доступа «Аккорд‑X K»","Соответствует требованиям документов: РД НДВ(4), РД СВТ(5), ТУ","серия","ООО «ЦБИ»","АО «Лаборатория ППШ»","АО «ОКБ САПР»","115114, г. Москва, 2-й Кожевнический переулок, д. 12, эт. 2, пом. I, ком. 21, (495) 994-7262","2030-06-21"
"3761","2017-06-21","2020-06-21","OpenScape 4000","Соответствует требованиям документов: РД СВТ(5)","1","АО «РНТ»","АО «Лаборатория ППШ»","АО «Калугаприбор»","248021, г. Калуга, ул. Московская, д. 249, (4842) 50-7714",""
"3762","2017-06-21","2020-06-21","«arcplan Enterprise»","Соответствует требованиям документов: РД НДВ(4), ТУ","10","ЗАО «НПП «БИТ»","ФАУ «ГНИИИ ПТЗИ ФСТЭК России»","ООО «АПиСТЗ»","117534, г. Москва, вн.тер.г. муниципальный округ Чертаново Южное, ул. Кировоградская, д. 23А, (495) 926-38-58",""
"3765","2017-06-30","2025-06-30","программное обеспечение «Avanpost IDM»","Соответствует требованиям документов: Требования доверия(4), ТУ","серия","АО «НПО «Эшелон»","ООО «ЦБИ»","ООО «Аванпост»","109129, г. Москва, ул. 8-я Текстильщиков, д. 11, стр. 2, (495) 641-8080","2026-12-31"
"3767","2017-06-30","2020-06-30","программный комплекс «Система управления. Аналитика-BI»","Соответствует требованиям документов: РД НДВ(4)","50","АО «ДОКУМЕНТАЛЬНЫЕ СИСТЕМЫ»","ФАУ «ГНИИИ ПТЗИ ФСТЭК России»","АО «Системы управления»","117393, г. Москва, ул. Профсоюзная, д. 78, стр. 1, (495) 995-0988",""
"3768","2017-07-04","2020-07-04","специальное программное обеспечение «Единая информационная система управления кадровым составом государственной гражданской службы Российской Федерации»","Соответствует требованиям документов: РД НДВ(4), ТУ","1","ФГУП «НПП «Гамма»","ООО «ЦБИ»","ООО «КВАРТА ВК»","109240, г. Москва, вн. тер.г. муниципальный округ Таганский,  наб. Москворецкая, д. 9, стр. 1, помещ./эт. 3/0/2, помещ./ком. III;IV/1-8, 8А, 9-18, 18А, 19-21, 5, 8, (495) 926-5423",""
"3769","2017-07-05","2020-07-05","Локомотивная аппаратура системы автоматического управления торможением поездов САУТ-ЦМ/485 с комплексом информационного обеспечения КИО-САУТ. Программное обеспечение","Соответствует требованиям документов: РД НДВ(4)","серия","ООО «ИБТранс»","АО «НИИАС»","ООО «НПО САУТ»","620027, г. Екатеринбург, ул. Челюскинцев, д. 15, оф. 220, (343) 358-4181","2059-12-31"
"3770","2017-07-06","2020-07-06","расчетная часть специального программного обеспечения «Диаграмма» версии 2.0","Соответствует требованиям документов: РД НДВ(3), НМД Методики ПД Р РТ-2013","серия","АО «БИТК»","ФАУ «ГНИИИ ПТЗИ ФСТЭК России»","ЗАО НПЦ Фирма «НЕЛК»","109377, г. Москва, ул. 1-я Новокузьминская, дом 8/2, (495) 921-3374","2030-07-06"
"3775","2017-07-19","2025-07-19","голографический защитный элемент «СЗЗ»","Соответствует требованиям документов: РД СЗЗ(9)","серия","АО «БИТК»","ФСТЭК России","АО «НТЦ «Атлас»","127018, Москва, ул. Образцова, д. 38, (495) 689-4457",""
"3778","2017-08-10","2020-08-10","маршрутизатор ESR-1000 с программным обеспечением esr-1000-1.0.7-ST","Соответствует требованиям документов: Профиль защиты МЭ(А пятого класса защиты. ИТ.МЭ.А5.ПЗ)","серия","ООО «ЦБИ»","ФАУ «ГНИИИ ПТЗИ ФСТЭК России»","ООО «Предприятие «ЭЛТЕКС»","630020, г. Новосибирск, ул. Окружная, д. 29В, (383) 274-4800","2030-08-10"
"3779","2017-08-29","2020-08-29","программный комплекс терминального доступа «Циркон 36СТ» (в составе: операционная система «Циркон 36С», программное обеспечение терминального доступа «Циркон 36Т», программный комплекс «Администрирование»)","Соответствует требованиям документов: РД НДВ(2), РД СВТ(3), ТУ","серия","АО «СИНКЛИТ»","ФАУ «ГНИИИ ПТЗИ ФСТЭК России»","АО «МВП «СВЕМЕЛ»","127254, г. Москва, пр-к Огородный, д. 5, стр. 5, (495) 926-71-87","бессрочно"
"3780","2017-07-25","2020-07-25","программное обеспечение «Автоматизированная информационная система учета и контроля таможенных приходных ордеров» (АИС «Ордер»)","Соответствует требованиям документов: РД НДВ(4)","1","ЗАО «НПП «БИТ»","ФСТЭК России","Федеральная таможенная служба","121087, г. Москва, ул. Новозаводская, д. 11/5",""
"3781","2017-07-25","2020-07-25","АС «АЮД», версия 2.2","Соответствует требованиям документов: РД НДВ(4)","1","ЗАО «НПП «БИТ»","ФСТЭК России","Федеральная таможенная служба","121087, г. Москва, ул. Новозаводская, д. 11/5",""
"3782","2017-07-25","2020-07-25","АИС «АИСТ-М»","Соответствует требованиям документов: РД НДВ(4)","1","ЗАО «НПП «БИТ»","ФСТЭК России","Федеральная таможенная служба","121087, г. Москва, ул. Новозаводская, д. 11/5",""
"3783","2017-07-25","2020-07-25","АПС «Электронное представление сведений», версии 5.0","Соответствует требованиям документов: РД НДВ(4)","1","ЗАО «НПП «БИТ»","ФСТЭК России","Федеральная таможенная служба","121087, г. Москва, ул. Новозаводская, д. 11/5",""
"3784","2017-07-25","2020-07-25","программное обеспечение «Комплекс программных средств портала электронного представления сведений» (КПС «Портал ЭПС»), версии 1.13","Соответствует требованиям документов: РД НДВ(4)","1","ЗАО «НПП «БИТ»","ФСТЭК России","Федеральная таможенная служба","121087, г. Москва, ул. Новозаводская, д. 11/5",""
"3785","2017-07-25","2020-07-25","АИС «ФХД», версия 2.5","Соответствует требованиям документов: РД НДВ(4)","1","ЗАО «НПП «БИТ»","ФСТЭК России","Федеральная таможенная служба","121087, г. Москва, ул. Новозаводская, д. 11/5",""
"3786","2017-07-28","2020-07-28","Система управления тепловозом ТЭМ28","Соответствует требованиям документов: РД НДВ(4)","500","ООО «ИБТранс»","АО «НИИАС»","АО «Управляющая компания «Брянский машиностроительный завод»","241015, г. Брянск, Ульянова ул., д. 26, (4832) 68-79-28",""
"3788","2017-08-10","2020-08-10","маршрутизатор ESR-100 с программным обеспечением esr-100-1.0.7-ST","Соответствует требованиям документов: Профиль защиты МЭ(А пятого класса защиты. ИТ.МЭ.А5.ПЗ)","серия","ООО «ЦБИ»","ФАУ «ГНИИИ ПТЗИ ФСТЭК России»","ООО «Предприятие «ЭЛТЕКС»","630020, г. Новосибирск, ул. Окружная, д. 29В, (383) 274-4800","2030-08-10"
"3789","2017-08-10","2020-08-10","маршрутизатор ESR-200 с программным обеспечением esr-200-1.0.7-ST","Соответствует требованиям документов: Профиль защиты МЭ(А пятого класса защиты. ИТ.МЭ.А5.ПЗ)","серия","ООО «ЦБИ»","ФАУ «ГНИИИ ПТЗИ ФСТЭК России»","ООО «Предприятие «ЭЛТЕКС»","630020, г. Новосибирск, ул. Окружная, д. 29В, (383) 274-4800","2030-08-10"
"3790","2017-08-01","2020-08-01","специализированное программное обеспечение автоматизированной системы «Системы электронных паспортов транспортных средств (паспортов шасси транспортных средств) и электронных паспортов самоходных машин и других видов техники» (СПО АС СЭП). Версия 2.x","Соответствует требованиям документов: РД НДВ(4), ТУ","1","АО «ДОКУМЕНТАЛЬНЫЕ СИСТЕМЫ»","АО «Лаборатория ППШ»","ООО «ФОРС-Центр разработки»","129272, г. Москва, Трифоновский тупик, д. 3, (495) 787-7040",""
"3792","2017-09-01","2020-09-01","программное обеспечение «SiteSoft.CMS»","Соответствует требованиям документов: ТУ","300","АО «НПО «Эшелон»","ФАУ «ГНИИИ ПТЗИ ФСТЭК России»","ООО «Компания Сайтсофт»","105082,  г. Москва, Спартаковская пл., д. 14, стр. 2, (495) 663-93-65",""
"3794","2017-08-24","2030-08-24","система акустической и виброакустической защиты «КЕДР-А»","Соответствует требованиям документов: ТУ, Требования к СВАЗ-2023(АВ2)","серия","ФАУ «ГНИИИ ПТЗИ ФСТЭК России»","АО «БИТК»","ООО «АПиСТЗ»","117534, г. Москва, вн.тер.г. муниципальный округ Чертаново Южное, ул. Кировоградская, д. 23А, (495) 926-38-58",""
"3795","2017-08-29","2020-08-29","защищенная операционная система реального времени «Нейтрино»","Соответствует требованиям документов: Требования к ОС, Профиль защиты ОС(А второго класса защиты. ИТ.ОС.А2.ПЗ), Профиль защиты ОС(В второго класса защиты. ИТ.ОС.В2.ПЗ)","серия","ООО «ЦБИ»","ФАУ «ГНИИИ ПТЗИ ФСТЭК России»","ООО «СВД Встраиваемые системы»","196066, г. Санкт-Петербург, Московский проспект, д. 212, (812) 346-8956","бессрочно"
"3796","2017-08-29","2020-08-29","программное обеспечение eplat4m","Соответствует требованиям документов: РД СВТ(5)","серия","АО «Лаборатория ППШ»","АО «НПО «Эшелон»","ООО «КИТ»","620100, Свердловская обл., г. Екатеринбург, ул. Ткачей, д. 23, пом. 1107, (343) 379-9834","2025-08-29"
"3797","2017-09-08","2030-09-08","устройство хранения и обработки информации в защищенном исполнении СТБ 501F","Соответствует требованиям документов: Требования ТЗИ, ТУ","серия","ООО «ЦСТБИ»","ООО «ЦБИ»","ООО «СовТехСпецЗащита»","Дмитровское ш., д. 60А,  г. Москва, 127474, (499) 963-5757","2030-09-08"
"3799","2017-09-15","2020-09-15","изделие «Средство защиты информации от несанкционированного доступа Системы мониторинга предоставления государственным гражданским служащим единовременной субсидии на приобретение жилого помещения»","Соответствует требованиям документов: РД НДВ(4), ТУ","1","АО «ДОКУМЕНТАЛЬНЫЕ СИСТЕМЫ»","ФАУ «ГНИИИ ПТЗИ ФСТЭК России»","ООО «АДАПТ»","109382, г. Москва, ул. Судакова, д. 10, комната 22",""
"3800","2017-09-12","2020-09-12","программное обеспечение системы управления двухсистемного грузового электровоза 2ЭВ120","Соответствует требованиям документов: РД НДВ(4)","200","ООО «ИБТранс»","АО «НИИАС»","ООО «Первая локомотивная компания»","107078, Москва, ул. Новая Басманная, д. 23Б, стр. 20, (495) 380-3710",""
"3801","2017-09-20","2020-09-20","программное обеспечение DOCSVISION 5","Соответствует требованиям документов: РД НДВ(4), ТУ","10","ООО «ЛИССИ-Софт»","АО «НПО «Эшелон»","ООО «Лайтигард»","115533, г. Москва, ул. Нагатинская, д. 5, пом. 519, (499) 678-2133","2022-04-30"
"3802","2017-10-12","2025-10-12","система обнаружения вторжений ViPNet IDS HS","Соответствует требованиям документов: Требования доверия(4), Требования к СОВ, Профили защиты СОВ(узла четвертого класса защиты. ИТ.СОВ.У4.ПЗ)","серия","ООО «ЦБИ»","ФАУ «ГНИИИ ПТЗИ ФСТЭК России»","АО «ИнфоТеКС»","125167, г. Москва, вн.тер.г. муниципальный округ Хорошевский, ул. Викторенко, д. 9, стр. 1, помещ. 47, (495) 737-6192","2028-12-28"
"3803","2017-10-10","2020-10-10","прикладной программный комплекс «Портал государственных и муниципальных услуг (функций) города Москвы»","Соответствует требованиям документов: ТУ","1","АО «ДОКУМЕНТАЛЬНЫЕ СИСТЕМЫ»","ФАУ «ГНИИИ ПТЗИ ФСТЭК России»","АО «НИЦ»","117246, г. Москва, Научный проезд, д. 6, эт. 1, пом. 1, ком. 32, (495) 204-2086","2022-10-10"
"3805","2017-10-26","2020-10-26","специальное программное обеспечение средств защиты информации от несанкционированного доступа «Аккорд-Win64 K»","Соответствует требованиям документов: Требования к СКН, Профиль защиты СКН(контроля подключения съемных машинных носителей информации четвертого класса защиты. ИТ.СКН.П4.ПЗ), РД СВТ(5), ТУ","серия","ООО «ЦБИ»","АО «Лаборатория ППШ»","АО «ОКБ САПР»","115114, г. Москва, 2-й Кожевнический переулок, д. 12, эт. 2, пом. I, ком. 21, (495) 994-7262","2030-10-26"
"3807","2019-09-03","2024-09-03","операционная система EMIAS OS 1.0 автоматизированной информационной системы города Москвы «Единая медицинская информационно-аналитическая система города Москвы»","Соответствует требованиям документов: Требования доверия(5), Требования к ОС, Профиль защиты ОС(А пятого класса защиты. ИТ.ОС.А5.ПЗ)","серия","АО «Информакустика»","ООО «ЦБИ»","ООО «ИТБ»","198097, г. Санкт-Петербург, пр-т Стачек, д. 48, корп. 2, лит. А, эт/пом/оф 2/14Н/202, (812) 335-0145, (812) 315-5265","2028-09-03"
"3809","2017-10-23","2020-10-23","прикладной программный комплекс «Автоматизированная система государственных и муниципальных услуг и функций»","Соответствует требованиям документов: ТУ","1","АО «ДОКУМЕНТАЛЬНЫЕ СИСТЕМЫ»","ФАУ «ГНИИИ ПТЗИ ФСТЭК России»","АО «НИЦ»","117246, г. Москва, Научный проезд, д. 6, эт. 1, пом. 1, ком. 32, (495) 204-2086","2022-10-23"
"3810","2017-10-23","2020-10-23","государственная информационная система «Единая мобильная платформа города Москвы»","Соответствует требованиям документов: ТУ","1","АО «ДОКУМЕНТАЛЬНЫЕ СИСТЕМЫ»","ФАУ «ГНИИИ ПТЗИ ФСТЭК России»","ООО «ЦИБИТ»","125362, г. Москва, ул. Тушинская, д. 8, (495) 792-8080",""
"3811","2017-10-30","2020-10-30","программный комплекс информационной системы «Формирование ПД»","Соответствует требованиям документов: РД НДВ(2), ТУ","200","Санкт-Петербургский НТЦ ФГУП «НПП «Гамма»","ФСТЭК России","ФГКУ ГИВЦ Росрезерва","109012, г. Москва, переулок Б. Черкасский, д. 6/7, (495) 606-1497","2025-01-01"
"3813","2019-09-10","2024-09-10","система обнаружения компьютерных атак «Форпост», версия 3.0, исполнение 4","Соответствует требованиям документов: Требования доверия(4), Требования к СОВ, Профили защиты СОВ(cети четвертого класса защиты. ИТ.СОВ.С4.ПЗ)","серия","ЗАО «НПП «БИТ»","ФАУ «ГНИИИ ПТЗИ ФСТЭК России»","АО «Концерн «Автоматика»","127106, г. Москва, ул. Ботаническая, д. 25, (495) 219-32-93, 219-30-41",""
"3814","2019-09-27","2024-09-27","маршрутизатор Cisco ISR 4331/K9 с установленным обеспечением Cisco IOS XE версии 16.06.05","Соответствует требованиям документов: Требования к МЭ, Профиль защиты МЭ(А шестого класса защиты. ИТ.МЭ.А6.ПЗ), Профиль защиты МЭ(Б шестого класса защиты. ИТ.МЭ.Б6.ПЗ)","13","ООО «НТЦ «ИРБИС»","ФАУ «ГНИИИ ПТЗИ ФСТЭК России»","ООО «АСК Инжиниринг»","None",""
"3815","2019-10-16","2024-10-16","прикладное программное обеспечение «Е5 Управление Активами Корпораций»","Соответствует требованиям документов: ТУ","10","ФГУП «НПП «Гамма»","ФАУ «ГНИИИ ПТЗИ ФСТЭК России»","ООО «Комлоджик»","119049, г. Москва, 1-й Добрынинский пер., д. 19, стр. 6, эт. 1, пом. VI, ком. 4, (495) 223-0365",""
"3816","2017-11-03","2020-11-03","программный комплекс «Платформа Юнидата»","Соответствует требованиям документов: РД НДВ(4), РД СВТ(5)","3","АО «Информакустика»","ФАУ «ГНИИИ ПТЗИ ФСТЭК России»","ООО «Юнидата»","197110, г. Санкт-Петербург, ул. Красного Курсанта, д. 25, литера «В», БЦ «Red Cadet», (812) 677-2186",""
"3817","2017-11-13","2020-11-13","фильтр сетевой помехоподавляющий марки ФП-6 (20А)","Соответствует требованиям документов: Требования к ПСЗ ПЭМИН-2015, ТУ","серия","ООО «ЦБИ»","ФАУ «ГНИИИ ПТЗИ ФСТЭК России»","ООО «НПП «СПО»","109382, г. Москва, ул. Люблинская, д. 141, оф. 409, (495) 922-9329","2026-05-17"
"3818","2017-11-13","2020-11-13","фильтр сетевой помехоподавляющий марки ФП-6М","Соответствует требованиям документов: Требования к ПСЗ ПЭМИН-2015","серия","ООО «ЦБИ»","ФАУ «ГНИИИ ПТЗИ ФСТЭК России»","ООО «НПП «СПО»","109382, г. Москва, ул. Люблинская, д. 141, оф. 409, (495) 922-9329","2026-05-17"
"3819","2017-11-14","2020-11-14","средство уничтожения информации на машинных магнитных носителей информации «Стек-НС3»","Соответствует требованиям документов: Требования к СУИ, ТУ","серия","ООО «ЦБИ»","ФАУ «ГНИИИ ПТЗИ ФСТЭК России»","ООО «Анна»","111141, г. Москва, ул. Плеханова, д. 15А, стр. 5, (495) 232-60-63","2027-11-14"
"3820","2019-10-16","2024-10-16","прикладное программное обеспечение автоматизированной информационной системы «Молодежь России» Федерального агентства по делам молодежи","Соответствует требованиям документов: РД НДВ(4), ТУ","1","ФГУП «РФЯЦ-ВНИИЭФ»","ФСТЭК России","Росмолодежь","109028, Российская Федерация, г. Москва, Большой Трехсвятительский переулок, д. 2/1, стр. 2, (495) 668-8008",""
"3821","2019-10-16","2024-10-16","программно-информационный комплекс учета материальных ценностей мобилизационного резерва","Соответствует требованиям документов: РД НДВ(3)","3","АО «Информакустика»","ООО «ЦБИ»","ЗАО «НПЦ ИРС»","140032, Московская обл., Люберецкий район, пос. Малаховка,  ул. Шоссейная, д. 1а, (495) 330-0788",""
"3823","2017-11-14","2025-11-14","программный комплекс «Программный модуль доверенной загрузки ViPNet SafeBoot»","Соответствует требованиям документов: Требования доверия(2), Требования к СДЗ, Профиль защиты СДЗ(базовой системы ввода-вывода второго класса защиты. ИТ.СДЗ.УБ2.ПЗ)","серия","ООО «ЦБИ»","ФАУ «ГНИИИ ПТЗИ ФСТЭК России»","АО «ИнфоТеКС»","125167, г. Москва, вн.тер.г. муниципальный округ Хорошевский, ул. Викторенко, д. 9, стр. 1, помещ. 47, (495) 737-6192","2027-12-31"
"3833","2017-12-06","2020-12-06","программный комплекс «Система контроля привилегированных пользователей SafeInspect»","Соответствует требованиям документов: РД НДВ(4), РД СВТ(5), ТУ","серия","ЗАО «НПП «БИТ»","ФАУ «ГНИИИ ПТЗИ ФСТЭК России»","ООО «Новые технологии безопасности»","143026, г. Москва, территория Сколково инновационного центра, ул. Нобеля, д. 5, этаж 2, пом. № 3, (495) 787-9936","2027-12-25"
"3834","2017-12-04","2020-12-04","программно-аппаратный комплекс «Traffic Inspector Next Generation»","Соответствует требованиям документов: Требования к МЭ, Профиль защиты МЭ(А четвертого класса защиты. ИТ.МЭ.А4.ПЗ), Профиль защиты МЭ(Б четвертого класса защиты. ИТ.МЭ.Б4.ПЗ)","серия","АО «ДОКУМЕНТАЛЬНЫЕ СИСТЕМЫ»","ФАУ «ГНИИИ ПТЗИ ФСТЭК России»","ООО «СМАРТ-СОФТ»","140408, Московская обл., г. Коломна, ул. Сапожковых, д. 15, (495) 775-5991","2025-12-04"
"3835","2017-12-07","2020-12-07","защищенный абонентский пункт СТБ 502F","Соответствует требованиям документов: Требования к ср. для Интернет, ТУ","серия","ООО «ЦСТБИ»","ФАУ «ГНИИИ ПТЗИ ФСТЭК России»","ООО «СовТехСпецЗащита»","Дмитровское ш., д. 60А,  г. Москва, 127474, (499) 963-5757","2029-12-31"
"3837","2017-12-18","2025-12-18","cистема защиты информации в виртуальных инфраструктурах «Dallas Lock»","Соответствует требованиям документов: Требования доверия(4), РД СВТ(5)","серия","АО «Лаборатория ППШ»","АО «БИТК»","ООО «Конфидент»","192029, г. Санкт-Петербург, пр. Обуховской обороны, д. 51, лит. К, (812) 325-1037","2031-12-18"
"3839","2017-12-11","2020-12-11","прикладное программное обеспечение «Автоматизированное рабочее место электронного документооборота системы доставки «ДЕБЮТ»","Соответствует требованиям документов: РД НДВ(4)","10","ФГУП «НПП «Гамма»","ФАУ «ГНИИИ ПТЗИ ФСТЭК России»","ПАО «Сбербанк»","117997, г. Москва, ул. Вавилова, д. 19, (495) 957-5731",""
"3840","2017-12-25","2025-12-25","программное изделие «Kaspersky Security 11 для Windows Server»","Соответствует требованиям документов: Требования доверия(2), Требования к САВЗ, Профиль защиты САВЗ(Б второго класса защиты. ИТ.САВЗ.Б2.ПЗ), ЗБ","серия","ЗАО ГИЦ ПС ВТ","АО «БИТК»","АО «Лаборатория Касперского»","125212, г. Москва, Ленинградское шоссе, д. 39А, стр. 2, (495) 797-8700","2027-01-25"
"3841","2017-12-27","2020-12-27","программное изделие «Станционные устройства САУТ-ЦМ/НСП. Программное обеспечение»","Соответствует требованиям документов: РД НДВ(4)","серия","ООО «ИБТранс»","АО «НИИАС»","ООО «НПО САУТ»","620027, г. Екатеринбург, ул. Челюскинцев, д. 15, оф. 220, (343) 358-4181","2059-12-31"
"3842","2017-12-19","2020-12-19","комплекс программно-информационных средств «Мобилизационная подготовка экономики» (КПИС МПЭ) версия 2.0","Соответствует требованиям документов: РД НДВ(3)","3450","АНО «Институт инженерной физики»","ЗАО «НПП «БИТ»","ЗАО «НПЦ ИРС»","140032, Московская обл., Люберецкий район, пос. Малаховка,  ул. Шоссейная, д. 1а, (495) 330-0788",""
"3845","2019-10-31","Бессрочно","программное обеспечение «Модуль «Управление доступом» системы информационного обеспечения централизованного учета оружия, контроля за соблюдением законодательства Российской Федерации в области оборота оружия и в области частной охранной деятельности Федеральной службы войск национальной гвардии Российской Федерации","Соответствует требованиям документов: Требования доверия(5), ТУ","2","АО «НПО «Эшелон»","ФСТЭК России","Федеральная служба войск национальной гвардии Российской Федерации","101990, г. Москва, ул. Маросейка, д. 12",""
"3846","2017-12-15","2020-12-15","программный комплекс «Специализированная информационно-технологическая платформа (СИТП)» версии 4.8","Соответствует требованиям документов: РД НДВ(4), ТУ","1","АО «ДОКУМЕНТАЛЬНЫЕ СИСТЕМЫ»","ЗАО «НПП «БИТ»","АО «Инфосистемы Джет»","127015, г. Москва, ул. Большая Новодмитровская, д. 14, стр. 2, эт.6, ком.13, оф. 2.654, (495) 411-76-01",""
"3847","2017-12-18","2020-12-18","специальное программное обеспечение автоматизированной системы управления технологическими процессами безопасности и жизнеобеспечения «АССаД-М5»","Соответствует требованиям документов: РД НДВ(2)","серия","ФГУП «СКЦ Росатома»","ООО «ЦБИ»","АО «АЛГОНТ»","248009, г. Калуга, Грабцевское шоссе, д. 33, (4842) 58-0707","2036-06-10"
"3850","2019-11-05","Действие сертификата соответствия приостановлено 24 мая 2023 г.","программный комплекс Bot-Trek TDS","Соответствует требованиям документов: Требования к СОВ, Профили защиты СОВ(cети четвертого класса защиты. ИТ.СОВ.С4.ПЗ)","200","ООО «ЛИССИ-Софт»","АО «Лаборатория ППШ»","ООО «Группа АйБи ТДС»","115088, г. Москва, ул. Шарикоподшипниковская, д. 1, (495) 984-3364",""
"3852","2017-12-26","2020-12-26","программное обеспечение «Комплексная система автоматизации, оценки, подбора и развития персонала ВебТьютор»","Соответствует требованиям документов: РД НДВ(4), ТУ","100","АО «НПО «Эшелон»","ФАУ «ГНИИИ ПТЗИ ФСТЭК России»","ООО «ВэбСофт Энергоконсалт»","115487, г. Москва, ул. Нагатинская, д. 16, (495) 230-0234",""
"3853","2018-01-10","2021-01-10","программное обеспечение блока управления приводом локомотива 2ЭС10","Соответствует требованиям документов: РД НДВ(4)","650","ООО «ИБТранс»","АО «НИИАС»","ООО «Сименс»","115184, г. Москва, ул. Большая Татарская, д. 9, (495) 737-1612",""
"3854","2017-12-27","2030-12-27","программное изделие «Kaspersky Anti Targeted Attack Platform»","Соответствует требованиям документов: Требования доверия(4), Требования к СОВ, Профили защиты СОВ(cети четвертого класса защиты. ИТ.СОВ.С4.ПЗ), ЗБ","серия","АНО «Институт инженерной физики»","ФАУ «ГНИИИ ПТЗИ ФСТЭК России»","АО «Лаборатория Касперского»","125212, г. Москва, Ленинградское шоссе, д. 39А, стр. 2, (495) 797-8700","2030-12-27"
"3856","2017-12-28","2020-12-28","программный комплекс обнаружения вторжений «Ребус-СОВ»","Соответствует требованиям документов: Требования к СОВ, Профили защиты СОВ(cети второго класса защиты. ИТ.СОВ.С2.ПЗ), Профили защиты СОВ(узла второго класса защиты. ИТ.СОВ.У2.ПЗ)","серия","АО «НПО «Эшелон»","АО «Лаборатория ППШ»","АО НИИ ЦПС","170024, Тверская обл., г. Тверь, пр-к Николая Корыткова, д. 3А, (482) 244-3244","2024-12-28"
"3860","2017-12-29","2020-12-29","специальное программное обеспечение автоматизированной системы «Мониторинг интенсивности и состава транспортного потока в части транспортных средств, осуществляющих перевозки крупногабаритных и (или) тяжеловесных грузов на стационарных пунктах весового контроля, расположенных на автомобильных дорогах федерального значения Российской Федерации»","Соответствует требованиям документов: РД НДВ(4), ТУ","1","АО «ЦБИ-сервис»","ЗАО «НПП «БИТ»","ООО «КДМ»","105066, Россия, г. Москва, Бауманская ул., д. 6, стр. 2, (499) 408-1910
(495) 414-15-16",""
"3861","2019-08-30","2024-08-30","Специальное программное обеспечение Федеральной государственной информационной системы общественного контроля в области охраны окружающей среды и природопользования","Соответствует требованиям документов: РД НДВ(4), ТУ","1","АО «НПО «Эшелон»","ФАУ «ГНИИИ ПТЗИ ФСТЭК России»","ФГБУ «Российский фонд информации по природным ресурсам и охране окружающей среды Минприроды России»","123154, г. Москва, ул. Маршала Тухачевского, д. 23А",""
"3862","2018-01-10","Бессрочно","специальное программное обеспечение КОИБ-2017.50.ИКМО","Соответствует требованиям документов: РД НДВ(4)","5000","ООО «ЦБИ»","ФСТЭК России","ЗАО «КРОК инкорпорейтед»","109147, Москва, Волочаевская ул., д. 5, корп. 1, (495) 974-2274",""
"3864","2018-01-16","2031-01-16","программное изделие «Kaspersky Secure Mail Gateway»","Соответствует требованиям документов: Требования доверия(2), Требования доверия(4), Требования к САВЗ, Профиль защиты САВЗ(Б второго класса защиты. ИТ.САВЗ.Б2.ПЗ), Профиль защиты САВЗ(Б четвертого класса защиты. ИТ.САВЗ.Б4.ПЗ), ЗБ","серия","ЗАО ГИЦ ПС ВТ","АО «БИТК»","АО «Лаборатория Касперского»","125212, г. Москва, Ленинградское шоссе, д. 39А, стр. 2, (495) 797-8700","2031-01-16"
"3866","2018-08-10","2028-08-10","операционная система Альт 8 СП","Соответствует требованиям документов: Требования доверия(4), Требования к ОС, Профиль защиты ОС(А четвертого класса защиты. ИТ.ОС.А4.ПЗ), Требования к средствам контейнеризации(4), Требования к СУБД(4), Требования к средствам виртуализации(4)","серия","АО «НПО «Эшелон»","ФАУ «ГНИИИ ПТЗИ ФСТЭК России»","АО «ИВК»","129110, г. Москва, ул. Гиляровского, д. 57, стр. 1, комн. 73, (495) 221-6580","2073-08-10"
"3868","2018-01-24","2021-01-24","программное изделие «Система обнаружения вторжений ИВК Сенсор» (СОВ «ИВК СЕНСОР»)","Соответствует требованиям документов: Требования к СОВ, Профили защиты СОВ(cети четвертого класса защиты. ИТ.СОВ.С4.ПЗ)","серия","АО «НПО «Эшелон»","АО «Лаборатория ППШ»","АО «ИВК»","129110, г. Москва, ул. Гиляровского, д. 57, стр. 1, комн. 73, (495) 221-6580",""
"3872","2018-02-02","2021-02-02","программное обеспечение «Прикладной сервис - объединенная поисковая федеральная система генетической идентификации»","Соответствует требованиям документов: РД НДВ(4), ТУ","300","АО «НПО «Эшелон»","ФСТЭК России","МВД России","119049, г. Москва, ул. Житная, д. 16, (495) 667-5206",""
"3873","2018-02-08","2021-02-08","программное обеспечение «Программное обеспечение (сервис) формирования и ведения единого банка данных подразделений архивной информации органов внутренних дел Российской Федерации»","Соответствует требованиям документов: РД НДВ(4), ТУ","300","АО «НПО «Эшелон»","ФСТЭК России","МВД России","119049, г. Москва, ул. Житная, д. 16, (495) 667-5206",""
"3874","2018-02-02","2021-02-02","программного обеспечения «Прикладной сервис - система информационного обеспечения централизованного учета оружия, контроля за соблюдением законодательства Российской Федерации в области оборота оружия, частной детективной (сыскной) и охранной деятельности Министерства внутренних дел Российской Федерации»","Соответствует требованиям документов: РД НДВ(4), ТУ","300","АО «НПО «Эшелон»","ФСТЭК России","МВД России","119049, г. Москва, ул. Житная, д. 16, (495) 667-5206",""
"3875","2018-02-02","Бессрочно","программное обеспечение «Программное обеспечение (сервис) оформления проезда сотрудников и военнослужащих внутренних войск МВД России»","Соответствует требованиям документов: Требования доверия(4), ТУ","10","АО «НПО «Эшелон»","ФСТЭК России","МВД России","119049, г. Москва, ул. Житная, д. 16, (495) 667-5206",""
"3876","2018-02-02","Бессрочно","программное обеспечение «Прикладной сервис доступа к ведомственному информационно-справочному порталу»","Соответствует требованиям документов: Требования доверия(4), ТУ","10","АО «НПО «Эшелон»","ФСТЭК России","МВД России","119049, г. Москва, ул. Житная, д. 16, (495) 667-5206",""
"3878","2018-02-07","2021-02-07","программный комплекс «Система управления. Аналитика-BI»","Соответствует требованиям документов: РД НДВ(2)","50","АНО «Институт инженерной физики»","ФАУ «ГНИИИ ПТЗИ ФСТЭК России»","АО «Системы управления»","117393, г. Москва, ул. Профсоюзная, д. 78, стр. 1, (495) 995-0988",""
"3879","2018-02-13","2021-02-13","программно-аппаратный комплекс средств защиты информации от несанкционированного доступа «Аккорд-АМДЗ»","Соответствует требованиям документов: Требования к СДЗ, Профиль защиты СДЗ(платы расширения четвертого класса защиты. ИТ.СДЗ.ПР4.ПЗ)","серия","ЗАО «НПП «БИТ»","ФАУ «ГНИИИ ПТЗИ ФСТЭК России»","АО «ОКБ САПР»","115114, г. Москва, 2-й Кожевнический переулок, д. 12, эт. 2, пом. I, ком. 21, (495) 994-7262","2029-02-13"
"3880","2018-02-09","2021-02-09","комплекс программных средств «Прикладное программное обеспечение системы технологического управления пригородным пассажирским комплексом ОАО «РЖД»","Соответствует требованиям документов: РД НДВ(4)","1","ООО «ЦБИ»","ЗАО «НПП «БИТ»","ОАО «РЖД»","107174, г. Москва, вн.тер. г. муниципальный округ Басманный, ул. Новая Басманная, д. 2/1, стр. 1, (499) 262-1474",""
"3881","2018-03-12","2021-03-12","программное обеспечение «Система безопасного управления средой виртуализации Z|virt»","Соответствует требованиям документов: РД НДВ(4), ТУ","300","АО «НПО «Эшелон»","ФАУ «ГНИИИ ПТЗИ ФСТЭК России»","ЗАО «КРОК инкорпорейтед»","109147, Москва, Волочаевская ул., д. 5, корп. 1, (495) 974-2274",""
"3882","2018-03-20","2026-03-20","программно-аппаратный комплекс «Персональный идентификатор ШИПКА»","Соответствует требованиям документов: Требования доверия(2), ТУ","серия","ООО «ЦБИ»","АО «НПО «Эшелон»","АО «ОКБ САПР»","115114, г. Москва, 2-й Кожевнический переулок, д. 12, эт. 2, пом. I, ком. 21, (495) 994-7262","2031-03-20"
"3883","2018-02-14","2026-02-14","программное изделие «Kaspersky Security для виртуальных сред 5.2 Легкий агент»","Соответствует требованиям документов: Требования доверия(4), Требования к САВЗ, Профиль защиты САВЗ(Б четвертого класса защиты. ИТ.САВЗ.Б4.ПЗ), Профиль защиты САВЗ(В четвертого класса защиты. ИТ.САВЗ.В4.ПЗ)","серия","АНО «Институт инженерной физики»","ФАУ «ГНИИИ ПТЗИ ФСТЭК России»","АО «Лаборатория Касперского»","125212, г. Москва, Ленинградское шоссе, д. 39А, стр. 2, (495) 797-8700","2027-08-15"
"3884","2018-02-14","2026-02-14","программное изделие «Kaspersky Security для виртуальных сред 6.1 Защита без агента»","Соответствует требованиям документов: Требования доверия(4), Требования к САВЗ, Профиль защиты САВЗ(Б четвертого класса защиты. ИТ.САВЗ.Б4.ПЗ), Профиль защиты САВЗ(В четвертого класса защиты. ИТ.САВЗ.В4.ПЗ), ЗБ","серия","АНО «Институт инженерной физики»","ФАУ «ГНИИИ ПТЗИ ФСТЭК России»","АО «Лаборатория Касперского»","125212, г. Москва, Ленинградское шоссе, д. 39А, стр. 2, (495) 797-8700","2026-07-31"
"3885","2019-11-13","2029-11-13","средство защиты информации от утечки за счет побочных электромагнитных наводок на линии электропитания «Соната-ФС10.1»","Соответствует требованиям документов: Требования к ПСЗ ПЭМИН-2015","серия","ООО «ЦБИ»","ФАУ «ГНИИИ ПТЗИ ФСТЭК России»","ООО «Анна»","111141, г. Москва, ул. Плеханова, д. 15А, стр. 5, (495) 232-60-63",""
"3886","2018-02-15","2021-02-15","аппаратно-программный комплекс «Маршрутизатор доступа»","Соответствует требованиям документов: Требования к МЭ, Профиль защиты МЭ(А второго класса защиты. ИТ.МЭ.А2.ПЗ)","серия","АО «Лаборатория ППШ»","ООО «ЦБИ»","АО «ИСТ»","199048, г. Санкт-Петербург, 17-линия В.О., д. 54, корп. 1, литер В, (812) 331-8399","2031-02-15"
"3887","2018-02-15","2021-02-15","программное изделие «Система управления тепловозом 3ТЭ25К2м. Управляющая программа»","Соответствует требованиям документов: РД НДВ(4)","500","ООО «ИБТранс»","АО «НИИАС»","АО «Управляющая компания «Брянский машиностроительный завод»","241015, г. Брянск, Ульянова ул., д. 26, (4832) 68-79-28",""
"3888","2018-03-12","2021-03-12","программное изделие «Специальное программное обеспечение «СКАТ-310» электронной панели управления дизель-генераторным агрегатом РЭИ.00001-01»","Соответствует требованиям документов: РД НДВ(4)","1","АО «Информакустика»","АО «НИИАС»","ЗАО «РосЭнергоИнжиниринг»","195220, г. Санкт-Петербург, Гражданский проспект, д. 11, (812) 610-0502","2026-03-12"
"3889","2018-03-05","2021-03-05","межсетевой экран Cisco ASA5550-K8 c установленным программным обеспечением Cisco ASA версии 9.1(7)23","Соответствует требованиям документов: Требования к МЭ, Профиль защиты МЭ(А шестого класса защиты. ИТ.МЭ.А6.ПЗ)","12","ООО «ЛИССИ-Софт»","ООО «ЦБИ»","АО «АМТ-ГРУП»","123022, г. Москва, улица 1905 года, д. 10А, стр. 1, этаж 8, пом. 11, (495) 725-7660",""
"3890","2018-03-05","2021-03-05","межсетевой экран Cisco ASA5520-K8 с установленным программным обеспечением Cisco ASA версии 9.1(7)23","Соответствует требованиям документов: Требования к МЭ, Профиль защиты МЭ(А шестого класса защиты. ИТ.МЭ.А6.ПЗ)","19","ООО «ЛИССИ-Софт»","ООО «ЦБИ»","АО «АМТ-ГРУП»","123022, г. Москва, улица 1905 года, д. 10А, стр. 1, этаж 8, пом. 11, (495) 725-7660",""
"3891","2018-03-05","2021-03-05","межсетевой экран Cisco ASA5508-K8 с установленным программным обеспечением Cisco ASA версии 9.6(4)3","Соответствует требованиям документов: Требования к МЭ, Профиль защиты МЭ(А шестого класса защиты. ИТ.МЭ.А6.ПЗ)","8","ООО «ЛИССИ-Софт»","ООО «ЦБИ»","АО «АМТ-ГРУП»","123022, г. Москва, улица 1905 года, д. 10А, стр. 1, этаж 8, пом. 11, (495) 725-7660",""
"3893","2018-03-23","2021-03-23","система управления базами данных «Oracle Database Standard Edition 2» версии 12.1.0.2, функционирующая под управлением операционной системы Windows Server 2012 R2","Соответствует требованиям документов: ТУ","1","ФГУП «РФЯЦ-ВНИИЭФ»","АО «БИТК»","ПАО «НК «Роснефть»","Россия, 115035, г. Москва, Софийская наб., д. 26/1, (346) 331-2811",""
"3894","2018-03-14","Бессрочно","Специальное программное обеспечение комплекса обработки избирательных бюллетеней (СПО КОИБ-2017, версия 05)","Соответствует требованиям документов: РД НДВ(4)","4796","ЗАО «НПП «БИТ»","ФСТЭК России","ФГКУ «Федеральный центр информатизации при Центральной избирательной комиссии Российской Федерации»","109012, г. Москва, Большой Черкасский переулок, д. 9, (495) 606-8041",""
"3895","2018-03-06","2031-03-12","фильтр сетевой помехоподавляющий марки ФП-6МА (40А)","Соответствует требованиям документов: Требования к ПСЗ ПЭМИН-2015","серия","ООО «ЦБИ»","ФАУ «ГНИИИ ПТЗИ ФСТЭК России»","ООО «НПП «СПО»","109382, г. Москва, ул. Люблинская, д. 141, оф. 409, (495) 922-9329",""
"3896","2018-03-06","2031-03-12","фильтр сетевой помехоподавляющий марки ФП-15МС(100А)","Соответствует требованиям документов: Требования к ПСЗ ПЭМИН-2015","серия","ООО «ЦБИ»","ФАУ «ГНИИИ ПТЗИ ФСТЭК России»","ООО «НПП «СПО»","109382, г. Москва, ул. Люблинская, д. 141, оф. 409, (495) 922-9329",""
"3897","2018-03-19","2021-03-19","программное изделие «Система управления базами данных в защищенном исполнении на базе программного обеспечения с открытым исходным кодом «Синергия-БД»","Соответствует требованиям документов: РД НДВ(2), ТУ","300","АО «НПО «Эшелон»","ФАУ «ГНИИИ ПТЗИ ФСТЭК России»","ФГУП «РФЯЦ-ВНИИЭФ»","607188, Нижегородская обл., г. Саров, пр-т Мира, д. 37, (831) 302-9644, (831) 302-9624","бессрочно"
"3898","2018-03-14","2021-03-14","межсетевой экран Cisco ASA5512-X-K8 с установленным программным обеспечением Cisco ASA версии 9.2(4)27","Соответствует требованиям документов: Требования к МЭ, Профиль защиты МЭ(А шестого класса защиты. ИТ.МЭ.А6.ПЗ)","12","ООО «ЛИССИ-Софт»","ООО «ЦБИ»","АО «АМТ-ГРУП»","123022, г. Москва, улица 1905 года, д. 10А, стр. 1, этаж 8, пом. 11, (495) 725-7660",""
"3899","2018-03-14","2021-03-14","межсетевой экран Cisco ASA5525-K8 с установленным программным обеспечением Cisco ASA версии 9.2(4)27","Соответствует требованиям документов: Требования к МЭ, Профиль защиты МЭ(А шестого класса защиты. ИТ.МЭ.А6.ПЗ)","13","ООО «ЛИССИ-Софт»","ООО «ЦБИ»","АО «АМТ-ГРУП»","123022, г. Москва, улица 1905 года, д. 10А, стр. 1, этаж 8, пом. 11, (495) 725-7660",""
"3900","2018-03-14","2021-03-14","межсетевой экран Cisco ASA5515-K8 с установленным программным обеспечением Cisco ASA версии 9.2(4)27","Соответствует требованиям документов: Требования к МЭ, Профиль защиты МЭ(А шестого класса защиты. ИТ.МЭ.А6.ПЗ)","4","ООО «ЛИССИ-Софт»","ООО «ЦБИ»","АО «АМТ-ГРУП»","123022, г. Москва, улица 1905 года, д. 10А, стр. 1, этаж 8, пом. 11, (495) 725-7660",""
"3901","2018-03-14","2021-03-14","межсетевой экран Cisco ASA5585-K8 с установленным программным обеспечением Cisco ASA версии 9.2(4)27","Соответствует требованиям документов: Требования к МЭ, Профиль защиты МЭ(А шестого класса защиты. ИТ.МЭ.А6.ПЗ)","4","ООО «ЛИССИ-Софт»","ООО «ЦБИ»","АО «АМТ-ГРУП»","123022, г. Москва, улица 1905 года, д. 10А, стр. 1, этаж 8, пом. 11, (495) 725-7660",""
"3902","2018-03-23","2021-03-23","программное изделие «Система автоматизированная контроля параметров работы дизельного подвижного состава и учета дизельного топлива АСК. Программа модуля накопителя»","Соответствует требованиям документов: РД НДВ(4)","1000","ООО «НПП «СВК»","АО «НИИАС»","АО «ВНИКТИ»","140402, Московская обл., г. Коломна, ул. Октябрьской революции, д. 410, (496) 618-8218, (496) 618-8283",""
"3905","2018-03-26","2031-03-26","изделие «Межсетевой экран «UserGate»","Соответствует требованиям документов: Требования доверия(4), Требования к МЭ, Профиль защиты МЭ(А четвертого класса защиты. ИТ.МЭ.А4.ПЗ), Профиль защиты МЭ(Б четвертого класса защиты. ИТ.МЭ.Б4.ПЗ), Профиль защиты МЭ(Г четвертого класса защиты. ИТ.МЭ.Г4.ПЗ), Профиль защиты МЭ(Д четвертого класса защиты. ИТ.МЭ.Д4.ПЗ), Требования к СОВ, Профили защиты СОВ(cети четвертого класса защиты. ИТ.СОВ.С4.ПЗ)","серия","АО «НПО «Эшелон»","ФАУ «ГНИИИ ПТЗИ ФСТЭК России»","ООО «Юзергейт»","630090, г. Новосибирск, ул. Николаева, д. 11, оф. 602, (383) 286-2913",""
"3907","2018-04-03","2031-04-03","программное изделие «Kaspersky Industrial CyberSecurity for Nodes»","Соответствует требованиям документов: Требования доверия(2), Требования к САВЗ, Профиль защиты САВЗ(Б второго класса защиты. ИТ.САВЗ.Б2.ПЗ), Профиль защиты САВЗ(В второго класса защиты. ИТ.САВЗ.В2.ПЗ), Профиль защиты САВЗ(Г второго класса защиты. ИТ.САВЗ.Г2.ПЗ), Требования к СКН, Профиль защиты СКН(контроля подключения съемных машинных носителей информации второго класса защиты. ИТ.СКН.П2.ПЗ), ЗБ","серия","АО «СИНКЛИТ»","ФАУ «ГНИИИ ПТЗИ ФСТЭК России»","АО «Лаборатория Касперского»","125212, г. Москва, Ленинградское шоссе, д. 39А, стр. 2, (495) 797-8700","2031-04-03"
"3908","2018-04-26","2021-04-26","программный комплекс «НАУТИЛУС-С»","Соответствует требованиям документов: РД СВТ(5)","150","АО «БИТК»","ФАУ «ГНИИИ ПТЗИ ФСТЭК России»","АО «Кросс технолоджис»","115280, г. Москва, ул. Ленинская слобода, д. 26, этаж 4, помещение XXII, к. 121, (495) 741-8864",""
"3911","2018-04-06","2021-04-06","программное средство системы обнаружения вторжений (СОВ) «Кречет»","Соответствует требованиям документов: Требования к СОВ, Профили защиты СОВ(cети четвертого класса защиты. ИТ.СОВ.С4.ПЗ)","серия","АО «НПО «Эшелон»","АО «БИТК»","ФГУП «НПП «Гамма»","117393, г. Москва, ул. Профсоюзная, д. 78, стр. 4, (495) 514-0274, (495) 663-1684","2026-04-06"
"3914","2018-04-13","2021-04-13","программное изделие «Система микропроцессорная управления, регулирования и диагностики «МПСУ-ТП». Программа управляющая для тепловоза 2(3)ТЭ25КМ» 643.00212251.50 5400 138-02","Соответствует требованиям документов: РД НДВ(4)","1000","ООО «ИБТранс»","АО «НИИАС»","АО «ВНИКТИ»","140402, Московская обл., г. Коломна, ул. Октябрьской революции, д. 410, (496) 618-8218, (496) 618-8283",""
"3915","2018-04-10","2021-04-10","коммутатор Cisco Nexus 5596 с установленным программным обеспечением Cisco NX-OS версии 7.1(2)N1(1)","Соответствует требованиям документов: Требования к МЭ, Профиль защиты МЭ(А шестого класса защиты. ИТ.МЭ.А6.ПЗ)","2","ООО «ЛИССИ-Софт»","ООО «ЦБИ»","АО «АМТ-ГРУП»","123022, г. Москва, улица 1905 года, д. 10А, стр. 1, этаж 8, пом. 11, (495) 725-7660",""
"3916","2018-04-10","2021-04-10","коммутатор Cisco 6504 VS-S720-10G с установленным программным обеспечением Cisco IOS версии 15.1(2)SY10","Соответствует требованиям документов: Требования к МЭ, Профиль защиты МЭ(А шестого класса защиты. ИТ.МЭ.А6.ПЗ)","2","ООО «ЛИССИ-Софт»","ООО «ЦБИ»","АО «АМТ-ГРУП»","123022, г. Москва, улица 1905 года, д. 10А, стр. 1, этаж 8, пом. 11, (495) 725-7660",""
"3917","2018-04-10","2021-04-10","коммутатор Cisco WS-C6506-E с установленным программным обеспечением Cisco IOS версии 15.1(2)SY10","Соответствует требованиям документов: Требования к МЭ, Профиль защиты МЭ(А шестого класса защиты. ИТ.МЭ.А6.ПЗ)","2","ООО «ЛИССИ-Софт»","ООО «ЦБИ»","АО «АМТ-ГРУП»","123022, г. Москва, улица 1905 года, д. 10А, стр. 1, этаж 8, пом. 11, (495) 725-7660",""
"3918","2018-04-10","2021-04-10","коммутатор Cisco Catalyst WS-C3560X-24T с установленным программным обеспечением Cisco IOS версии 15.0(2)SE11","Соответствует требованиям документов: Требования к МЭ, Профиль защиты МЭ(А шестого класса защиты. ИТ.МЭ.А6.ПЗ)","20","ООО «ЛИССИ-Софт»","ООО «ЦБИ»","АО «АМТ-ГРУП»","123022, г. Москва, улица 1905 года, д. 10А, стр. 1, этаж 8, пом. 11, (495) 725-7660",""
"3919","2018-04-10","2021-04-10","коммутатор Cisco Catalyst WS-C3560V2-24TS с установленным программным обеспечением Cisco IOS версии 12.2(55)SE12","Соответствует требованиям документов: Требования к МЭ, Профиль защиты МЭ(А шестого класса защиты. ИТ.МЭ.А6.ПЗ)","58","ООО «ЛИССИ-Софт»","ООО «ЦБИ»","АО «АМТ-ГРУП»","123022, г. Москва, улица 1905 года, д. 10А, стр. 1, этаж 8, пом. 11, (495) 725-7660",""
"3920","2018-04-10","2021-04-10","коммутатор Cisco Catalyst WS-C3650-24TD-E с установленным программным обеспечением Cisco IOS-XE версии 03.06.07.Е","Соответствует требованиям документов: Требования к МЭ, Профиль защиты МЭ(А шестого класса защиты. ИТ.МЭ.А6.ПЗ)","10","ООО «ЛИССИ-Софт»","ООО «ЦБИ»","АО «АМТ-ГРУП»","123022, г. Москва, улица 1905 года, д. 10А, стр. 1, этаж 8, пом. 11, (495) 725-7660",""
"3924","2018-04-16","2021-04-16","программный комплекс «Серчинформ SIEM версии 2.0»","Соответствует требованиям документов: РД НДВ(4), ТУ","серия","АО «НПО «Эшелон»","АО «Лаборатория ППШ»","ООО «СерчИнформ»","121069, Москва, Скатертный переулок, д. 8/1, стр. 1, пом. I, комн. 2, (495) 721-8406
доб. 129 офисменеджер Ожегова","2030-12-31"
"3925","2018-04-19","2021-04-17","Программное обеспечение системы микропроцессорной управления и регулирования электрической передачи тепловозов «Система» для тепловоза ТЭМ18ДМ","Соответствует требованиям документов: РД НДВ(4)","1500","ООО «ИБТранс»","АО «НИИАС»","АО «ВНИКТИ»","140402, Московская обл., г. Коломна, ул. Октябрьской революции, д. 410, (496) 618-8218, (496) 618-8283",""
"3926","2018-04-19","2021-04-18","Установка комплексная стартер-генератор. Программное обеспечение.","Соответствует требованиям документов: РД НДВ(4)","100","ООО «ИБТранс»","АО «НИИАС»","Филиал АО «НПО автоматики» «ОКБ Автоматика»","620075, г. Екатеринбург, ул. Мамина-Сибиряка, д. 145,, (343) 350-5676",""
"3927","2018-04-26","2021-04-26","программно-техническое средство информационной системы в защищенном исполнении «Темпест М-10»","Соответствует требованиям документов: Требования ТЗИ, ТУ","серия","АО «БИТК»","ФАУ «ГНИИИ ПТЗИ ФСТЭК России»","ООО «ЦБИ»","141090, Московская область, г. Королев, микрорайон Юбилейный, ул. Ленинская, д. 11, (495) 543-3060","бессрочно"
"3928","2018-04-26","2021-04-26","программно-технические средства информационной системы в защищенном исполнении «Темпест С-10»","Соответствует требованиям документов: Требования ТЗИ, ТУ","серия","АО «БИТК»","ФАУ «ГНИИИ ПТЗИ ФСТЭК России»","ООО «ЦБИ»","141090, Московская область, г. Королев, микрорайон Юбилейный, ул. Ленинская, д. 11, (495) 543-3060","бессрочно"
"3936","2018-05-10","2021-05-10","модуль доверенной загрузки «Аккорд-МКТ»","Соответствует требованиям документов: Требования доверия(4), Требования к СДЗ, Профиль защиты СДЗ(базовой системы ввода-вывода четвертого класса защиты. ИТ.СДЗ.УБ4.ПЗ)","серия","ООО «ЦБИ»","ФАУ «ГНИИИ ПТЗИ ФСТЭК России»","АО «ОКБ САПР»","115114, г. Москва, 2-й Кожевнический переулок, д. 12, эт. 2, пом. I, ком. 21, (495) 994-7262","2026-05-10"
"3939","2018-06-13","2021-06-13","программный комплекс «Цирконий-М» версии 7.0. Встроенные средства защиты информации от несанкционированного доступа»","Соответствует требованиям документов: РД НДВ(2)","серия","ФГУП «СКЦ Росатома»","АО Центр «Атомзащитаинформ»","АО «ФЦНИВТ «СНПО «Элерон»","115563, г. Москва, ул. Генерала Белова, д. 14, (499) 725-0291","2030-12-31"
"3947","2019-11-07","2024-11-07","прикладное программное обеспечение «Автоматизированное рабочее место электронного документооборота системы доставки «ДЕБЮТ» версия 8.2»","Соответствует требованиям документов: РД НДВ(4)","10","ФГУП «НПП «Гамма»","ФАУ «ГНИИИ ПТЗИ ФСТЭК России»","ПАО «Сбербанк»","117997, г. Москва, ул. Вавилова, д. 19, (495) 957-5731",""
"3948","2018-05-31","2031-05-31","система виброакустической защиты «Гамма СВАЗ-01»","Соответствует требованиям документов: ТУ, Требования к СВАЗ-2023(БВ1)","серия","ООО «ЦБИ»","ФАУ «ГНИИИ ПТЗИ ФСТЭК России»","ФГУП «НПП «Гамма»","117393, г. Москва, ул. Профсоюзная, д. 78, стр. 4, (495) 514-0274, (495) 663-1684","2031-05-31"
"3949","2018-06-05","2026-06-05","система защиты акустической речевой информации от утечки по акустическому и вибрационному каналам СТБ 231","Соответствует требованиям документов: ТУ, Требования к СВАЗ-2023(АВ2)","серия","ООО «ЦСТБИ»","АО Центр «Атомзащитаинформ»","ООО «СовТехСпецЗащита»","Дмитровское ш., д. 60А,  г. Москва, 127474, (499) 963-5757","2030-12-30"
"3950","2018-06-05","2026-06-05","персональная ЭВМ Гамма МБ-16-01","Соответствует требованиям документов: Требования ТЗИ, ТУ","серия","АО «Лаборатория ППШ»","ФАУ «ГНИИИ ПТЗИ ФСТЭК России»","ФГУП «НПП «Гамма»","117393, г. Москва, ул. Профсоюзная, д. 78, стр. 4, (495) 514-0274, (495) 663-1684","2031-06-05"
"3951","2018-07-17","2021-07-17","программное обепечение комплексной системы автоматизации управления сортировочным процессом","Соответствует требованиям документов: РД НДВ(4)","10","АО «Информакустика»","АО «БИТК»","Ростовский 
филиал АО «НИИАС»","344038, г. Ростов на Дону, проспект Ленина, д. 44/13, (863) 245-0680",""
"3952","2018-06-20","2021-06-20","программное изделие «ПОРТАЛ»","Соответствует требованиям документов: РД НДВ(4)","50","ФГУП «РФЯЦ-ВНИИЭФ»","АО Центр «Атомзащитаинформ»","АО «РАСУ»","115230, г. Москва, Каширское шоссе, д. 3, корп. 2, стр. 16, 8 (495) 933-43-40",""
"3953","2018-06-21","Бессрочно","программное обеспечение «Прикладной сервис видеоконференцсвязи»","Соответствует требованиям документов: Требования доверия(4), ТУ","10","АО «НПО «Эшелон»","ФСТЭК России","МВД России","119049, г. Москва, ул. Житная, д. 16, (495) 667-5206",""
"3954","2018-06-21","2021-06-21","программное обеспечение «Программное обеспечение (сервис) оперативно-служебной деятельности НЦБ Интерпола МВД России»","Соответствует требованиям документов: РД НДВ(4), ТУ","300","АО «НПО «Эшелон»","ФСТЭК России","МВД России","119049, г. Москва, ул. Житная, д. 16, (495) 667-5206",""
"3955","2018-06-21","Бессрочно","программное обеспечение «Сервис специального программного обеспечения Федеральной информационной системы Госавтоинспекции МВД России»","Соответствует требованиям документов: Требования доверия(4), ТУ","10","АО «НПО «Эшелон»","ФСТЭК России","МВД России","119049, г. Москва, ул. Житная, д. 16, (495) 667-5206",""
"3957","2018-06-25","2021-06-25","программное обеспечение «Сервис предоставления государственных услуг»","Соответствует требованиям документов: РД НДВ(4), ТУ","300","АО «НПО «Эшелон»","ФСТЭК России","МВД России","119049, г. Москва, ул. Житная, д. 16, (495) 667-5206",""
"3958","2018-06-25","Бессрочно","ПО «Программное обеспечение (сервис) информационной поддержки деятельности сотрудников подразделений и организаций тылового обеспечения системы МВД России»","Соответствует требованиям документов: Требования доверия(4), ТУ","10","АО «НПО «Эшелон»","ФСТЭК России","МВД России","119049, г. Москва, ул. Житная, д. 16, (495) 667-5206",""
"3961","2018-06-27","2021-06-27","коммутатор Cisco 6504 VS-SUP2T-10G с установленным программным обеспечением Cisco IOS версии 15.1(2)SY12","Соответствует требованиям документов: Требования к МЭ, Профиль защиты МЭ(А шестого класса защиты. ИТ.МЭ.А6.ПЗ)","2","ООО «ЛИССИ-Софт»","ООО «ЦБИ»","АО «АМТ-ГРУП»","123022, г. Москва, улица 1905 года, д. 10А, стр. 1, этаж 8, пом. 11, (495) 725-7660",""
"3962","2018-06-27","2021-06-27","коммутатор Cisco Catalyst WS C3750X-24 с установленным программным обеспечением Cisco IOS версии 15.2(4)Е6","Соответствует требованиям документов: Требования к МЭ, Профиль защиты МЭ(А шестого класса защиты. ИТ.МЭ.А6.ПЗ)","2","ООО «ЛИССИ-Софт»","ООО «ЦБИ»","АО «АМТ-ГРУП»","123022, г. Москва, улица 1905 года, д. 10А, стр. 1, этаж 8, пом. 11, (495) 725-7660",""
"3963","2018-07-11","2021-07-11","защищенное программное обеспечение электронного архива «АС-Архив» (вер. 4.2.001.Z)","Соответствует требованиям документов: РД НДВ(2)","300","ООО «ЦБИ»","ФАУ «ГНИИИ ПТЗИ ФСТЭК России»","ООО Фирма «АС»","Валдайский проезд, д. 16, стр. 1, Москва, 125445, (495) 984-6073, (499) 767-1280",""
"3964","2018-06-29","Бессрочно","программное обеспечение «Сервис обеспечения деятельности правовых подразделений системы МВД России»","Соответствует требованиям документов: Требования доверия(4), ТУ","10","АО «НПО «Эшелон»","ФСТЭК России","МВД России","119049, г. Москва, ул. Житная, д. 16, (495) 667-5206",""
"3965","2018-06-29","2021-06-29","программное обеспечение «Сервис обеспечения кадровой деятельности единой информационно-аналитической системы обеспечения деятельности органов внутренних дел МВД России»","Соответствует требованиям документов: РД НДВ(4), ТУ","300","АО «НПО «Эшелон»","ФСТЭК России","МВД России","119049, г. Москва, ул. Житная, д. 16, (495) 667-5206",""
"3967","2018-07-16","2021-07-16","программное обеспечение «Сервис обеспечения деятельности организационно-штатных подразделений органов внутренних дел Российской Федерации»","Соответствует требованиям документов: РД НДВ(4), ТУ","300","АО «НПО «Эшелон»","ФСТЭК России","МВД России","119049, г. Москва, ул. Житная, д. 16, (495) 667-5206",""
"3968","2018-07-16","Бессрочно","программное обеспечение (сервис) охраны общественного порядка","Соответствует требованиям документов: Требования доверия(4), ТУ","10","АО «НПО «Эшелон»","ФСТЭК России","МВД России","119049, г. Москва, ул. Житная, д. 16, (495) 667-5206",""
"3969","2018-07-16","Бессрочно","программное обеспечение «Сервис автоматизированной проверки граждан, транспортных средств и документов на объектах учетно-заградительной системы подразделений МВД России»","Соответствует требованиям документов: Требования доверия(4), ТУ","10","АО «НПО «Эшелон»","ФСТЭК России","МВД России","119049, г. Москва, ул. Житная, д. 16, (495) 667-5206",""
"3970","2018-07-16","Бессрочно","программное обеспечение (сервис) обеспечения деятельности дежурных частей","Соответствует требованиям документов: Требования доверия(4), ТУ","10","АО «НПО «Эшелон»","ФСТЭК России","МВД России","119049, г. Москва, ул. Житная, д. 16, (495) 667-5206",""
"3971","2018-07-13","2021-07-13","Специальное программное обеспечение автоматизированной системы управления «Информационное обеспечение деятельности единых информационно-расчетных центров»","Соответствует требованиям документов: ТУ","1","АО «НПО «Эшелон»","ЗАО «НПП «БИТ»","ГБУ города Москвы «Информационный город»","Новая Басманная ул., д. 10, стр. 1, г. Москва, 107078",""
"3975","2019-11-11","Бессрочно","специальное программное обеспечение автоматизированной системы торгов специального назначения","Соответствует требованиям документов: Требования доверия(4), ТУ","1","ФГУП «НПП «Гамма»","ООО «ЦБИ»","ООО «АСТ ГОЗ»","117393, г. Москва, ул. Профсоюзная, д. 78, стр. 1",""
"3976","2018-07-27","2021-07-27","программный комплекс «Аркан»","Соответствует требованиям документов: Требования к МЭ, Профиль защиты МЭ(Д четвертого класса защиты. ИТ.МЭ.Д4.ПЗ), Требования к СОВ, Профили защиты СОВ(cети четвертого класса защиты. ИТ.СОВ.С4.ПЗ)","серия","АО «НПО «Эшелон»","ФАУ «ГНИИИ ПТЗИ ФСТЭК России»","ООО «АСП Лабс»","121205, г. Москва, территория инновационного центра «Сколково», Большой бульвар, д. 42, стр. 1, этаж 1, пом. 336, раб. 15, (499) 444-5306","2026-01-01"
"3980","2018-08-03","2023-08-03","коммутатор Cisco Catalyst WS-C3650-24TS с установленным программным обеспечением Cisco IOS-XE версии 16.3.6","Соответствует требованиям документов: Требования к МЭ, Профиль защиты МЭ(А шестого класса защиты. ИТ.МЭ.А6.ПЗ), Профиль защиты МЭ(Б шестого класса защиты. ИТ.МЭ.Б6.ПЗ)","8","ООО «ЛИССИ-Софт»","ООО «ЦБИ»","ООО «СибИТ — Проекты»","660062, г. Красноярск, Высотная ул., д. 2, пом. 17, (391) 290-0477",""
"3982","2018-08-07","2023-08-07","программное обеспечение микропроцессорной централизации стрелок и светофоров МПЦ-ЭЛ","Соответствует требованиям документов: РД НДВ(4), ТУ","100","АО «НПО «Эшелон»","ФАУ «ГНИИИ ПТЗИ ФСТЭК России»","ОАО «ЭЛТЕЗА»","129343, г. Москва, ул. Сибиряковская, д. 5, (499) 266-6996",""
"3983","2018-08-07","2028-08-07","генератор шума «ЛГШ-514»","Соответствует требованиям документов: Требования к САЗ ПЭМИН-2014(А)","серия","АО «Лаборатория ППШ»","ООО «ЦБИ»","ООО «Ленспецпроизводство»","199178, г. Санкт-Петербург, наб. реки Смоленки, д. 25, лит. Е, оф. 134, (812) 309-6170",""
"3985","2018-08-17","2028-08-17","персональная электронно-вычислительная машина «Обруч-2»","Соответствует требованиям документов: Требования ТЗИ, ТУ","серия","АНО «Институт инженерной физики»","ООО «ЦБИ»","АО «РНТ»","129515, г. Москва, ул. 2-я Останкинская, дом 6, (495) 777-7577",""
"3989","2018-08-14","Бессрочно","программное обеспечение «Программное обеспечение (сервис) управления доступом к информационным системам и ресурсам»","Соответствует требованиям документов: Требования доверия(4), ТУ","1","АО «НПО «Эшелон»","ФСТЭК России","МВД России","119049, г. Москва, ул. Житная, д. 16, (495) 667-5206",""
"3990","2018-08-14","2023-08-14","специальное программное обеспечение автоматизированной информационной системы обработки и ведения нормативных правовых актов МВД России, имеющих гриф ограничения доступа","Соответствует требованиям документов: Требования доверия(2), ТУ","300","АО «НПО «Эшелон»","ФСТЭК России","МВД России","119049, г. Москва, ул. Житная, д. 16, (495) 667-5206",""
"3991","2018-08-14","2023-08-14","программное обеспечение «Сервис обеспечения повседневной деятельности Главного управления собственной безопасности МВД России»","Соответствует требованиям документов: РД НДВ(3), ТУ","300","АО «НПО «Эшелон»","ФСТЭК России","МВД России","119049, г. Москва, ул. Житная, д. 16, (495) 667-5206",""
"3992","2018-08-14","2023-08-14","программное обеспечение «Программное обеспечение (сервис) управления доступом к информационным системам и ресурсам контура обработки государственной тайны»","Соответствует требованиям документов: РД НДВ(3), ТУ","300","АО «НПО «Эшелон»","ФСТЭК России","МВД России","119049, г. Москва, ул. Житная, д. 16, (495) 667-5206","2022-12-31"
"3993","2018-08-14","2023-08-14","программное обеспечение «Прикладной сервис обеспечения деятельности Управления по обеспечению безопасности лиц, подлежащих государственной защите»","Соответствует требованиям документов: РД НДВ(3), ТУ","300","АО «НПО «Эшелон»","ФСТЭК России","МВД России","119049, г. Москва, ул. Житная, д. 16, (495) 667-5206",""
"3994","2018-08-16","2023-08-16","Микропроцессорная система управления тепловозом. Программное обеспечение.","Соответствует требованиям документов: РД НДВ(4)","80","ООО «ИБТранс»","АО «НИИАС»","Филиал АО «НПО автоматики» «ОКБ Автоматика»","620075, г. Екатеринбург, ул. Мамина-Сибиряка, д. 145,, (343) 350-5676",""
"3995","2018-08-17","2023-08-17","программное изделие «Система микропроцессорная управления, регулирования и диагностики «МПСУ-ТП». Программа управляющая для тепловоза 2ТЭ25А»","Соответствует требованиям документов: РД НДВ(4)","500","ООО «ИБТранс»","АО «НИИАС»","АО «ВНИКТИ»","140402, Московская обл., г. Коломна, ул. Октябрьской революции, д. 410, (496) 618-8218, (496) 618-8283",""
"3996","2018-08-17","2023-08-17","Комплекс программного обеспечения устройства обработки информации и дисплейного модуля для тепловоза ТЭП70БС с системой автоведения","Соответствует требованиям документов: РД НДВ(4)","100","ООО «ИБТранс»","АО «НИИАС»","АО «ВНИКТИ»","140402, Московская обл., г. Коломна, ул. Октябрьской революции, д. 410, (496) 618-8218, (496) 618-8283",""
"3999","2018-08-20","2023-08-20","комплекс программно-информационных средств «Мобилизационная подготовка экономики» (версия 2.1)","Соответствует требованиям документов: РД НДВ(3)","250","АНО «Институт инженерной физики»","АО «Лаборатория ППШ»","ЗАО «НПЦ ИРС»","140032, Московская обл., Люберецкий район, пос. Малаховка,  ул. Шоссейная, д. 1а, (495) 330-0788",""
"4000","2018-09-03","2028-09-03","программное изделие «Анализатор защищенности исходного кода приложений Positive Technologies Application Inspector»","Соответствует требованиям документов: Требования доверия(4), ТУ","серия","АО «ДОКУМЕНТАЛЬНЫЕ СИСТЕМЫ»","ФАУ «ГНИИИ ПТЗИ ФСТЭК России»","АО «Позитив Текнолоджиз»","107061, г. Москва, вн.тер.г. муниципальный округ Преображенское, Преображенская пл., д. 8, помещ. 60, (495) 744-0144","2029-06-01"
"4000/1","2018-09-03","2023-09-03","программное изделие «Анализатор защищенности исходного кода приложений Positive Technologies Application Inspector»","Соответствует требованиям документов: Требования доверия(4), ТУ","серия","АО «ДОКУМЕНТАЛЬНЫЕ СИСТЕМЫ»","ФАУ «ГНИИИ ПТЗИ ФСТЭК России»","ООО «Прорывные технологии»","107113, г. Москва, ул. Маленковская, д. 14, к. 3, помещ. 4, этаж 1, ком. 1, офис 205, (495) 149-5817","2029-06-01"
"4001","2018-08-24","2023-08-24","прикладное программное обеспечение Единого информационно-телекоммуникационного пространства управления записи актов гражданского состояния города Москвы","Соответствует требованиям документов: РД НДВ(4), ТУ","1","АО «БИТК»","ФАУ «ГНИИИ ПТЗИ ФСТЭК России»","АО «Стратегия информационной безопасности»","143983, Московская обл., г. Балашиха, мкр. Керамик, ул. Керамическая, д. 1 корп. 1, (495) 741-8779",""
"4002","2018-08-27","2023-08-27","программное средство «Numedy. Security Manager»","Соответствует требованиям документов: РД НДВ(4), ТУ","50","АО «БИТК»","ФАУ «ГНИИИ ПТЗИ ФСТЭК России»","ООО «Нумеди»","ул. Электросигнальная , д. 1, оф. 177, г. Воронеж, 394026, (499) 284-0294","бессрочно"
"4004","2018-08-23","2028-08-23","устройство уничтожения информации на магнитных носителей информации способом магнитно-силового воздействия «ПРИБОЙ Модуль-3.5»","Соответствует требованиям документов: Требования к СУИ","серия","АО «БИТК»","ФАУ «ГНИИИ ПТЗИ ФСТЭК России»","ООО «Компьютерные сервисные устройства»","142000, Московская обл., г. Домодедово, ул. Полянка, д. 29, (903) 720-83-33",""
"4005","2018-09-06","2023-09-06","Автоматизированная система уголовно-правовой статистики Следственного комитета Российской Федерации","Соответствует требованиям документов: РД НДВ(4), ТУ","1","ООО «ЦБИ»","ФСТЭК России","АО «Ай-Теко»","119119, г. Москва, Ленинский просп., д. 42, кор. 6, пом. IV, ком. 9, (499) 777-1095",""
"4007","2018-08-29","2023-08-29","программное обеспечение Solar appScreener версии 3","Соответствует требованиям документов: Требования доверия(4), ТУ","серия","АО «Лаборатория ППШ»","АО «НПО «Эшелон»","АО «СОЛАР СЕКЬЮРИТИ»","127015, г. Москва, ул. Вятская, д. 35, стр. 4, этаж 4, помещение № 7, комнаты 12, 20-23, 25-34, 48-54, 65, (499) 755-0770","2033-08-29"
"4008","2018-08-31","2028-08-31","Фильтр сетевой помехоподавляющий ФП-15 (70А)","Соответствует требованиям документов: Требования к ПСЗ ПЭМИН-2015","серия","ООО «ЦБИ»","ФАУ «ГНИИИ ПТЗИ ФСТЭК России»","ООО «НПП «СПО»","109382, г. Москва, ул. Люблинская, д. 141, оф. 409, (495) 922-9329",""
"4011","2018-09-12","2023-09-12","программное обеспечение «ПАРУС-Бюджет 8»","Соответствует требованиям документов: ТУ","800","АО «БИТК»","ФАУ «ГНИИИ ПТЗИ ФСТЭК России»","АО «Стратегия информационной безопасности»","143983, Московская обл., г. Балашиха, мкр. Керамик, ул. Керамическая, д. 1 корп. 1, (495) 741-8779",""
"4012","2019-06-18","2024-06-14","программное обеспечение SAP CLOUD PLATFORM, версия 1","Соответствует требованиям документов: Требования доверия(6), ТУ","2","ООО «Газинформсервис»","АО «БИТК»","ООО «САП СНГ»","115054, г. Москва, Космодамианская наб., д. 52, стр. 2, (495) 755-9800",""
"4013","2019-06-18","2024-06-14","программное обеспечение SAP HYBRIS COMMERCE CLOUD, версия 1","Соответствует требованиям документов: Требования доверия(6), ТУ","2","ООО «Газинформсервис»","АО «БИТК»","ООО «САП СНГ»","115054, г. Москва, Космодамианская наб., д. 52, стр. 2, (495) 755-9800",""
"4014","2019-06-14","2024-06-14","программное обеспечение SAP CLOUD FOR CUSTOMER, версия 1","Соответствует требованиям документов: Требования доверия(6), ТУ","2","ООО «Газинформсервис»","АО «БИТК»","ООО «САП СНГ»","115054, г. Москва, Космодамианская наб., д. 52, стр. 2, (495) 755-9800",""
"4015","2018-09-21","Бессрочно","специальное программное обеспечение «Интернет-портал Федерального кадрового центра ОПК»","Соответствует требованиям документов: ТУ","10","ФГУП «НПП «Гамма»","ООО «ЦБИ»","ФГУП «ВНИИ «Центр»","123242, Москва, ул. Садовая Кудринская, д. 11, стр. 1, (499) 254-0500",""
"4016","2018-09-24","2023-09-24","программный комплекс мониторинга комплексного развития НЭСБ организаций ОПК","Соответствует требованиям документов: РД НДВ(2)","10","ФГУП «НПП «Гамма»","ФСТЭК России","НТЦ «Информтехника» - филиал ФГУП «ВНИИ «Центр»","107078, г. Москва, ул. Каланчевская, д. 15 А, (495) 662-5444",""
"4017","2018-09-24","2023-09-24","программный комплекс информационно-аналитической поддержки технического перевооружения предприятий ОПК","Соответствует требованиям документов: Требования доверия(2)","10","ФГУП «НПП «Гамма»","ФСТЭК России","НТЦ «Информтехника» - филиал ФГУП «ВНИИ «Центр»","107078, г. Москва, ул. Каланчевская, д. 15 А, (495) 662-5444",""
"4018","2018-09-24","2023-09-24","специальное программное обеспечение информационно-аналитической системы производственных возможностей и кооперационных связей головных исполнителей по поставке и ремонту образцов ВВСТ «Анализ Максимум М»","Соответствует требованиям документов: Требования доверия(2)","10","ФГУП «НПП «Гамма»","ФСТЭК России","НТЦ «Информтехника» - филиал ФГУП «ВНИИ «Центр»","107078, г. Москва, ул. Каланчевская, д. 15 А, (495) 662-5444",""
"4019","2018-09-24","2023-09-24","программный комплекс мониторинга результатов НИОКР и управления правами на РИД","Соответствует требованиям документов: РД НДВ(2)","10","ФГУП «НПП «Гамма»","ФСТЭК России","НТЦ «Информтехника» - филиал ФГУП «ВНИИ «Центр»","107078, г. Москва, ул. Каланчевская, д. 15 А, (495) 662-5444",""
"4022","2018-10-04","2023-10-04","программное изделие «Система автоблокировки с тональными рельсовыми цепями, с централизованным размещением аппаратуры в шкафах монтажных (19-дюймовых) и дублирующими каналами передачи информации микропроцессорная АБТЦ-МШ. Программное обеспечение»","Соответствует требованиям документов: РД НДВ(4)","850","ООО «ИБТранс»","АО «НИИАС»","АО «ЭЛАРА»","428015, г. Чебоксары, Московский проспект, д. 40, (8352) 45-1048",""
"4024","2018-10-10","2028-10-10","фильтр сетевой помехоподавляющий марки ФП-15МА (200А)","Соответствует требованиям документов: Требования к ПСЗ ПЭМИН-2015","серия","ООО «ЦБИ»","ФАУ «ГНИИИ ПТЗИ ФСТЭК России»","ООО «НПП «СПО»","109382, г. Москва, ул. Люблинская, д. 141, оф. 409, (495) 922-9329",""
"4025","2018-10-11","2023-10-11","программный комплекс мер стимулирования и государственной поддержки организаций ОПК","Соответствует требованиям документов: РД НДВ(2)","10","ФГУП «НПП «Гамма»","ФАУ «ГНИИИ ПТЗИ ФСТЭК России»","ФГУП «ВНИИ «Центр»","123242, Москва, ул. Садовая Кудринская, д. 11, стр. 1, (499) 254-0500",""
"4026","2018-10-15","2023-10-15","межсетевой экран Cisco ASA 5510 с установленным программным обеспечением Cisco ASA версии 9.1(7)29","Соответствует требованиям документов: Требования к МЭ, Профиль защиты МЭ(А шестого класса защиты. ИТ.МЭ.А6.ПЗ), Профиль защиты МЭ(Б шестого класса защиты. ИТ.МЭ.Б6.ПЗ)","29","АО «Лаборатория ППШ»","ООО «ЦБИ»","АО «ЭЛВИС-ПЛЮС»","124527, г. Москва, г. Зеленоград, Солнечная аллея, д. 6, помещение VI, офис 7, (495) 276-0211",""
"4027","2018-10-25","2028-10-25","программное изделие «Kaspersky Industrial CyberSecurity for Networks»","Соответствует требованиям документов: Требования доверия(4), Требования к СОВ, Профили защиты СОВ(cети четвертого класса защиты. ИТ.СОВ.С4.ПЗ), ЗБ","серия","АО «СИНКЛИТ»","ФАУ «ГНИИИ ПТЗИ ФСТЭК России»","АО «Лаборатория Касперского»","125212, г. Москва, Ленинградское шоссе, д. 39А, стр. 2, (495) 797-8700","2028-10-25"
"4028","2018-10-23","2023-10-22","Межсетевой экран Cisco ASA 5512 с установленным программным обеспечением Cisco ASA версии 9.6(4)10","Соответствует требованиям документов: Требования к МЭ, Профиль защиты МЭ(А шестого класса защиты. ИТ.МЭ.А6.ПЗ), Профиль защиты МЭ(Б шестого класса защиты. ИТ.МЭ.Б6.ПЗ)","128","АО «Лаборатория ППШ»","ООО «ЦБИ»","АО «ЭЛВИС-ПЛЮС»","124527, г. Москва, г. Зеленоград, Солнечная аллея, д. 6, помещение VI, офис 7, (495) 276-0211",""
"4029","2018-10-25","2023-10-22","Межсетевой экран Cisco ASA 5515 с установленным программным обеспечением Cisco ASA версии 9.6(4)10","Соответствует требованиям документов: Требования к МЭ, Профиль защиты МЭ(А шестого класса защиты. ИТ.МЭ.А6.ПЗ), Профиль защиты МЭ(Б шестого класса защиты. ИТ.МЭ.Б6.ПЗ)","86","АО «Лаборатория ППШ»","ООО «ЦБИ»","АО «ЭЛВИС-ПЛЮС»","124527, г. Москва, г. Зеленоград, Солнечная аллея, д. 6, помещение VI, офис 7, (495) 276-0211",""
"4034","2018-11-12","2023-11-12","программно-аппаратный комплекс Cisco ASA 5525-X с установленным программным обеспечением Cisco ASA версии 9.8(2)38","Соответствует требованиям документов: Требования к МЭ, Профиль защиты МЭ(А шестого класса защиты. ИТ.МЭ.А6.ПЗ), Профиль защиты МЭ(Б шестого класса защиты. ИТ.МЭ.Б6.ПЗ)","8","ООО «ЛИССИ-Софт»","ООО «ЦБИ»","АО «АМТ-ГРУП»","123022, г. Москва, улица 1905 года, д. 10А, стр. 1, этаж 8, пом. 11, (495) 725-7660",""
"4036","2018-11-14","2023-11-14","СЗЗ «ВСДЛ»","Соответствует требованиям документов: РД СЗЗ(9)","1000000","АО «БИТК»","ФАУ «ГНИИИ ПТЗИ ФСТЭК России»","ООО «Знак»","г. Москва, Ленинградский пр-т, д. 35, (495) 748-4444",""
"4037","2018-12-25","2023-12-25","программный комплекс мультимодальной биометрической аутентификации VoiceKey.PLATFORM","Соответствует требованиям документов: РД НДВ(4), ТУ","30","АО «Лаборатория ППШ»","АО «НПО «Эшелон»","ООО «ЦРТ-инновации»","196084, Санкт-Петербург, ул. Красуцкого, д. 4, литера «А», (812) 325-8848",""
"4038","2018-11-15","2028-11-15","ФП-11 (16А)","Соответствует требованиям документов: Требования к ПСЗ ПЭМИН-2015","серия","ООО «ЦБИ»","ФАУ «ГНИИИ ПТЗИ ФСТЭК России»","ООО «НПП «СПО»","109382, г. Москва, ул. Люблинская, д. 141, оф. 409, (495) 922-9329",""
"4039","2018-12-07","2023-12-07","изделие «Операционная система РОСА «КОБАЛЬТ»","Соответствует требованиям документов: Требования доверия(4), Требования к ОС, Профиль защиты ОС(А четвертого класса защиты. ИТ.ОС.А4.ПЗ)","серия","ООО «ЦБИ»","ФАУ «ГНИИИ ПТЗИ ФСТЭК России»","АО «НПО Ангстрем»","Площадь Шокина, д. 2, стр. 3, Зеленоград, Москва, 124498, (499) 645 5407, 645 5408","2030-12-31"
"4042","2018-11-30","2028-11-30","программное изделие «Система обнаружения и предотвращения вторжений Positive Technologies Network Attack Discovery»","Соответствует требованиям документов: Требования доверия(4), Требования к СОВ, Профили защиты СОВ(cети четвертого класса защиты. ИТ.СОВ.С4.ПЗ)","серия","АО «ДОКУМЕНТАЛЬНЫЕ СИСТЕМЫ»","АО «Лаборатория ППШ»","АО «Позитив Текнолоджиз»","107061, г. Москва, вн.тер.г. муниципальный округ Преображенское, Преображенская пл., д. 8, помещ. 60, (495) 744-0144","2029-06-01"
"4042/1","2018-11-30","2023-11-30","программное изделие «Система обнаружения и предотвращения вторжений Positive Technologies Network Attack Discovery»","Соответствует требованиям документов: Требования доверия(4), Требования к СОВ, Профили защиты СОВ(cети четвертого класса защиты. ИТ.СОВ.С4.ПЗ)","серия","АО «ДОКУМЕНТАЛЬНЫЕ СИСТЕМЫ»","АО «Лаборатория ППШ»","ООО «Прорывные технологии»","107113, г. Москва, ул. Маленковская, д. 14, к. 3, помещ. 4, этаж 1, ком. 1, офис 205, (495) 149-5817","2029-06-01"
"4043","2018-12-05","2028-12-05","программно-аппаратный комплекс «Соболь». Версия 4»","Соответствует требованиям документов: Требования доверия(2), Требования к СДЗ, Профиль защиты СДЗ(платы расширения второго класса защиты. ИТ.СДЗ.ПР2.ПЗ)","серия","АО «НПО «Эшелон»","ФАУ «ГНИИИ ПТЗИ ФСТЭК России»","ООО «Код Безопасности»","129515, г. Москва, вн.тер.г. Муниципальный округ Останкинский, ул. Академика Королева, д. 13, стр. 1, пом. 13/8, (495) 982-3020","2028-12-05"
"4046","2018-12-14","2023-12-14","программное обеспечение «Подсистема администрирования Центра Контроля Системы Взимания Платы»","Соответствует требованиям документов: ТУ","1","АО «НПО «Эшелон»","ФАУ «ГНИИИ ПТЗИ ФСТЭК России»","ООО «РТ-Инвест Транспортные Системы»","127015, г. Москва, ул. Вятская, д. 27, стр. 16, (495) 587-0907","2027-09-29"
"4047","2018-12-18","2023-12-18","комплекс программных средств «Модуль централизованного управления и контроля СиЗИ ЦОД ТОВ», версия 1.0","Соответствует требованиям документов: РД НДВ(4), ТУ","10","ЗАО «НПП «БИТ»","ФАУ «ГНИИИ ПТЗИ ФСТЭК России»","АО «СКАТ»","124498, г. Москва, г. Зеленоград, Георгиевский проспект, дом 5, строение 1, помещение I, комната № 82, (495) 730-4949",""
"4049","2018-12-19","Бессрочно","программное обеспечение EMIAS.Parus Автоматизированной информационной системы города Москвы «Единая медицинская информационно-аналитическая система города Москвы»","Соответствует требованиям документов: Требования доверия(6), ТУ","1","ООО «НПО ВС»","АО «Лаборатория ППШ»","АО «НИЦ»","117246, г. Москва, Научный проезд, д. 6, эт. 1, пом. 1, ком. 32, (495) 204-2086","2023-12-19"
"4052","2018-12-20","2023-12-20","программный комплекс Средства защиты информации прикладного программного обеспечения Автоматизированной системы Федерального казначейства версия 2.2 RU.54819512.00005-03","Соответствует требованиям документов: РД НДВ(2), ТУ","100","АО «Лаборатория ППШ»","ФАУ «ГНИИИ ПТЗИ ФСТЭК России»","ООО «ОТР 2000»","127474, г. Москва, вн.тер.г. муниципальный округ Бескудниковский, ш. Дмитровское, д. 60, (495) 223-07-99","2026-12-31"
"4053","2018-12-21","Бессрочно","комплекс программ ведомственной отчетности ИСУ ОПК","Соответствует требованиям документов: Требования доверия(2)","10","ФГУП «НПП «Гамма»","ФАУ «ГНИИИ ПТЗИ ФСТЭК России»","ФГУП «ВНИИ «Центр»","123242, Москва, ул. Садовая Кудринская, д. 11, стр. 1, (499) 254-0500",""
"4054","2018-12-25","2023-12-25","программное изделие «Система обеспечения безопасности движения специального самоходного подвижного состава I категории. Программное обеспечение»","Соответствует требованиям документов: РД НДВ(4)","1000","ООО «ИБТранс»","АО «НИИАС»","ООО «ИРЗ-Локомотив»","426034, Удмуртская Республика, г. Ижевск, ул. Базисная, д. 19",""
"4055","2018-12-24","2028-12-24","программный комплекс С-Терра СОВ. Версия 4.3","Соответствует требованиям документов: Требования доверия(4), Требования к СОВ, Профили защиты СОВ(cети четвертого класса защиты. ИТ.СОВ.С4.ПЗ)","серия","ЗАО ГИЦ ПС ВТ","ФАУ «ГНИИИ ПТЗИ ФСТЭК России»","ООО «С-Терра СиЭсПи»","124460, г. Москва, вн.тер.г. муниципальный округ Силино, г. Зеленоград, ул. Конструктора Лукина, д. 14, стр. 12, (499) 940-9061",""
"4056","2019-01-22","2024-01-22","программный продукт «Гипервизор 1 типа с мультидоменной структурой»","Соответствует требованиям документов: РД НДВ(2), ТУ","300","ООО «ЦБИ»","ФАУ «ГНИИИ ПТЗИ ФСТЭК России»","ФГУП «РФЯЦ-ВНИИЭФ»","607188, Нижегородская обл., г. Саров, пр-т Мира, д. 37, (831) 302-9644, (831) 302-9624",""
"4057","2018-12-27","2023-12-27","Программный комплекс подготовки заключений о ценовых предложениях на продукцию, поставляемую организациями ОПК по ГОЗ","Соответствует требованиям документов: РД НДВ(2)","10","ФГУП «НПП «Гамма»","ФАУ «ГНИИИ ПТЗИ ФСТЭК России»","ФГУП «ВНИИ «Центр»","123242, Москва, ул. Садовая Кудринская, д. 11, стр. 1, (499) 254-0500",""
"4060","2019-01-12","2029-01-12","операционная система «РЕД ОС»","Соответствует требованиям документов: Требования доверия(4), Требования к ОС, Профиль защиты ОС(А четвертого класса защиты. ИТ.ОС.А4.ПЗ), Требования к средствам контейнеризации(4), Требования к средствам виртуализации(4)","серия","ЗАО ГИЦ ПС ВТ","ООО «ЦБИ»","ООО «РЕД СОФТ»","121205, г. Москва, территория Сколково инновационного центра, ул. Нобеля, д. 5, эт. 2, пом. 4, (495) 285-6268","2030-12-31"
"4061","2019-01-16","2024-01-16","программный комплекс кадрового мониторинга и прогнозирования кадровой потребности предприятий ОПК","Соответствует требованиям документов: РД НДВ(2)","10","ФГУП «НПП «Гамма»","ФАУ «ГНИИИ ПТЗИ ФСТЭК России»","ФГУП «ВНИИ «Центр»","123242, Москва, ул. Садовая Кудринская, д. 11, стр. 1, (499) 254-0500",""
"4062","2019-01-18","2024-01-18","комплекс программ ведения паспортов предприятий в составе программного комплекса мониторинга финансовых и технико-экономических показателей организаций ОПК","Соответствует требованиям документов: Требования доверия(2)","10","ФГУП «НПП «Гамма»","ФАУ «ГНИИИ ПТЗИ ФСТЭК России»","ФГУП «ВНИИ «Центр»","123242, Москва, ул. Садовая Кудринская, д. 11, стр. 1, (499) 254-0500",""
"4063","2019-01-16","2029-01-16","система управления базами данных Postgres Pro Enterprise","Соответствует требованиям документов: Требования доверия(4), ТУ, Требования к СУБД(4)","серия","АО «НПО «Эшелон»","ФАУ «ГНИИИ ПТЗИ ФСТЭК России»","ООО «ППГ»","117630, г. Москва, вн.тер.г. муниципальный округ Обручевский, ул. Обручева, д. 23, стр. 1, эт. 6, помещ. 33Н, ком. 6.3, (495) 150-0691","бессрочно"
"4064","2019-01-17","Бессрочно","комплекс программ сбора и обработки данных в составе программного комплекса мониторинга финансовых и технико-экономических показателей организаций ОПК","Соответствует требованиям документов: Требования доверия(2), ТУ","10","ФГУП «НПП «Гамма»","ФАУ «ГНИИИ ПТЗИ ФСТЭК России»","ЗНП АО «Отделение ПВЭ и Ф»","170041, г. Тверь, ул. Зинаиды Коноплянниковой, д. 89, корп. 1",""
"4065","2019-11-11","2024-11-11","программное обеспечение «Информационная система мониторинга и анализа оказания государственных услуг (СМА)»","Соответствует требованиям документов: ТУ","1","ООО «НТЦ «ИРБИС»","АО «Лаборатория ППШ»","ООО «ЦИБИТ»","125362, г. Москва, ул. Тушинская, д. 8, (495) 792-8080",""
"4066","2019-01-24","2029-01-24","многофункциональный комплекс сетевой защиты «Diamond VPN/FW»","Соответствует требованиям документов: Требования доверия(4), Требования к МЭ, Профиль защиты МЭ(А четвертого класса защиты. ИТ.МЭ.А4.ПЗ), Профиль защиты МЭ(Б четвертого класса защиты. ИТ.МЭ.Б4.ПЗ), Требования к СОВ, Профили защиты СОВ(cети четвертого класса защиты. ИТ.СОВ.С4.ПЗ), ЗБ","серия","АО «БИТК»","ФАУ «ГНИИИ ПТЗИ ФСТЭК России»","ООО «ТСС»","141290, г. Красноармейск, Московская область, Чкалова ул., д. 8, пом. 9,, (495) 120-1284","2049-01-24"
"4067","2019-11-11","2024-11-11","программное обеспечение «Единая городская автоматизированная система информационного обеспечения и аналитики потребительского рынка и услуг города Москвы»","Соответствует требованиям документов: ТУ","1","ООО «НТЦ «ИРБИС»","АО «Лаборатория ППШ»","ГКУ «Инфогород»","123112, г. Москва, 1-й Красногвардейский проезд, д. 21, стр. 1, (495) 957-0131",""
"4068","2019-01-22","2029-01-22","программное изделие «Kaspersky Endpoint Security для Windows»","Соответствует требованиям документов: Требования доверия(2), Требования к САВЗ, Профиль защиты САВЗ(Б второго класса защиты. ИТ.САВЗ.Б2.ПЗ), Профиль защиты САВЗ(В второго класса защиты. ИТ.САВЗ.В2.ПЗ), Профиль защиты САВЗ(Г второго класса защиты. ИТ.САВЗ.Г2.ПЗ), Требования к СКН, Профиль защиты СКН(контроля подключения съемных машинных носителей информации второго класса защиты. ИТ.СКН.П2.ПЗ), ЗБ","серия","АО «СИНКЛИТ»","ЗАО «НПП «БИТ»","АО «Лаборатория Касперского»","125212, г. Москва, Ленинградское шоссе, д. 39А, стр. 2, (495) 797-8700","2029-01-22"
"4069","2019-01-24","2024-01-24","программное обеспечение электропоезда с асинхронным тяговым приводом типа ЭГЭ серии ЭС2Г","Соответствует требованиям документов: РД НДВ(4)","100","АО «БИТК»","АО «НИИАС»","ООО «Уральские локомотивы»","None",""
"4072","2019-03-14","2024-03-14","операционная система типового дистрибутива АИС ФССП России","Соответствует требованиям документов: Требования доверия(4), Требования к ОС, Профиль защиты ОС(А четвертого класса защиты. ИТ.ОС.А4.ПЗ)","серия","ЗАО ГИЦ ПС ВТ","ФСТЭК России","ФССП России","107996, г. Москва, ул. Кузнецкий мост, д. 16/5, стр. 1, (495) 620-6482","2025-09-01"
"4073","2019-01-30","2024-01-30","программное обеспечение «Автоматизированная система управления конструкторско-технологической подготовкой производства на базе программного обеспечения Search v.14 и Techcard v.10»","Соответствует требованиям документов: РД НДВ(4), ТУ","300","АО «НПО «Эшелон»","ФАУ «ГНИИИ ПТЗИ ФСТЭК России»","ООО «КИС»","107023, г. Москва, ул. Электрозаводская, д. 24, стр. 1, (495) 285-3279",""
"4075","2019-11-11","2024-11-11","программное обеспечение «Информационно-аналитической системы мониторинга комплексного развития города Москвы» (ИАС МКР)","Соответствует требованиям документов: ТУ","1","ООО «НТЦ «ИРБИС»","АО «Лаборатория ППШ»","ГКУ «Инфогород»","123112, г. Москва, 1-й Красногвардейский проезд, д. 21, стр. 1, (495) 957-0131",""
"4076","2019-01-30","2024-01-30","программное обеспечение «Автоматизированная система управления конструкторско-технологической подготовкой производства на базе программного обеспечения Search v.15 и Techcard v.11","Соответствует требованиям документов: Требования доверия(6), ТУ","300","АО «НПО «Эшелон»","ФАУ «ГНИИИ ПТЗИ ФСТЭК России»","ООО «КИС»","107023, г. Москва, ул. Электрозаводская, д. 24, стр. 1, (495) 285-3279",""
"4077","2019-01-30","2024-01-30","программное обеспечение «Автоматизированная система информационной поддержки жизненного цикла изделий на базе программного обеспечения Intermech Professional Solutions»","Соответствует требованиям документов: Требования доверия(6), ТУ","300","АО «НПО «Эшелон»","ФАУ «ГНИИИ ПТЗИ ФСТЭК России»","ООО «КИС»","107023, г. Москва, ул. Электрозаводская, д. 24, стр. 1, (495) 285-3279",""
"4078","2019-01-31","2024-01-31","программное обеспечение Маневровой автоматической локомотивной сигнализации (МАЛС)","Соответствует требованиям документов: РД НДВ(4)","10","ООО «ИБТранс»","ЗАО «НПП «БИТ»","АО «НИИАС»","109029, г. Москва, ул. Нижегородская, д. 27, с. 1, (499) 262-87-17",""
"4079","2019-01-30","2024-01-30","программа для ЭВМ «Автоматизированный информационный комплекс планирования, размещения, координации и контроля закупочной деятельности» («АИК ПАК»)","Соответствует требованиям документов: РД НДВ(4)","10","АО «Лаборатория ППШ»","АО «БИТК»","АО «Когнитив»","121205, г. Москва, территория инновационного центра «Сколково», ул. Нобеля, д. 5, часть пом. № 5, (495) 956-9006",""
"4081","2019-01-31","2024-01-31","продукция «CostOS 6.2.100»","Соответствует требованиям документов: ТУ","15","АО «БИТК»","ООО «ЦБИ»","АО «ПМСОФТ»","119021, Москва, ул. Россолимо, д. 17, стр. 3",""
"4082","2019-01-31","2024-01-31","продукция «EcoSys EPC»","Соответствует требованиям документов: ТУ","10","АО «БИТК»","ООО «ЦБИ»","ООО «Интерграф ППэндМ»","105005, г. Москва, ул. Радио, д. 24, корп. 2, офис 202, (495) 981-6504",""
"4090","2019-02-06","Бессрочно","программное обеспечение EMIAS.ETD Автоматизированной информационной системы города Москвы «Единая медицинская информационно-аналитическая система города Москвы»","Соответствует требованиям документов: Требования доверия(5)","1","ООО «НПО ВС»","АО «Лаборатория ППШ»","АО «НИЦ»","117246, г. Москва, Научный проезд, д. 6, эт. 1, пом. 1, ком. 32, (495) 204-2086","2024-02-06"
"4091","2019-02-19","2024-02-19","программно-аппаратный комплекс средств защиты информации от несанкционированного доступа «ИНАФ»","Соответствует требованиям документов: Требования доверия(4), Требования к СДЗ, Профиль защиты СДЗ(платы расширения четвертого класса защиты. ИТ.СДЗ.ПР4.ПЗ)","серия","ЗАО «НПП «БИТ»","АО «Лаборатория ППШ»","АО «ОКБ САПР»","115114, г. Москва, 2-й Кожевнический переулок, д. 12, эт. 2, пом. I, ком. 21, (495) 994-7262","2029-02-19"
"4094","2019-02-19","2029-02-19","специальное программное обеспечение «Аккорд-KVM»","Соответствует требованиям документов: Требования доверия(4), ТУ","серия","ООО «ЦБИ»","ФАУ «ГНИИИ ПТЗИ ФСТЭК России»","АО «ОКБ САПР»","115114, г. Москва, 2-й Кожевнический переулок, д. 12, эт. 2, пом. I, ком. 21, (495) 994-7262","2029-02-19"
"4096","2019-02-19","Бессрочно","программное обеспечение EMIAS.IDM Автоматизированной информационной системы города Москвы «Единая медицинская информационно-аналитическая система города Москвы»","Соответствует требованиям документов: Требования доверия(5), ТУ","1","ООО «НПО ВС»","АО «Лаборатория ППШ»","АО «НИЦ»","117246, г. Москва, Научный проезд, д. 6, эт. 1, пом. 1, ком. 32, (495) 204-2086","2024-02-19"
"4097","2019-02-20","Бессрочно","программное обеспечение EMIAS.OpenAM Автоматизированной информационной системы города Москвы «Единая медицинская информационно-аналитическая система города Москвы»","Соответствует требованиям документов: Требования доверия(5), ТУ","1","ООО «НПО ВС»","АО «Лаборатория ППШ»","АО «НИЦ»","117246, г. Москва, Научный проезд, д. 6, эт. 1, пом. 1, ком. 32, (495) 204-2086","2024-02-20"
"4099","2019-03-05","2024-03-05","встроенные СЗИ от НСД программной платформы ЭТОС","Соответствует требованиям документов: Требования доверия(4), ТУ","серия","ООО «Газинформсервис»","АО «БИТК»","ООО «Стройформ»","117105, г. Москва, вн. тер. г. муниципальный округ Нагорный, Варшавское шоссе, д. 32, пом. 300, ком./оф. 300А/300В, 8(499) 506-89-27",""
"4101","2019-03-05","2024-03-05","программное обеспечение системы коммутации речевой связи VCS 2700","Соответствует требованиям документов: Требования доверия(6)","серия","ФГУП «НПП «Гамма»","ООО «ЦБИ»","АО «Азимут»","Нарышкинская аллея, д. 5, стр. 2, Москва, 125167, (495)926-3769","2040-12-31"
"4102","2019-03-19","2024-03-19","программный комплекс «Sharx Base»","Соответствует требованиям документов: Требования доверия(4), ТУ","серия","АО «НПО «Эшелон»","ФАУ «ГНИИИ ПТЗИ ФСТЭК России»","ООО «Шаркс ДЦ»","125047, г. Москва, вн.тер.г. муниципальный округ Тверской, 4-й Лесной пер., д. 4, (495) 227-4440","2026-12-31"
"4103","2019-03-14","Бессрочно","модуль аутентификации для веб-сервера EMIAS.WebIDM Автоматизированной информационной системы города Москвы «Единая медицинская информационно-аналитическая система города Москвы»","Соответствует требованиям документов: Требования доверия(5), ТУ","1","ООО «НПО ВС»","АО «Лаборатория ППШ»","АО «НИЦ»","117246, г. Москва, Научный проезд, д. 6, эт. 1, пом. 1, ком. 32, (495) 204-2086","2024-03-14"
"4104","2019-03-14","Бессрочно","программное обеспечение EMIAS.Kerberos Автоматизированной информационной системы города Москвы «Единая медицинская информационно-аналитическая система города Москвы»","Соответствует требованиям документов: Требования доверия(5), ТУ","1","ООО «НПО ВС»","АО «Лаборатория ППШ»","АО «НИЦ»","117246, г. Москва, Научный проезд, д. 6, эт. 1, пом. 1, ком. 32, (495) 204-2086","2024-03-14"
"4106","2019-04-19","2024-04-19","программный комплекс «SAFEERP SECURITY SUITE»","Соответствует требованиям документов: Требования доверия(5), ТУ","серия","АО «ДОКУМЕНТАЛЬНЫЕ СИСТЕМЫ»","ФАУ «ГНИИИ ПТЗИ ФСТЭК России»","ООО «Газинформсервис»","198096, г. Санкт-Петербург, ул. Кронштадтская, д. 10, лит. А, (812) 677-2050","2029-04-20"
"4107","2019-03-20","2024-03-20","программный комплекс Ankey Identity Manager","Соответствует требованиям документов: Требования доверия(4), ТУ","серия","Санкт-Петербургский НТЦ ФГУП «НПП «Гамма»","АО «Лаборатория ППШ»","ООО «Газинформсервис»","198096, г. Санкт-Петербург, ул. Кронштадтская, д. 10, лит. А, (812) 677-2050","2029-03-20"
"4109","2019-03-19","2024-03-19","программное обеспечение «Система управления доступом к информационным системам и ресурсам города Москвы»","Соответствует требованиям документов: ТУ","2","ООО «НТЦ «ИРБИС»","АО «Лаборатория ППШ»","ООО «БСС-Безопасность»","117105, г. Москва, Нагорный проезд, д. 5, эт. 1, каб. 130, (495) 785-04-94, (498) 300-30-93, 8-916-186-50-43 Зам. ген.директора по режиму и защите информации)",""
"4110","2019-03-22","2024-03-22","СЗЗ «ВСДГ»","Соответствует требованиям документов: РД СЗЗ(9)","1000000","АО «БИТК»","ФАУ «ГНИИИ ПТЗИ ФСТЭК России»","ООО «Знак»","г. Москва, Ленинградский пр-т, д. 35, (495) 748-4444",""
"4111","2019-11-22","2024-11-22","программное обеспечение «Cisco Identity Services Engine v 2.4.0.357»","Соответствует требованиям документов: ТУ","6","ООО «Газинформсервис»","ООО «ЦБИ»","ООО «Газпром нефтехим Салават»","453256, Республика Башкортостан, г. Салават, ул. Молодогвардейцев, д. 30, (3476) 39-24-23",""
"4112","2019-04-01","2029-04-01","система виброакустической защиты «Камертон-5»","Соответствует требованиям документов: Требования к СВАЗ(1)","серия","ООО «ЦБИ»","ФАУ «ГНИИИ ПТЗИ ФСТЭК России»","ЗАО «ЗЭТ»","194100, г. Санкт-Петербург, ул. Кантемировская, д. 5, (812) 777-8979",""
"4113","2019-12-04","2024-12-04","программное обеспечение «Cisco Secure Access Control Server v 5.8.1.4»","Соответствует требованиям документов: ТУ","1","ООО «Газинформсервис»","ООО «ЦБИ»","ООО «Газпром нефтехим Салават»","453256, Республика Башкортостан, г. Салават, ул. Молодогвардейцев, д. 30, (3476) 39-24-23",""
"4114","2019-04-04","Бессрочно","продукция «Системное программное обеспечение Супер-ЭВМ. Встроенные средства защиты информации от несанкционированного доступа. Версия 2»","Соответствует требованиям документов: Требования доверия(2), Требования к ОС, Профиль защиты ОС(А второго класса защиты. ИТ.ОС.А2.ПЗ)","50","ФГУП «СКЦ Росатома»","АО Центр «Атомзащитаинформ»","ФГУП «РФЯЦ – ВНИИТФ им. академ. Е.И. Забабахина»","456770, Челябинская обл., г. Снежинск, ул. Васильева, д. 13, (35146) 5-51-20",""
"4117","2019-03-29","2024-03-29","приложение «Журнал действий пользователя»","Соответствует требованиям документов: РД НДВ(2)","1","Санкт-Петербургский НТЦ ФГУП «НПП «Гамма»","ЗАО «НПП «БИТ»","ЗАО «Си Проект»","196191, г. Санкт-Петербург, площадь Конституции, д. 7, лит. А, пом. 146Н, (812) 740-2030",""
"4118","2019-04-03","2029-04-03","аппаратно-программный комплекс «InfoDiode»","Соответствует требованиям документов: Требования доверия(4), ТУ","серия","АО «Лаборатория ППШ»","ФАУ «ГНИИИ ПТЗИ ФСТЭК России»","АО «АМТ-ГРУП»","123022, г. Москва, улица 1905 года, д. 10А, стр. 1, этаж 8, пом. 11, (495) 725-7660","2029-04-03"
"4119","2019-04-17","2029-04-17","программное обеспечение «МойОфис Защищённое Облако»","Соответствует требованиям документов: Требования доверия(4), ТУ","серия","АО «НПО «Эшелон»","АО «Лаборатория ППШ»","ООО «НОВЫЕ ОБЛАЧНЫЕ ТЕХНОЛОГИИ»","420500, Республика Татарстан, г. Иннополис, ул. Университетская, д. 7, офис 302, (495) 134-0032","2030-04-17"
"4120","2019-04-16","2024-04-16","программное изделие «Система автоблокировки с тональными рельсовыми цепями микропроцессорная (АБТЦ-И). Комплект программного обеспечения»","Соответствует требованиям документов: РД НДВ(4)","20","ООО «ИБТранс»","АО «НИИАС»","АО «НПЦ «Промэлектроника»","620078, г. Екатеринбург, ул. Малышева, д. 128А, (343) 378-8516",""
"4121","2019-04-26","2024-04-26","система управления базами данных Oracle Database 11g Enterprise Edition Release 11.2.0.4.0 x64","Соответствует требованиям документов: ТУ","1","ФГУП «НПП «Гамма»","АО «БИТК»","ООО «РН-Комсомольский НПЗ»","681007, г. Комсомольск-на-Амуре, ул. Ленинградская, д. 115, (4217) 22-7025",""
"4124","2019-05-24","2024-05-24","преобразователь измерительный многофункциональный ЭНИП-2","Соответствует требованиям документов: Требования доверия(4), ЗБ","серия","ООО «ЦБИ»","ФАУ «ГНИИИ ПТЗИ ФСТЭК России»","ООО «Инженерный центр «Энергосервис»","111024, г. Москва, ул. Авиамоторная, д. 44, стр. 1, пом. 1А, ком. 1, (495) 969-2400",""
"4125","2019-05-14","2029-05-14","аппаратно-программный комплекс «VPN/FW ЗАСТАВА-150»","Соответствует требованиям документов: Требования доверия(4), Требования к МЭ, Профиль защиты МЭ(А четвертого класса защиты. ИТ.МЭ.А4.ПЗ)","серия","ООО «ЦБИ»","ФАУ «ГНИИИ ПТЗИ ФСТЭК России»","АО «ЭЛВИС-ПЛЮС»","124527, г. Москва, г. Зеленоград, Солнечная аллея, д. 6, помещение VI, офис 7, (495) 276-0211",""
"4126","2019-05-17","2024-05-17","прикладное программное обеспечение «LanDocs» версии 2.7","Соответствует требованиям документов: РД НДВ(4), ТУ","серия","ФГУП «НПП «Гамма»","АО «БИТК»","АО «ЛАНИТ»","129075, г. Москва, вн.тер.г. муниципальный округ Останкинский, Мурманский пр-д, д. 14, к. 1, (495) 967-6657","2024-05-17"
"4129","2019-06-17","2024-06-17","Терминальный абонентский пункт «Циркон 36АП-1»","Соответствует требованиям документов: Требования к ср. для Интернет, ТУ","серия","ФГУП «НПП «Гамма»","АО «БИТК»","АО «МВП «СВЕМЕЛ»","127254, г. Москва, пр-к Огородный, д. 5, стр. 5, (495) 926-71-87","бессрочно"
"4132","2019-06-19","2024-06-19","коммутатор Cisco Catalyst WS-C3560-48PS-S с установленным программным обеспечением Cisco IOS версии 12.2(55)SE12","Соответствует требованиям документов: Требования к МЭ, Профиль защиты МЭ(А шестого класса защиты. ИТ.МЭ.А6.ПЗ)","12","ООО «НТЦ «ИРБИС»","ООО «ЦБИ»","Государственная корпорация по атомной энергии «Росатом»","119017, г. Москва, ул. Большая Ордынка, д. 24",""
"4133","2019-06-19","2024-06-19","межсетевой экран Cisco ASA5550-K8 с установленным программным обеспечением Cisco ASA версии 9.1(7)32","Соответствует требованиям документов: Требования к МЭ, Профиль защиты МЭ(А шестого класса защиты. ИТ.МЭ.А6.ПЗ)","2","ООО «НТЦ «ИРБИС»","ООО «ЦБИ»","Государственная корпорация по атомной энергии «Росатом»","119017, г. Москва, ул. Большая Ордынка, д. 24",""
"4134","2019-06-20","2024-06-20","программа-шлюз для обмена данными с аппаратурой СУ BUS-CORD","Соответствует требованиям документов: РД НДВ(2)","1","АО «Информакустика»","ООО «ЦБИ»","ФГБУ «Национальный исследовательский центр «Курчатовский институт»","123182, Москва, пл. Академика Курчатова, д. 1, (499) 196-9539","2030-12-27"
"4135","2019-06-21","2024-06-21","программное обеспечение «Автоматизированная информационная система Государственной инспекции по контролю за использованием объектов недвижимости города Москвы»","Соответствует требованиям документов: ТУ","1","ООО «НТЦ «ИРБИС»","АО «Лаборатория ППШ»","ГКУ «Инфогород»","123112, г. Москва, 1-й Красногвардейский проезд, д. 21, стр. 1, (495) 957-0131",""
"4137","2019-07-11","Бессрочно","программное обеспечение «Автоматизированная информационная система «Нормативно-справочная информация и Реестры»","Соответствует требованиям документов: ТУ","1","ООО «НТЦ «ИРБИС»","АО «Лаборатория ППШ»","ООО «Сервионика»","117418, г. Москва, Ленинский проспект, д. 42, корп. 1-2-3, помещение II, комната 22, (495) 788-0788",""
"4138","2019-07-11","Бессрочно","программное обеспечение «Автоматизированная информационная система «Олимпиады»","Соответствует требованиям документов: ТУ","1","ООО «НТЦ «ИРБИС»","АО «Лаборатория ППШ»","ООО «Сервионика»","117418, г. Москва, Ленинский проспект, д. 42, корп. 1-2-3, помещение II, комната 22, (495) 788-0788",""
"4144","2019-11-28","2024-11-28","программный комплекс «КИБ Серчинформ 5.2»","Соответствует требованиям документов: Требования доверия(4), ТУ","серия","АО «ДОКУМЕНТАЛЬНЫЕ СИСТЕМЫ»","ФАУ «ГНИИИ ПТЗИ ФСТЭК России»","ООО «СерчИнформ»","121069, Москва, Скатертный переулок, д. 8/1, стр. 1, пом. I, комн. 2, (495) 721-8406
доб. 129 офисменеджер Ожегова","2028-01-01"
"4145","2019-07-17","2029-07-17","аппаратно-программный комплекс шифрования «Континент». Версия 3.9","Соответствует требованиям документов: Требования доверия(3), Требования к МЭ, Профиль защиты МЭ(А третьего класса защиты. ИТ.МЭ.А3.ПЗ), Требования к СОВ, Профили защиты СОВ(cети третьего класса защиты. ИТ.СОВ.С3.ПЗ), ЗБ","серия","АО «СИНКЛИТ»","ФАУ «ГНИИИ ПТЗИ ФСТЭК России»","ООО «Код Безопасности»","129515, г. Москва, вн.тер.г. Муниципальный округ Останкинский, ул. Академика Королева, д. 13, стр. 1, пом. 13/8, (495) 982-3020",""
"4150","2019-07-25","2024-07-25","программное обеспечение «Информационная система идентификации Единой системы ведения и управления реестрами, регистрами, справочниками и классификаторами (ИСИ АС УР)»","Соответствует требованиям документов: ТУ","1","ООО «НТЦ «ИРБИС»","АО «Лаборатория ППШ»","ООО «ЦИБИТ»","125362, г. Москва, ул. Тушинская, д. 8, (495) 792-8080",""
"4151","2019-07-31","2024-07-31","межсетевой экран Cisco ASA 5505 с установленным программным обеспечением Cisco ASA версии 9.1(7)32","Соответствует требованиям документов: Требования к МЭ, Профиль защиты МЭ(А шестого класса защиты. ИТ.МЭ.А6.ПЗ)","70","ООО «НТЦ «ИРБИС»","ФАУ «ГНИИИ ПТЗИ ФСТЭК России»","ГУП «Петербургский метрополитен»","190013, г. Санкт-Петербург, Московский пр., д. 28",""
"4153","2019-08-06","2024-08-06","подсистема защиты информации программного обеспечения «Электронная торговая площадка «Госзакупки»","Соответствует требованиям документов: РД НДВ(4), ТУ","1","АО «НПО «Эшелон»","ФАУ «ГНИИИ ПТЗИ ФСТЭК России»","АО «ЭТС»","123317 г. Москва, ул. Тестовская, д. 10, (495) 797-2081",""
"4154","2019-12-03","2029-12-03","генератор шума «Пульсар»","Соответствует требованиям документов: Требования к САЗ ПЭМИН-2014(А), Требования к САЗ ПЭМИН-2014(Б)","серия","АНО «Институт инженерной физики»","ФАУ «ГНИИИ ПТЗИ ФСТЭК России»","АО «НПО «Эшелон»","107023, г. Москва, ул. Электрозаводская, д. 24, стр. 1, (495) 223-2392","2031-12-03"
"4155","2019-08-15","2024-08-15","средство доверенной загрузки «Trusted Security Module» для программно-аппаратного комплекса «Доверенная платформа» на базе ARM-процессоров","Соответствует требованиям документов: Требования к СДЗ, Профиль защиты СДЗ(базовой системы ввода-вывода второго класса защиты. ИТ.СДЗ.УБ2.ПЗ)","серия","АО «НПО «Эшелон»","ФАУ «ГНИИИ ПТЗИ ФСТЭК России»","АО «Аладдин Р.Д.»","129226, г. Москва, ул. Докукина, д. 16, стр. 1, (495) 223-0001","2029-08-15"
"4156","2019-08-15","2024-08-15","программное обеспечение «Подсистема бюджетного планирования государственной интегрированной информационной системы управления общественными финансами «Электронный бюджет»","Соответствует требованиям документов: РД НДВ(2), ТУ","150","АО «НПО «Эшелон»","ФСТЭК России","АО «ГНИВЦ»","125373, Москва, Походный проезд, домовладение 3, строение 1, (495) 913-0224",""
"4157","2019-09-03","2024-09-03","программный комплекс Safe Mobile","Соответствует требованиям документов: Требования доверия(4), Требования к САВЗ, Профиль защиты САВЗ(В четвертого класса защиты. ИТ.САВЗ.В4.ПЗ), ТУ","серия","АО «ДОКУМЕНТАЛЬНЫЕ СИСТЕМЫ»","АО «Лаборатория ППШ»","ООО «НИИ СОКБ»","117246, г. Москва, Научный проезд, д. 17, (495) 646-7563",""
"4158","2019-08-22","2024-08-22","программное обеспечение «Автоматизированная информационная система координации работы органов исполнительной власти города Москвы по обеспечению поступления в бюджет города Москвы доходов от отдельных видов налогов» (АИС ОПН)","Соответствует требованиям документов: ТУ","1","ООО «НТЦ «ИРБИС»","АО «Лаборатория ППШ»","ГКУ «Инфогород»","123112, г. Москва, 1-й Красногвардейский проезд, д. 21, стр. 1, (495) 957-0131",""
"4159","2019-08-23","2024-08-23","программное изделие «Система мониторинга информационной безопасности NeuroDAT SIEM IM»","Соответствует требованиям документов: Требования доверия(4), ЗБ","серия","АНО «Институт инженерной физики»","ФАУ «ГНИИИ ПТЗИ ФСТЭК России»","ООО «ЦБИ»","141090, Московская область, г. Королев, микрорайон Юбилейный, ул. Ленинская, д. 11, (495) 543-3060","2030-12-31"
"4160","2019-08-23","2024-08-23","ПО «Подсистема управления расходами государственной интегрированной информационной системы управления общественными финансами «Электронный бюджет», в части компонентов и модулей, оператором которых является Минфин России»","Соответствует требованиям документов: РД НДВ(4), ТУ","5","АО «НПО «Эшелон»","ФСТЭК России","Министерство финансов Российской Федерации","109097, г. Москва, ул. Ильинка, д. 9,",""
"4162","2019-08-26","2029-08-26","встроенное средство защиты от несанкционированного доступа к информации программного комплекса «Система удаленного мониторинга и управления «Ассистент» версия 2","Соответствует требованиям документов: Требования доверия(4), ТУ","серия","ООО «НТЦ «ИРБИС»","ЗАО «НПП «БИТ»","ООО «САФИБ»","394006, г. Воронеж, ул. 20-летия Октября, д. 103, офис 430, (473) 230-9692","2029-08-26"
"4163","2019-08-28","2024-08-28","межсетевой экран Cisco ASA 5515 с установленным программным обеспечением Cisco ASA версии 9.12(4)18","Соответствует требованиям документов: Требования доверия(6), Требования к МЭ, Профиль защиты МЭ(А шестого класса защиты. ИТ.МЭ.А6.ПЗ), Профиль защиты МЭ(Б шестого класса защиты. ИТ.МЭ.Б6.ПЗ)","132","ООО «НТЦ «ИРБИС»","ООО «ЦБИ»","АО «СО ЕЭС»","109074, Москва, Китайгородский проезд, д.7, стр. 3, (495) 627-8355",""
"4164","2019-08-28","2024-08-28","межсетевой экран Cisco ASA 5585 с установленным программным обеспечением Cisco ASA версии 9.12(4)18","Соответствует требованиям документов: Требования доверия(6), Требования к МЭ, Профиль защиты МЭ(А шестого класса защиты. ИТ.МЭ.А6.ПЗ), Профиль защиты МЭ(Б шестого класса защиты. ИТ.МЭ.Б6.ПЗ)","2","ООО «НТЦ «ИРБИС»","ООО «ЦБИ»","АО «СО ЕЭС»","109074, Москва, Китайгородский проезд, д.7, стр. 3, (495) 627-8355",""
"4165","2019-08-29","2024-08-29","программное обеспечение  «Подсистема управления закупками государственной интегрированной информационной системы управления общественными финансами «Электронный бюджет»","Соответствует требованиям документов: РД НДВ(4), ТУ","150","АО «НПО «Эшелон»","ФСТЭК России","Министерство финансов Российской Федерации","109097, г. Москва, ул. Ильинка, д. 9,",""
"4166","2019-08-29","2024-08-29","программное обеспечение «Подсистема бюджетного планирования государственной интегрированной информационной системы управления общественными финансами «Электронный бюджет»","Соответствует требованиям документов: РД НДВ(4), ТУ","150","АО «НПО «Эшелон»","ФСТЭК России","Министерство финансов Российской Федерации","109097, г. Москва, ул. Ильинка, д. 9,",""
"4167","2019-09-06","2029-09-06","Защищенный персональный компьютер для реализации доступа пользователей к информационным ресурсам сети «Интернет» «АРМ-Интернет»","Соответствует требованиям документов: ТУ, Требования к ВТСС","серия","АНО «Институт инженерной физики»","АО «Лаборатория ППШ»","ООО «ЦБИ»","141090, Московская область, г. Королев, микрорайон Юбилейный, ул. Ленинская, д. 11, (495) 543-3060","2030-12-31"
"4169","2019-09-17","2024-09-17","изделие «Микропроцессорная централизация стрелок и сигналов МПЦ-2»","Соответствует требованиям документов: РД НДВ(4)","300","АО «НПО «Эшелон»","ФАУ «ГНИИИ ПТЗИ ФСТЭК России»","ООО «Микропроцессорные системы автоматики и телемеханики»","105122, г. Москва, Щелковское шоссе, д. 5, стр. 1, (495)624-2222",""
"4170","2019-10-01","2024-10-01","Прикладное программное обеспечение Объединенной информационной системы (ППО ОИС)","Соответствует требованиям документов: ТУ","1","АО «ДОКУМЕНТАЛЬНЫЕ СИСТЕМЫ»","АО «Лаборатория ППШ»","ГКУ «Инфогород»","123112, г. Москва, 1-й Красногвардейский проезд, д. 21, стр. 1, (495) 957-0131",""
"4171","2019-10-07","Бессрочно","Единая фронтальная сервисная подсистема (ЕФСП)","Соответствует требованиям документов: Требования доверия(6), ТУ","1","ООО «НТЦ «ИРБИС»","АО «Лаборатория ППШ»","ООО «ЦИБИТ»","125362, г. Москва, ул. Тушинская, д. 8, (495) 792-8080",""
"4172","2019-10-01","2024-10-01","Прикладное программное обеспечение Типовое решение портала территориального органа исполнительной власти города Москвы","Соответствует требованиям документов: ТУ","2","АО «ДОКУМЕНТАЛЬНЫЕ СИСТЕМЫ»","АО «Лаборатория ППШ»","ГКУ «Инфогород»","123112, г. Москва, 1-й Красногвардейский проезд, д. 21, стр. 1, (495) 957-0131",""
"4174","2019-10-10","2024-10-10","информационно-аналитическая система «QMStatus»","Соответствует требованиям документов: РД НДВ(4), ТУ","50","ФГУП «РФЯЦ-ВНИИЭФ»","ФАУ «ГНИИИ ПТЗИ ФСТЭК России»","Ассоциация «НТЦ РЕСПЕКТ»","197374, г. Санкт-Петербург, ул. Савушкина, д. 125, корп.6, лит. А, (812) 333-20-02",""
"4175","2019-10-11","2024-10-11","прикладное программное обеспечение Информационно-аналитическая система спортивной отрасли г. Москвы","Соответствует требованиям документов: ТУ","1","АО «ДОКУМЕНТАЛЬНЫЕ СИСТЕМЫ»","АО «Лаборатория ППШ»","ГКУ «Инфогород»","123112, г. Москва, 1-й Красногвардейский проезд, д. 21, стр. 1, (495) 957-0131",""
"4176","2019-10-11","2024-10-11","прикладное программное обеспечение Единая автоматизированная система «РИТУАЛ»","Соответствует требованиям документов: ТУ","1","АО «ДОКУМЕНТАЛЬНЫЕ СИСТЕМЫ»","АО «Лаборатория ППШ»","Департамент информационных технологий города Москвы","123112, г. Москва, Красногвардейский 1-й проезд, д. 21, стр. 1, (495) 957-0131",""
"4178","2019-10-18","2024-10-18","прикладное программное обеспечение Автоматизированная информационная система по организации отдыха и оздоровления детей г. Москвы","Соответствует требованиям документов: ТУ","1","АО «ДОКУМЕНТАЛЬНЫЕ СИСТЕМЫ»","АО «Лаборатория ППШ»","ГКУ «Инфогород»","123112, г. Москва, 1-й Красногвардейский проезд, д. 21, стр. 1, (495) 957-0131",""
"4180","2019-12-02","2024-12-02","программное обеспечение «Подсистема управления доступом к базам данных по пассажирским перевозкам»","Соответствует требованиям документов: РД НДВ(4), ТУ","1","АО «НПО «Эшелон»","ФАУ «ГНИИИ ПТЗИ ФСТЭК России»","ООО «ИНФОРИОН»","107023, г. Москва, ул. Б. Семеновская, д. 45, (495) 730-7488",""
"4182","2019-12-09","2030-08-08","программное изделие «Система мониторинга защищенности и управления инцидентами информационной безопасности промышленных систем Positive Technologies Industrial Security Incident Manager»","Соответствует требованиям документов: Требования доверия(4), Требования к САВЗ, Профиль защиты САВЗ(А четвертого класса защиты. ИТ.САВЗ.А4.ПЗ), Профиль защиты САВЗ(Б четвертого класса защиты. ИТ.САВЗ.Б4.ПЗ), Профиль защиты САВЗ(В четвертого класса защиты. ИТ.САВЗ.В4.ПЗ), Требования к СОВ, Профили защиты СОВ(cети четвертого класса защиты. ИТ.СОВ.С4.ПЗ), ЗБ, Требования к EDR(4)","серия","АО «ДОКУМЕНТАЛЬНЫЕ СИСТЕМЫ»","АО «НПО «Эшелон»","АО «Позитив Текнолоджиз»","107061, г. Москва, вн.тер.г. муниципальный округ Преображенское, Преображенская пл., д. 8, помещ. 60, (495) 744-0144","2030-08-08"
"4182/1","2019-12-09","2024-12-09","программное изделие «Система мониторинга защищенности и управления инцидентами информационной безопасности промышленных систем Positive Technologies Industrial Security Incident Manager»","Соответствует требованиям документов: Требования доверия(4), ТУ","серия","АО «ДОКУМЕНТАЛЬНЫЕ СИСТЕМЫ»","АО «НПО «Эшелон»","ООО «Прорывные технологии»","107113, г. Москва, ул. Маленковская, д. 14, к. 3, помещ. 4, этаж 1, ком. 1, офис 205, (495) 149-5817","2029-06-01"
"4183","2019-12-04","2024-12-04","защищенный программный комплекс «1С:Предприятие 8s»","Соответствует требованиям документов: Требования доверия(2), ТУ","серия","ЗАО ГИЦ ПС ВТ","ООО «ЦБИ»","ООО «НПЦ «1С»","119285, г. Москва, ул. Достоевского, д. 1/21, стр. 1, (495) 258-4408","2027-12-31"
"4184","2019-12-04","2024-12-04","программное обеспечение Системы управления расформированием составов (СУРС ГТСС) в составе Горочной микропроцессорной централизации стрелок и сигналов (ГМЦ-ГТСС) и системы автоматизации горочных процессов (ГАЦ-АРС ГТСС)","Соответствует требованиям документов: РД НДВ(4)","1","АО «Информакустика»","АО «НИИАС»","«Гипротранссигналсвязь» - филиал АО «Росжелдорпроект»","192007, г. Санкт-Петербург, ул. Боровая, д. 49, (812) 168-3444",""
"4185","2019-12-05","2024-12-05","программное обеспечение «Модуль «Защищенное исполнение Barsum Enterprise»","Соответствует требованиям документов: РД НДВ(4), ТУ","300","АО «НПО «Эшелон»","ФАУ «ГНИИИ ПТЗИ ФСТЭК России»","ООО «КИС»","107023, г. Москва, ул. Электрозаводская, д. 24, стр. 1, (495) 285-3279",""
"4187","2019-12-06","2029-12-06","фильтр сетевой помехоподавляющий ФСП-1Ф-7А","Соответствует требованиям документов: Требования к ПСЗ ПЭМИН-2015, ТУ","серия","ООО «ЦБИ»","АО «БИТК»","АО «Приборостроитель»","188800 г. Выборг, ул. Данилова, д. 15, (81378) 25-407",""
"4189","2019-12-17","2024-12-17","ПО «Микропроцессорная централизация на базе микроЭВМ и программируемых контроллеров (МПЦ-МПК)»","Соответствует требованиям документов: РД НДВ(4), ТУ","30","АО «Лаборатория ППШ»","ФАУ «ГНИИИ ПТЗИ ФСТЭК России»","ФГБОУ ВО ПГУПС","190031, г. Санкт-Петербург, Московский пр., д. 9, 812 457-8901",""
"4191","2020-01-16","2025-01-16","программный комплекс «ЗАСТАВА-Управление «VPN/FW «ЗАСТАВА, версия 6»","Соответствует требованиям документов: Требования доверия(4), ТУ","серия","ООО «ЦБИ»","ФАУ «ГНИИИ ПТЗИ ФСТЭК России»","АО «ЭЛВИС-ПЛЮС»","124527, г. Москва, г. Зеленоград, Солнечная аллея, д. 6, помещение VI, офис 7, (495) 276-0211",""
"4192","2020-01-17","2025-01-17","информационная система «ЛИС-40»","Соответствует требованиям документов: Требования ТЗИ, ТУ","серия","АО «Лаборатория ППШ»","ФАУ «ГНИИИ ПТЗИ ФСТЭК России»","ООО «Ленспецпроизводство»","199178, г. Санкт-Петербург, наб. реки Смоленки, д. 25, лит. Е, оф. 134, (812) 309-6170","2030-01-17"
"4193","2019-12-19","2024-12-19","программное обеспечение «Централизованное хранилище электронных документов, подписанных электронной цифровой подписью»","Соответствует требованиям документов: ТУ","1","ООО «НТЦ «ИРБИС»","АО «Лаборатория ППШ»","ООО «ЦИБИТ»","125362, г. Москва, ул. Тушинская, д. 8, (495) 792-8080",""
"4194","2019-12-19","2024-12-19","комплекс ПО мониторинга и управления информационной безопасностью «Security Vision: Центр интеллектуального мониторинга и управления информационной безопасностью»","Соответствует требованиям документов: Требования доверия(4), ТУ","серия","ООО «ЛИССИ-Софт»","ООО «ЦБИ»","ООО «Триметр»","115280, г. Москва, ул. Ленинская Слобода, д. 26 стр. 2, эт/пом. 4/1-4, (495) 729-3196",""
"4196","2019-12-24","2024-12-24","программное обеспечение «Cisco Mobility Services Engine v 8.0»","Соответствует требованиям документов: ТУ","1","ООО «Газинформсервис»","ООО «ЦБИ»","ООО «Газпром нефтехим Салават»","453256, Республика Башкортостан, г. Салават, ул. Молодогвардейцев, д. 30, (3476) 39-24-23",""
"4197","2019-12-24","2024-12-24","программное обеспечение «Cisco Prime Infrastructure v. 3.3 (PI)»","Соответствует требованиям документов: ТУ","1","ООО «Газинформсервис»","ООО «ЦБИ»","ООО «Газпром нефтехим Салават»","453256, Республика Башкортостан, г. Салават, ул. Молодогвардейцев, д. 30, (3476) 39-24-23",""
"4199","2019-12-26","2029-12-26","программно-аппаратный комплекс Numa Edge","Соответствует требованиям документов: Требования доверия(4), Требования к МЭ, Профиль защиты МЭ(А четвертого класса защиты. ИТ.МЭ.А4.ПЗ), Профиль защиты МЭ(Б четвертого класса защиты. ИТ.МЭ.Б4.ПЗ), ЗБ","серия","АО «Лаборатория ППШ»","ФАУ «ГНИИИ ПТЗИ ФСТЭК России»","ООО «НумаТех»","196084, г. Санкт-Петербург, ул. Цветочная, д. 18, лит. А, офис 424, (812) 309-0601","2034-12-31"
"4202","2019-12-27","2024-12-27","программное обеспечение «Информационная система формирования и обработки актов государственного контроля драгоценных металлов, драгоценных камней и сырьевых товаров (содержащих драгоценные металлы) при их ввозе на территорию Таможенного союза и вывозе за его пределы»","Соответствует требованиям документов: РД НДВ(4), ТУ","1","АО «НПО «Эшелон»","ФСТЭК России","Министерство финансов Российской Федерации","109097, г. Москва, ул. Ильинка, д. 9,",""
"4203","2019-12-30","2029-12-30","прикладное программное обеспечение «Аврора Центр»","Соответствует требованиям документов: Требования доверия(4), ТУ","серия","ПФ АО «НТЦ «Атлас»","ООО «ЦБИ»","ООО «Открытая мобильная платформа»","420500, Республика Татарстан, Верхнеуслонский район, г. Иннополис, ул. Университетская, д. 7, офис 59, (495) 269-0979",""
"4204","2020-01-16","2025-01-16","программный комплекс «Периметр»","Соответствует требованиям документов: Требования доверия(4), Требования к СЗИ от DDoS(4), ТУ","серия","АО «НПО «Эшелон»","ФАУ «ГНИИИ ПТЗИ ФСТЭК России»","ООО «Гарда Технологии»","603057, г. Нижний Новгород, пр. Гагарина, д. 50, корп. 9, (831) 422-1221","2027-12-31"
"4205","2020-01-28","2025-01-28","операционная система общего назначения «Стрелец»","Соответствует требованиям документов: Требования доверия(2), Требования к ОС, Профиль защиты ОС(А второго класса защиты. ИТ.ОС.А2.ПЗ)","серия","ООО «ЦБИ»","ФАУ «ГНИИИ ПТЗИ ФСТЭК России»","АО «Концерн ВНИИНС»","117638, Москва, ул. Сивашская, д.4, корп. 2, (499) 619-68-42",""
"4206","2020-01-23","2025-01-23","программный комплекс «InfoWatch Person Monitor»","Соответствует требованиям документов: РД НДВ(4), ТУ","100","АО «НПО «Эшелон»","ФАУ «ГНИИИ ПТЗИ ФСТЭК России»","АО «ИнфоВотч»","121357, г. Москва, ул. Верейская, д. 29, строение 134, 7 этаж, (495) 229-00-22",""
"4207","2020-01-24","2025-01-24","программное обеспечение «Программа расчета показателей защищенности конфиденциальной информации объектов вычислительной техники от утечки по техническим каналам «Гроза-К»","Соответствует требованиям документов: Временная методика КИ ОТСС-ВТСС, ТУ","серия","ООО «ЦБИ»","АО «БИТК»","ООО «Профиль Защиты»","141090, Московская обл., г. Королев, мкрн. Юбилейный, ул. Пионерская, д. 1/4, пом. 19, (495) 511-0788","2030-12-31"
"4208","2020-01-28","2025-01-28","программный комплекс Шлюз безопасности «Check Point Security Gateway версии R77.30»","Соответствует требованиям документов: Требования доверия(4), Требования к МЭ, Профиль защиты МЭ(Б четвертого класса защиты. ИТ.МЭ.Б4.ПЗ), Требования к СОВ, Профили защиты СОВ(cети четвертого класса защиты. ИТ.СОВ.С4.ПЗ)","серия","ООО «ЦБИ»","ФАУ «ГНИИИ ПТЗИ ФСТЭК России»","АО «АЛТЭКС-СОФТ»","141067, Московская обл., г. Королев, мкр-н Болшево, ул. Маяковского, д. 10А, пом. VII, (495) 543-3101","2026-12-31"
"4209","2020-01-28","2025-01-28","программно-аппаратный комплекс Шлюз безопасности «Check Point Security Gateway версии R77.30»","Соответствует требованиям документов: Требования доверия(4), Требования к МЭ, Профиль защиты МЭ(А четвертого класса защиты. ИТ.МЭ.А4.ПЗ), Профиль защиты МЭ(Д четвертого класса защиты. ИТ.МЭ.Д4.ПЗ), Требования к СОВ, Профили защиты СОВ(cети четвертого класса защиты. ИТ.СОВ.С4.ПЗ)","серия","ООО «ЦБИ»","ФАУ «ГНИИИ ПТЗИ ФСТЭК России»","АО «АЛТЭКС-СОФТ»","141067, Московская обл., г. Королев, мкр-н Болшево, ул. Маяковского, д. 10А, пом. VII, (495) 543-3101","2026-12-31"
"4210","2020-02-05","Бессрочно","специализированное программное обеспечение «Платформа Радар»","Соответствует требованиям документов: Требования доверия(4), ТУ","300","АО «НПО «Эшелон»","ФАУ «ГНИИИ ПТЗИ ФСТЭК России»","ООО «Пангео Радар»","123610, г. Москва, Краснопресненская набережная, д. 12, подъезд 9, этаж 27, офис 2701, (495) 252-0304",""
"4211","2020-01-30","2025-01-30","программное обеспечение «МойОфис Служебный»","Соответствует требованиям документов: Требования доверия(2), ТУ","серия","АО «НПО «Эшелон»","ФАУ «ГНИИИ ПТЗИ ФСТЭК России»","ЗАО «БЕЗАНТ»","125171, г. Москва, 5-й Войковский пр-д, д. 2, (499) 150-6107",""
"4215","2020-01-31","2025-01-31","подсистема управления идентификационными данными РСАА (сервис)","Соответствует требованиям документов: Требования доверия(6), ТУ","серия","ООО «ЦБИ»","ФАУ «ГНИИИ ПТЗИ ФСТЭК России»","ООО «Пармалогика»","614068, г. Пермь, ул. Ленина, д. 77а, этаж 1, (495) 134-4095",""
"4217","2020-02-04","Бессрочно","защищенная операционная система «Арамид» для супер-ЭВМ","Соответствует требованиям документов: Требования доверия(2), Требования к ОС, Профиль защиты ОС(А второго класса защиты. ИТ.ОС.А2.ПЗ), Требования к средствам виртуализации(2)","50","АО «НПО «Эшелон»","ФАУ «ГНИИИ ПТЗИ ФСТЭК России»","ФГУП «РФЯЦ-ВНИИЭФ»","607188, Нижегородская обл., г. Саров, пр-т Мира, д. 37, (831) 302-9644, (831) 302-9624",""
"4218","2020-02-05","2025-02-05","программный комплекс в составе ПКУ СР24, ПКУС СР24 и ПО HMIPanel","Соответствует требованиям документов: ЗБ","300","АО «НПО «Эшелон»","ФАУ «ГНИИИ ПТЗИ ФСТЭК России»","ООО «Юнител Инжиниринг»","111024, г. Москва, 2-ая Кабельная ул., д. 2, (495) 651-9998",""
"4220","2020-02-10","2030-02-10","операционная система Аврора","Соответствует требованиям документов: Требования доверия(4), Требования к ОС, Профиль защиты ОС(А четвертого класса защиты. ИТ.ОС.А4.ПЗ)","серия","ПФ АО «НТЦ «Атлас»","ООО «ЦБИ»","ООО «Открытая мобильная платформа»","420500, Республика Татарстан, Верхнеуслонский район, г. Иннополис, ул. Университетская, д. 7, офис 59, (495) 269-0979","2030-12-31"
"4223","2020-02-11","2025-02-11","изделие «Средство защиты информации от несанкционированного доступа Системы мониторинга предоставления государственным гражданским служащим единовременной субсидии на приобретение жилого помещения»","Соответствует требованиям документов: РД НДВ(4)","серия","ООО «НТЦ «ИРБИС»","ФАУ «ГНИИИ ПТЗИ ФСТЭК России»","ООО «АДАПТ»","109382, г. Москва, ул. Судакова, д. 10, комната 22",""
"4225","2020-02-13","2030-02-13","программно-аппаратный комплекс Dionis DPS","Соответствует требованиям документов: Требования доверия(4), Требования к МЭ, Профиль защиты МЭ(А четвертого класса защиты. ИТ.МЭ.А4.ПЗ), Профиль защиты МЭ(Д четвертого класса защиты. ИТ.МЭ.Д4.ПЗ), Требования к СОВ, Профили защиты СОВ(cети четвертого класса защиты. ИТ.СОВ.С4.ПЗ)","серия","АНО «Институт инженерной физики»","ООО «ЦБИ»","ООО «Фактор-ТС»","123290, г. Москва, 1-й Магистральный проезд, д. 11, стр. 1, эт. 5, пом. I, комн. 4, (495) 644-3130",""
"4227","2020-02-21","2025-02-21","программное обеспечение «АСУ-Инвест». Встроенные средства защиты информации от несанкционированного доступа","Соответствует требованиям документов: Требования доверия(6), ТУ","серия","АО «НПО «Эшелон»","АО «Лаборатория ППШ»","ООО «Проектная ПРАКТИКА»","119285, г. Москва, ул. Пырьева, д. 11А, эт. 1, пом. 4, ком. 29, оф. 7, (495) 258-0668","2027-12-31"
"4228","2020-03-04","2025-03-04","модуль доверенной загрузки Numa Arce","Соответствует требованиям документов: Требования доверия(4), Требования к СДЗ, Профиль защиты СДЗ(базовой системы ввода-вывода четвертого класса защиты. ИТ.СДЗ.УБ4.ПЗ), ЗБ","серия","АО «Лаборатория ППШ»","ФАУ «ГНИИИ ПТЗИ ФСТЭК России»","ООО «НумаТех»","196084, г. Санкт-Петербург, ул. Цветочная, д. 18, лит. А, офис 424, (812) 309-0601","2035-12-31"
"4231","2020-03-16","2025-03-16","прикладное программное обеспечение «Автоматизированная система управления печатью и мониторинга (версия 5)» (АСУПиМ)","Соответствует требованиям документов: Требования доверия(4), ТУ","серия","АО «Лаборатория ППШ»","АО «НПО «Эшелон»","ООО «Фирма «АРТИ»","129085, г. Москва, пр. Мира, д. 101В, стр. 2, (495) 118-2836","2035-03-16"
"4232","2020-03-30","2025-03-30","система коммуникаций «Express»","Соответствует требованиям документов: Требования доверия(4), ТУ","серия","АО «ДОКУМЕНТАЛЬНЫЕ СИСТЕМЫ»","ФАУ «ГНИИИ ПТЗИ ФСТЭК России»","АО «Ай-Теко»","119119, г. Москва, Ленинский просп., д. 42, кор. 6, пом. IV, ком. 9, (499) 777-1095","2030-03-30"
"4233","2020-04-15","2030-04-15","Автоматизированное рабочее место «Нейва-1»","Соответствует требованиям документов: Требования ТЗИ, ТУ","серия","АО «БИТК»","ООО «ЦБИ»","ФГУП «ПО «Октябрь»","623420, Свердловская обл., г. Каменск-Уральский, ул. Рябова, д. 8, (3439) 322-279",""
"4234","2020-04-15","2025-04-15","программный комплекс «Staffcop Enterprise»","Соответствует требованиям документов: Требования доверия(4), Требования к СКН, Профиль защиты СКН(контроля подключения съемных машинных носителей информации четвертого класса защиты. ИТ.СКН.П4.ПЗ), ЗБ","серия","ООО «ЦБИ»","ФАУ «ГНИИИ ПТЗИ ФСТЭК России»","АО «АЛТЭКС-СОФТ»","141067, Московская обл., г. Королев, мкр-н Болшево, ул. Маяковского, д. 10А, пом. VII, (495) 543-3101","2030-04-15"
"4235","2020-04-16","2025-04-16","доверенный программно-аппаратный модуль переключения клавиатуры, видео и мыши (KVM)","Соответствует требованиям документов: РД НДВ(4), ТУ","серия","ООО «ЦБИ»","ФАУ «ГНИИИ ПТЗИ ФСТЭК России»","ООО «ПК Аквариус»","108811, г. Москва,вн.тер.г. муниципальный округ Солнцево, Киевское ш., 22-й км, двлд 6, стр. 1, (495) 729-51-50, доб. 6717",""
"4236","2020-04-17","2025-04-17","комплекс программ информационно-методического обеспечения автоматизации процессов управления мобилизационной подготовкой сферы деятельности Минпромторга России (КП АСМП-М) РУСБ.10284-01","Соответствует требованиям документов: РД НДВ(2)","серия","ФГУП «НПП «Гамма»","ФАУ «ГНИИИ ПТЗИ ФСТЭК России»","АО «Концерн «Автоматика»","127106, г. Москва, ул. Ботаническая, д. 25, (495) 219-32-93, 219-30-41",""
"4238","2020-04-20","2025-04-20","программное изделие «ПО «Фрагмент»","Соответствует требованиям документов: РД НДВ(2)","100","ООО «ЦБИ»","ФАУ «ГНИИИ ПТЗИ ФСТЭК России»","ООО «ЭЛАР»","115054, г. Москва, переулок Строченовский Б., д. 7, пом. III, ком. 39, офис 1, 4, (495) 274-31-31",""
"4239","2020-04-21","2030-04-21","изделие «Салют 3000 Б»","Соответствует требованиям документов: Требования к САЗ ПЭМИН-2014(А), Требования к САЗ ПЭМИН-2014(Б)","серия","АНО «Институт инженерной физики»","ФАУ «ГНИИИ ПТЗИ ФСТЭК России»","АО «НТФ КРИПТОН НИИАА»","121614, г. Москва,вн.тер.г. муниципальный округ Крылатское, ул. Осенняя, д. 16, кв. 255, (495) 617-05-24",""
"4240","2020-04-22","2025-04-22","программное изделие «ЭЛАР Контекст»","Соответствует требованиям документов: РД НДВ(4), ТУ","100","ООО «ЦБИ»","ФАУ «ГНИИИ ПТЗИ ФСТЭК России»","ООО «ЭЛАР»","115054, г. Москва, переулок Строченовский Б., д. 7, пом. III, ком. 39, офис 1, 4, (495) 274-31-31","2030-04-22"
"4241","2020-04-23","2025-04-23","программное обеспечение сервера защищенной видеоконференцсвязи IVA AVES S","Соответствует требованиям документов: Требования доверия(2), ТУ","серия","АО «НПО «Эшелон»","АО «Лаборатория ППШ»","АО «НИИ «Масштаб»","194100, г. Санкт-Петербург, ул. Кантемировская, д. 5, лит. А, (812) 309-0321","2032-12-31"
"4242","2020-04-23","2025-04-23","программное обеспечение видеотерминала защищенной видеоконференцсвязи IVA LARGO","Соответствует требованиям документов: Требования доверия(2), ТУ","серия","АО «НПО «Эшелон»","АО «Лаборатория ППШ»","АО «НИИ «Масштаб»","194100, г. Санкт-Петербург, ул. Кантемировская, д. 5, лит. А, (812) 309-0321","2032-12-31"
"4246","2020-04-24","2025-04-23","программный комплекс «Скала-Р Управление»","Соответствует требованиям документов: Требования доверия(4), ТУ","серия","ООО «ЦБИ»","ФАУ «ГНИИИ ПТЗИ ФСТЭК России»","ООО «Рубитех»","129085, г. Москва, ул. Годовикова, д. 9, стр. 17, этаж 8, помещ. 5, (495) 788-9999",""
"4247","2020-05-14","2030-05-14","экран защитный «Пелена-256»","Соответствует требованиям документов: ТУ, Требования к СВАЗ-2023(В2)","серия","ООО «ЦБИ»","АО «БИТК»","ООО «НПП «СПО»","109382, г. Москва, ул. Люблинская, д. 141, оф. 409, (495) 922-9329",""
"4249","2020-05-19","2025-05-19","программный комплекс «ЗАСТАВА-Клиент «VPN/FW «ЗАСТАВА, версия 6»","Соответствует требованиям документов: Требования доверия(4), Требования к МЭ, Профиль защиты МЭ(В четвертого класса защиты. ИТ.МЭ.В4.ПЗ), ЗБ","серия","ООО «ЦБИ»","ФАУ «ГНИИИ ПТЗИ ФСТЭК России»","АО «ЭЛВИС-ПЛЮС»","124527, г. Москва, г. Зеленоград, Солнечная аллея, д. 6, помещение VI, офис 7, (495) 276-0211",""
"4250","2020-05-20","2025-05-20","средство доверенной загрузки «SafeNode System Loader»","Соответствует требованиям документов: Требования доверия(2), Требования к СДЗ, Профиль защиты СДЗ(базовой системы ввода-вывода второго класса защиты. ИТ.СДЗ.УБ2.ПЗ)","серия","Санкт-Петербургский НТЦ ФГУП «НПП «Гамма»","ЗАО «НПП «БИТ»","ООО «Газинформсервис»","198096, г. Санкт-Петербург, ул. Кронштадтская, д. 10, лит. А, (812) 677-2050","2030-06-30"
"4251","2020-05-20","2025-05-20","программное обеспечение IBM Case Manager V5 с компонентом IBM FileNet Content Manager V5","Соответствует требованиям документов: ТУ","300","АО «НПО «Эшелон»","ФАУ «ГНИИИ ПТЗИ ФСТЭК России»","ООО «КИС»","107023, г. Москва, ул. Электрозаводская, д. 24, стр. 1, (495) 285-3279",""
"4252","2020-05-20","2025-05-20","программный комплекс «Стахановец»","Соответствует требованиям документов: РД НДВ(4), ТУ","100","АО «НПО «Эшелон»","ФАУ «ГНИИИ ПТЗИ ФСТЭК России»","АО «ИнфоВотч»","121357, г. Москва, ул. Верейская, д. 29, строение 134, 7 этаж, (495) 229-00-22",""
"4253","2020-05-21","2030-05-21","программное изделие «Kaspersky Endpoint Security для ОС Аврора»","Соответствует требованиям документов: Требования доверия(4), Требования к САВЗ, Профиль защиты САВЗ(В четвертого класса защиты. ИТ.САВЗ.В4.ПЗ)","серия","АНО «Институт инженерной физики»","ФСТЭК России","АО «Лаборатория Касперского»","125212, г. Москва, Ленинградское шоссе, д. 39А, стр. 2, (495) 797-8700","2030-05-21"
"4254","2020-05-22","2025-05-22","программное обеспечение «Avanpost PKI»","Соответствует требованиям документов: Требования доверия(4)","серия","АО «НПО «Эшелон»","ООО «ЦБИ»","ООО «Аванпост»","109129, г. Москва, ул. 8-я Текстильщиков, д. 11, стр. 2, (495) 641-8080","2026-12-31"
"4256","2020-05-27","2030-05-27","комплекс оценки эффективности защиты речевой информации от утечки по акустическому, вибрационному и акустоэлектрическому каналам «Колибри»","Соответствует требованиям документов: ТУ, Методика АЭП-2018, Методика АВАК-2022","серия","ФАУ «ГНИИИ ПТЗИ ФСТЭК России»","АО «БИТК»","ООО «НТЦ «ИРБИС»","394055, Воронежская область, г. Воронеж, ул. Моисеева, дом 37, помещение 1/9, (473) 229-9981

(473) 210-6640",""
"4259","2020-06-15","2030-06-15","средство криптографической защиты информации «Континент TLS-сервер». Версия 2","Соответствует требованиям документов: Требования доверия(4), Требования к МЭ, Профиль защиты МЭ(Г четвертого класса защиты. ИТ.МЭ.Г4.ПЗ), ЗБ","серия","АО «НПО «Эшелон»","ФАУ «ГНИИИ ПТЗИ ФСТЭК России»","ООО «Код Безопасности»","129515, г. Москва, вн.тер.г. Муниципальный округ Останкинский, ул. Академика Королева, д. 13, стр. 1, пом. 13/8, (495) 982-3020","2030-12-31"
"4260","2020-06-23","2025-06-23","доверенная базовая система ввода-вывода Numa BIOS","Соответствует требованиям документов: Требования доверия(4), ТУ","серия","АО «СИНКЛИТ»","ФАУ «ГНИИИ ПТЗИ ФСТЭК России»","ООО «НумаТех»","196084, г. Санкт-Петербург, ул. Цветочная, д. 18, лит. А, офис 424, (812) 309-0601","2035-12-31"
"4264","2020-06-19","Бессрочно","прикладное программное обеспечение Государственного автономного учреждения культуры города Москвы «Московское агентство организации отдыха и туризма»","Соответствует требованиям документов: Требования доверия(6), ТУ","1","АО «ДОКУМЕНТАЛЬНЫЕ СИСТЕМЫ»","АО «НПО «Эшелон»","ГАУК «МОСГОРТУР»","121099, г. Москва, Смоленский 2-й переулок, дом 1/4, (495) 241-3376",""
"4265","2020-06-29","2025-06-29","прикладное программное обеспечение «Информационная система «Реестр единых объектов недвижимости»","Соответствует требованиям документов: Требования доверия(6), ТУ","1","АО «ДОКУМЕНТАЛЬНЫЕ СИСТЕМЫ»","ФСТЭК России","Департамент информационных технологий города Москвы","123112, г. Москва, Красногвардейский 1-й проезд, д. 21, стр. 1, (495) 957-0131",""
"4267","2020-10-14","2025-10-14","средство защиты от несанкционированного доступа «Блокхост-Сеть 3»","Соответствует требованиям документов: Требования доверия(4), РД СВТ(3), ТУ","серия","Санкт-Петербургский НТЦ ФГУП «НПП «Гамма»","ООО «ЦБИ»","ООО «Газинформсервис»","198096, г. Санкт-Петербург, ул. Кронштадтская, д. 10, лит. А, (812) 677-2050",""
"4268","2020-06-26","2025-06-26","программный комплекс «Континент-СОВ». Версия 4","Соответствует требованиям документов: Требования доверия(3), Требования к СОВ, Профили защиты СОВ(cети третьего класса защиты. ИТ.СОВ.С3.ПЗ)","серия","АО «СИНКЛИТ»","ЗАО «НПП «БИТ»","ООО «Код Безопасности»","129515, г. Москва, вн.тер.г. Муниципальный округ Останкинский, ул. Академика Королева, д. 13, стр. 1, пом. 13/8, (495) 982-3020","2029-12-31"
"4269","2020-11-06","2025-11-06","программно-аппаратный комплекс «ФПСУ-IP 3.Х»","Соответствует требованиям документов: Требования доверия(4), Требования к МЭ, Профиль защиты МЭ(А четвертого класса защиты. ИТ.МЭ.А4.ПЗ), Профиль защиты МЭ(Б четвертого класса защиты. ИТ.МЭ.Б4.ПЗ)","серия","АО «НПО «Эшелон»","АО «Лаборатория ППШ»","ООО «АМИКОН»","117587, г. Москва, Варшавское шоссе, д. 125, стр. 1, (495) 797-6412","2027-06-24"
"4270","2020-06-29","2025-06-29","прикладное программное обеспечение «Автоматизированная информационная система «Реестр собственности города Москвы»","Соответствует требованиям документов: Требования доверия(6), ТУ","1","АО «ДОКУМЕНТАЛЬНЫЕ СИСТЕМЫ»","ФСТЭК России","Департамент информационных технологий города Москвы","123112, г. Москва, Красногвардейский 1-й проезд, д. 21, стр. 1, (495) 957-0131",""
"4271","2020-07-02","2025-07-02","модуль СЦОД ИСОД МВД России","Соответствует требованиям документов: Требования доверия(4), ТУ","20","АО «НПО «Эшелон»","ФСТЭК России","МВД России","119049, г. Москва, ул. Житная, д. 16, (495) 667-5206",""
"4272","2020-08-07","2025-08-07","програмное обеспечение «SAP Marketing Cloud»","Соответствует требованиям документов: Требования доверия(6), ТУ","2","ООО «Газинформсервис»","ООО «ЦБИ»","ООО «САП СНГ»","115054, г. Москва, Космодамианская наб., д. 52, стр. 2, (495) 755-9800",""
"4273","2020-08-07","2025-08-07","программное обеспечение SAP S/4HANA Cloud","Соответствует требованиям документов: Требования доверия(6), ТУ","2","ООО «Газинформсервис»","ООО «ЦБИ»","ООО «САП СНГ»","115054, г. Москва, Космодамианская наб., д. 52, стр. 2, (495) 755-9800",""
"4276","2020-07-15","2025-07-15","программное обеспечение «Модуль формирования и ведения Государственной долговой книги Российской Федерации подсистемы управления государственным долгом и финансовыми активами государственной интегрированной информационной системы управления общественными финансами «Электронный бюджет»","Соответствует требованиям документов: ТУ","5","АО «НПО «Эшелон»","ФСТЭК России","Министерство финансов Российской Федерации","109097, г. Москва, ул. Ильинка, д. 9,",""
"4277","2020-08-10","2025-08-10","программное обеспечение «Модуль формирования заявок на регистрацию субъектов системы «Электронный бюджет» подсистемы введения нормативной справочной информации государственной интегрированной информационной системы управления общественными финансами «Электронный бюджет»","Соответствует требованиям документов: ТУ","5","АО «НПО «Эшелон»","ФСТЭК России","Министерство финансов Российской Федерации","109097, г. Москва, ул. Ильинка, д. 9,",""
"4278","2020-07-15","2025-07-15","программное обеспечение «Модуль формирования бюджетных росписей главных распорядителей (распорядителей) средств федерального бюджета и лимитов бюджетных обязательства в части сведений, составляющих государственную тайну, и (или) сведений, доступ к которым ограничен федеральными законами подсистемы бюджетного планирования системы «Электронный бюджет»","Соответствует требованиям документов: ТУ","500","АО «НПО «Эшелон»","ФСТЭК России","Министерство финансов Российской Федерации","109097, г. Москва, ул. Ильинка, д. 9,",""
"4279","2020-07-21","2025-07-21","программное обеспечение «Компонент формирования и представления сведений, необходимых для составления и ведения кассового плана подсистемы управления денежными средствами государственной интегрированной информационной системы управления общественными финансами «Электронный бюджет»","Соответствует требованиям документов: ТУ","150","АО «НПО «Эшелон»","ФСТЭК России","Министерство финансов Российской Федерации","109097, г. Москва, ул. Ильинка, д. 9,",""
"4280","2020-07-15","2025-07-15","продукция «Модуль учета начислений платежей подсистемы управления доходами государственной интегрированной информационной системы управления общественными финансами «Электронный бюджет»","Соответствует требованиям документов: ТУ","500","АО «НПО «Эшелон»","ФСТЭК России","Министерство финансов Российской Федерации","109097, г. Москва, ул. Ильинка, д. 9,",""
"4281","2020-07-16","2025-07-16","программное обеспечение «Модуль формирования и ведения реестров источников доходов бюджетов бюджетной системы Российской Федерации подсистемы управления доходами государственной интегрированной информационной системы управления общественными финансами «Электронный бюджет»","Соответствует требованиям документов: ТУ","5","АО «НПО «Эшелон»","ФСТЭК России","Министерство финансов Российской Федерации","109097, г. Москва, ул. Ильинка, д. 9,",""
"4282","2020-07-16","2030-08-27","фильтр электрический помехоподавляющий сетевой марки ФЭПС-10","Соответствует требованиям документов: Требования к ПСЗ ПЭМИН-2015","серия","ООО «ЦБИ»","АО «БИТК»","ООО ""НПП ""Специальное и Профессиональное Оборудование""","109382, г. Москва, ул. Люблинская, д. 141, оф. 409",""
"4283","2020-08-03","2025-08-03","расчетная часть специального программного обеспечения «Сапфир»","Соответствует требованиям документов: НМД по ТЗИ ВОСП-2005","серия","АО «БИТК»","АО «НПО «Эшелон»","ЗАО НПЦ Фирма «НЕЛК»","109377, г. Москва, ул. 1-я Новокузьминская, дом 8/2, (495) 921-3374",""
"4284","2020-08-05","2030-08-05","специальное программное обеспечение «Легенда-18Р»","Соответствует требованиям документов: ТУ","серия","АО «БИТК»","ФАУ «ГНИИИ ПТЗИ ФСТЭК России»","ФГУП «НПП «Гамма»","117393, г. Москва, ул. Профсоюзная, д. 78, стр. 4, (495) 514-0274, (495) 663-1684",""
"4286","2020-08-13","2025-08-13","модуль доверенной загрузки «Аккорд-МКТ»","Соответствует требованиям документов: Требования доверия(2), Требования к СДЗ, Профиль защиты СДЗ(базовой системы ввода-вывода второго класса защиты. ИТ.СДЗ.УБ2.ПЗ)","серия","ООО «НИЦ-СПЕЦТЕСТ»","ООО «ЦБИ»","АО «ОКБ САПР»","115114, г. Москва, 2-й Кожевнический переулок, д. 12, эт. 2, пом. I, ком. 21, (495) 994-7262","2030-08-13"
"4287","2020-08-18","2025-08-18","программное обеспечение «Система электронного документооборота Министерства финансов Российской Федерации»","Соответствует требованиям документов: ТУ","1","АО «НПО «Эшелон»","ФСТЭК России","Министерство финансов Российской Федерации","109097, г. Москва, ул. Ильинка, д. 9,",""
"4288","2020-08-19","Бессрочно","прикладное программное обеспечение «Автоматизированная информационная система «Официальный портал Мэра и Правительства Москвы»","Соответствует требованиям документов: Требования доверия(6), ТУ","1","АО «ДОКУМЕНТАЛЬНЫЕ СИСТЕМЫ»","ФСТЭК России","ГКУ «Инфогород»","123112, г. Москва, 1-й Красногвардейский проезд, д. 21, стр. 1, (495) 957-0131",""
"4289","2020-09-01","2025-09-01","программное изделие «Kaspersky Sandbox»","Соответствует требованиям документов: Требования доверия(4), ТУ","серия","АО «СИНКЛИТ»","ФАУ «ГНИИИ ПТЗИ ФСТЭК России»","АО «Лаборатория Касперского»","125212, г. Москва, Ленинградское шоссе, д. 39А, стр. 2, (495) 797-8700","2029-12-31"
"4292","2020-09-02","2030-09-02","ПЭВМ «Блок-ПК»","Соответствует требованиям документов: Требования ТЗИ, ТУ","серия","АО «БИТК»","АО «Лаборатория ППШ»","ФГУП «НПП «Гамма»","117393, г. Москва, ул. Профсоюзная, д. 78, стр. 4, (495) 514-0274, (495) 663-1684","2030-09-02"
"4293","2020-09-03","2025-09-03","анализатор исходных текстов С и С++ программ (АИСТ-С)","Соответствует требованиям документов: Требования доверия(5)","серия","АО «БИТК»","АО «Лаборатория ППШ»","АО «ЦБИ-сервис»","141090, Московская область, г.о. Королев, г. Королев, мкр. Юбилейный, ул. Пионерская, д. 1/4, помещение XVII, (495) 510-4498","2030-12-31"
"4294","2020-09-07","2025-09-07","программный компонент «Подсистема учета и отчетности государственной интегрированной информационной системы управления общественными финансами «Электронный бюджет», оператором которой является Министерство финансов Российской Федерации","Соответствует требованиям документов: Требования доверия(6), ТУ","30","АО «НПО «Эшелон»","ФСТЭК России","Министерство финансов Российской Федерации","109097, г. Москва, ул. Ильинка, д. 9,",""
"4295","2020-09-09","2025-09-09","программный компонент «Подсистема управления национальными проектами государственной интегрированной информационной системы управления общественными финансами «Электронный бюджет»","Соответствует требованиям документов: Требования доверия(6), ТУ","30","АО «НПО «Эшелон»","ФСТЭК России","Министерство финансов Российской Федерации","109097, г. Москва, ул. Ильинка, д. 9,",""
"4297","2020-09-23","2025-09-23","программное обеспечение «ПС ОДГД ИАИС ЕГИП»","Соответствует требованиям документов: Требования доверия(6), ТУ","1","АО «ИНСЕК-СЗ»","ФСТЭК России","ГКУ «Инфогород»","123112, г. Москва, 1-й Красногвардейский проезд, д. 21, стр. 1, (495) 957-0131",""
"4299","2020-09-23","2025-09-23","программно-аппаратный комплекс средств защиты информации от несанкционированного доступа «Аккорд-АМДЗ»","Соответствует требованиям документов: Требования доверия(2), Требования к СДЗ, Профиль защиты СДЗ(платы расширения второго класса защиты. ИТ.СДЗ.ПР2.ПЗ)","серия","ЗАО «НПП «БИТ»","ФАУ «ГНИИИ ПТЗИ ФСТЭК России»","АО «ОКБ САПР»","115114, г. Москва, 2-й Кожевнический переулок, д. 12, эт. 2, пом. I, ком. 21, (495) 994-7262","2030-09-23"
"4300","2020-09-25","Бессрочно","программное обеспечение «Приложение «СБР-РРО-ГЗ-РБА-ОБАС»","Соответствует требованиям документов: Требования доверия(6), ТУ","1","АО «ИНСЕК-СЗ»","ФСТЭК России","ГКУ «Инфогород»","123112, г. Москва, 1-й Красногвардейский проезд, д. 21, стр. 1, (495) 957-0131",""
"4301","2020-09-24","Бессрочно","прикладное программное обеспечение «Автоматизированная информационная система «Портал поставщиков»","Соответствует требованиям документов: Требования доверия(6), ТУ","1","АО «ДОКУМЕНТАЛЬНЫЕ СИСТЕМЫ»","ФСТЭК России","ГКУ «Инфогород»","123112, г. Москва, 1-й Красногвардейский проезд, д. 21, стр. 1, (495) 957-0131",""
"4302","2020-09-25","2025-09-25","программное обеспечение «Приложение «МЦУП»","Соответствует требованиям документов: Требования доверия(6), ТУ","1","АО «ИНСЕК-СЗ»","ФСТЭК России","ГКУ «Инфогород»","123112, г. Москва, 1-й Красногвардейский проезд, д. 21, стр. 1, (495) 957-0131",""
"4303","2020-09-25","2025-09-25","программное обеспечение «Веб-интерфейс управления метаданными ИС УДРВС»","Соответствует требованиям документов: Требования доверия(6), ТУ","1","АО «ИНСЕК-СЗ»","ФСТЭК России","ГКУ «Инфогород»","123112, г. Москва, 1-й Красногвардейский проезд, д. 21, стр. 1, (495) 957-0131",""
"4304","2020-09-25","Бессрочно","программное обеспечение «Приложение АРМ ДФ»","Соответствует требованиям документов: Требования доверия(6), ТУ","1","АО «ИНСЕК-СЗ»","ФСТЭК России","ГКУ «Инфогород»","123112, г. Москва, 1-й Красногвардейский проезд, д. 21, стр. 1, (495) 957-0131",""
"4305","2020-10-02","Бессрочно","программное обеспечение «Приложение «Доходы»","Соответствует требованиям документов: Требования доверия(6), ТУ","1","АО «ИНСЕК-СЗ»","ФСТЭК России","ГКУ «Инфогород»","123112, г. Москва, 1-й Красногвардейский проезд, д. 21, стр. 1, (495) 957-0131",""
"4306","2020-10-02","2025-10-02","программное обеспечение «Веб-интерфейс администрирования Модуля аналитики и визуализации Подсистемы интерактивного многомерного анализа распределенных данных ИС УДРВС»","Соответствует требованиям документов: Требования доверия(6), ТУ","1","АО «ИНСЕК-СЗ»","ФСТЭК России","ГКУ «Инфогород»","123112, г. Москва, 1-й Красногвардейский проезд, д. 21, стр. 1, (495) 957-0131",""
"4307","2020-10-07","2025-10-07","программное обеспечение «Приложение «Аналитика»","Соответствует требованиям документов: Требования доверия(6), ТУ","1","АО «ИНСЕК-СЗ»","ФСТЭК России","ГКУ «Инфогород»","123112, г. Москва, 1-й Красногвардейский проезд, д. 21, стр. 1, (495) 957-0131",""
"4309","2020-10-16","2025-10-16","программное обеспечение «Приложение «Расходы»","Соответствует требованиям документов: Требования доверия(6), ТУ","1","АО «ИНСЕК-СЗ»","ФСТЭК России","ГКУ «Инфогород»","123112, г. Москва, 1-й Красногвардейский проезд, д. 21, стр. 1, (495) 957-0131",""
"4310","2020-10-13","2025-10-13","коммутатор Cisco WS-C3850R-48U-S с установленным программным обеспечением Cisco IOS XE версии 16.9.5","Соответствует требованиям документов: Требования доверия(6), Требования к МЭ, Профиль защиты МЭ(Б шестого класса защиты. ИТ.МЭ.Б6.ПЗ)","25","ООО «НТЦ «ИРБИС»","ФАУ «ГНИИИ ПТЗИ ФСТЭК России»","АО «Техснабэкспорт»","115184, Москва, Озерковская наб., д. 28, стр. 3, (495) 545-0045",""
"4311","2020-10-16","2025-10-16","программное обеспечение «Приложение «РЭБ»","Соответствует требованиям документов: Требования доверия(6), ТУ","1","АО «ИНСЕК-СЗ»","ФСТЭК России","ГКУ «Инфогород»","123112, г. Москва, 1-й Красногвардейский проезд, д. 21, стр. 1, (495) 957-0131",""
"4312","2020-10-16","2025-10-16","программное обеспечение «Подсистема «ПИВ»","Соответствует требованиям документов: Требования доверия(6), ТУ","1","АО «ИНСЕК-СЗ»","ФСТЭК России","ГКУ «Инфогород»","123112, г. Москва, 1-й Красногвардейский проезд, д. 21, стр. 1, (495) 957-0131",""
"4313","2020-10-16","2025-10-16","коммутатор Cisco VS-C6509E-SUP2T с установленным программным обеспечением Cisco IOS версии 15.5.1-SY5","Соответствует требованиям документов: Требования доверия(6), Требования к МЭ, Профиль защиты МЭ(Б шестого класса защиты. ИТ.МЭ.Б6.ПЗ)","2","ООО «НТЦ «ИРБИС»","ФАУ «ГНИИИ ПТЗИ ФСТЭК России»","АО «Техснабэкспорт»","115184, Москва, Озерковская наб., д. 28, стр. 3, (495) 545-0045",""
"4314","2020-10-19","2025-10-19","программное обеспечение «Информационная система виртуализации данных и контроля их качества (ПО «ИС ККД»)»","Соответствует требованиям документов: Требования доверия(6), ТУ","1","ООО «ИИАТ»","ООО «ЦБИ»","ГКУ «Инфогород»","123112, г. Москва, 1-й Красногвардейский проезд, д. 21, стр. 1, (495) 957-0131",""
"4315","2020-10-21","2025-10-21","программный комплекс «Платформа расширенной аналитики безопасности Ankey ASAP»","Соответствует требованиям документов: Требования доверия(4), ТУ","серия","АО «СИНКЛИТ»","АО «БИТК»","ООО «Газинформсервис»","198096, г. Санкт-Петербург, ул. Кронштадтская, д. 10, лит. А, (812) 677-2050","2030-10-21"
"4316","2020-10-22","Бессрочно","прикладное программное обеспечение информационной системы управления потоками Заявителей, обращающихся за получением государственных услуг","Соответствует требованиям документов: Требования доверия(6), ТУ","1","АО «ДОКУМЕНТАЛЬНЫЕ СИСТЕМЫ»","ФСТЭК России","ГКУ «Инфогород»","123112, г. Москва, 1-й Красногвардейский проезд, д. 21, стр. 1, (495) 957-0131",""
"4317","2020-10-27","Бессрочно","программное обеспечение «Информационная система мониторинга и анализа интернет активности пользователей (ИС СТАТС)»","Соответствует требованиям документов: Требования доверия(6), ТУ","1","АО «ИНСЕК-СЗ»","ФСТЭК России","Департамент информационных технологий города Москвы","123112, г. Москва, Красногвардейский 1-й проезд, д. 21, стр. 1, (495) 957-0131",""
"4318","2020-11-02","2025-11-02","программное обеспечение «Компонент формирования информации для закрытого реестра банковских гарантий модуля формирования и ведения реестров, предусмотренных Федеральным законом от 5 апреля 2013 года № 44-ФЗ «О контрактной системе в сфере закупок товаров, работ, услуг для обеспечения государственных и муниципальных нужд» подсистемы управления закупками системы «Электронный бюджет»","Соответствует требованиям документов: ТУ","200","АО «НПО «Эшелон»","ФСТЭК России","Министерство финансов Российской Федерации","109097, г. Москва, ул. Ильинка, д. 9,",""
"4320","2020-11-09","Бессрочно","прикладное программное обеспечения «Автоматизированная информационная система Департамента культурного наследия города Москвы»","Соответствует требованиям документов: Требования доверия(6), ТУ","1","АО «ДОКУМЕНТАЛЬНЫЕ СИСТЕМЫ»","ФСТЭК России","ГКУ «Инфогород»","123112, г. Москва, 1-й Красногвардейский проезд, д. 21, стр. 1, (495) 957-0131",""
"4321","2020-11-06","2025-11-06","программный комплекс «Специализированная информационно-технологическая платформа (СИТП)» версии 4.8","Соответствует требованиям документов: Требования доверия(4), ТУ","2","АО «ДОКУМЕНТАЛЬНЫЕ СИСТЕМЫ»","ФСТЭК России","Федеральная служба по финансовому мониторингу","107450, г. Москва, ул. Мясницкая, дом 39, строение 1, (495) 627-3333","2028-12-31"
"4324","2020-11-18","2030-11-18","генератор шума «Покров»","Соответствует требованиям документов: Требования к САЗ ПЭМИН-2014(А), Требования к САЗ ПЭМИН-2014(Б), ТУ","серия","ООО «ЦБИ»","АО «БИТК»","ООО «РЭС»","620027, г. Екатеринбург, ул. Мамина-Сибиряка, д. 36, (343) 374-24-64","2035-12-31"
"4327","2020-11-19","2030-11-19","защищённая система управления базами данных «Jatoba»","Соответствует требованиям документов: Требования доверия(4), Требования к СУБД(4)","серия","АО «СИНКЛИТ»","АО «БИТК»","ООО «Газинформсервис»","198096, г. Санкт-Петербург, ул. Кронштадтская, д. 10, лит. А, (812) 677-2050",""
"4329","2020-11-24","2030-11-24","cистема обнаружения компьютерных атак (вторжений) VIPNet IDS 3","Соответствует требованиям документов: Требования доверия(4), Требования к СОВ, Профили защиты СОВ(cети четвертого класса защиты. ИТ.СОВ.С4.ПЗ), ЗБ","серия","АНО «Институт инженерной физики»","ФАУ «ГНИИИ ПТЗИ ФСТЭК России»","АО «ИнфоТеКС»","125167, г. Москва, вн.тер.г. муниципальный округ Хорошевский, ул. Викторенко, д. 9, стр. 1, помещ. 47, (495) 737-6192","2030-11-24"
"4330","2020-12-03","2025-12-03","система «Цирконий-С2000»","Соответствует требованиям документов: Требования доверия(2), РД АСФЗ(1)","серия","ПФ АО «НТЦ «Атлас»","ФАУ «ГНИИИ ПТЗИ ФСТЭК России»","АО «ФНПЦ «ПО «Старт» им. М.В.Проценко»","442960, Пензенская обл., г. Заречный, пр-т Мира, д. 1, (841-2) 23-2853","2028-12-31"
"4331","2020-12-03","Бессрочно","прикладное программное обеспечения «Информационная система персональных коммуникаций» (ППО ИС ПК)","Соответствует требованиям документов: Требования доверия(6), ТУ","1","АО «ДОКУМЕНТАЛЬНЫЕ СИСТЕМЫ»","ФСТЭК России","ГКУ «Инфогород»","123112, г. Москва, 1-й Красногвардейский проезд, д. 21, стр. 1, (495) 957-0131",""
"4332","2020-12-04","2025-12-04","прикладное программное обеспечение «Система автоматизации формирования адресной инвестиционной программы города Москвы и Программы реновации жилищного фонда в городе Москве «Строительные инвестиции»","Соответствует требованиям документов: Требования доверия(6), ТУ","1","АО «ДОКУМЕНТАЛЬНЫЕ СИСТЕМЫ»","ФСТЭК России","ГКУ «Инфогород»","123112, г. Москва, 1-й Красногвардейский проезд, д. 21, стр. 1, (495) 957-0131",""
"4333","2020-12-07","Бессрочно","прикладное программное обеспечение Компонента сбора и репликации данных","Соответствует требованиям документов: Требования доверия(6), ТУ","1","АО «ДОКУМЕНТАЛЬНЫЕ СИСТЕМЫ»","АО «НПО «Эшелон»","ГКУ «Инфогород»","123112, г. Москва, 1-й Красногвардейский проезд, д. 21, стр. 1, (495) 957-0131",""
"4334","2020-12-08","2025-12-08","прикладное программное обеспечение Автоматизированная информационная система «Реестр рекламных мест»","Соответствует требованиям документов: Требования доверия(6), ТУ","1","АО «ДОКУМЕНТАЛЬНЫЕ СИСТЕМЫ»","ФСТЭК России","ГКУ «Инфогород»","123112, г. Москва, 1-й Красногвардейский проезд, д. 21, стр. 1, (495) 957-0131",""
"4335","2020-12-09","2030-12-09","Генератор шума «Гамма-ГШ18»","Соответствует требованиям документов: Требования к САЗ ПЭМИН-2014(А), Требования к САЗ ПЭМИН-2014(Б)","серия","АО «БИТК»","ООО «ЦБИ»","ФГУП «НПП «Гамма»","117393, г. Москва, ул. Профсоюзная, д. 78, стр. 4, (495) 514-0274, (495) 663-1684","2030-12-09"
"4336","2020-12-10","2025-12-10","межсетевой экран Cisco ASA5585-K8 с установленным программным обеспечением Cisco ASA версии 9.12(4)7","Соответствует требованиям документов: Требования доверия(6), Требования к МЭ, Профиль защиты МЭ(А шестого класса защиты. ИТ.МЭ.А6.ПЗ), Профиль защиты МЭ(Б шестого класса защиты. ИТ.МЭ.Б6.ПЗ)","4","ООО «НТЦ «ИРБИС»","ФСТЭК России","ГКУ «Инфогород»","123112, г. Москва, 1-й Красногвардейский проезд, д. 21, стр. 1, (495) 957-0131",""
"4337","2020-12-11","2025-12-11","программный комплекс «Кибер Бэкап»","Соответствует требованиям документов: Требования доверия(4), ТУ","серия","АО «ДОКУМЕНТАЛЬНЫЕ СИСТЕМЫ»","ФАУ «ГНИИИ ПТЗИ ФСТЭК России»","ООО «СИС груп»","117246, Москва, вн.тер.г. муниципальный округ Черемушки, проезд Научный, д. 17, этаж 8, пом/комн XXIX/36, (495) 229-5607","2026-12-31"
"4338","2020-12-15","2025-12-15","программный продукт «VISIOLOGY PLATFORM»","Соответствует требованиям документов: Требования доверия(6), ТУ","серия","АО «ДОКУМЕНТАЛЬНЫЕ СИСТЕМЫ»","ФАУ «ГНИИИ ПТЗИ ФСТЭК России»","ООО «СИС груп»","117246, Москва, вн.тер.г. муниципальный округ Черемушки, проезд Научный, д. 17, этаж 8, пом/комн XXIX/36, (495) 229-5607","2026-12-31"
"4339","2020-12-16","2025-12-16","прикладное программное обеспечение Автоматизированной информационной системы «Лицензирование розничной продажи алкогольной продукции в городе Москве»","Соответствует требованиям документов: Требования доверия(6), ТУ","1","АО «ДОКУМЕНТАЛЬНЫЕ СИСТЕМЫ»","ФСТЭК России","ГКУ «Инфогород»","123112, г. Москва, 1-й Красногвардейский проезд, д. 21, стр. 1, (495) 957-0131",""
"4340","2020-12-16","2025-12-16","программный комплекс «InfoWatch Traffic Monitor версия 7»","Соответствует требованиям документов: Требования доверия(4), Требования к СКН, Профиль защиты СКН(контроля подключения съемных машинных носителей информации четвертого класса защиты. ИТ.СКН.П4.ПЗ), ЗБ, РД СВТ(5)","серия","ООО «НТЦ «ИРБИС»","ФАУ «ГНИИИ ПТЗИ ФСТЭК России»","ООО «Лаборатория ИнфоВотч»","121357, г. Москва, Верейская ул, д. 29, стр. 134","2026-12-31"
"4341","2020-12-17","Бессрочно","прикладное программное обеспечение «Информационно-аналитическая система Департамента науки, промышленной политики и предпринимательства города Москвы» (ИАС ДНПиП)","Соответствует требованиям документов: Требования доверия(6), ТУ","1","АО «ДОКУМЕНТАЛЬНЫЕ СИСТЕМЫ»","ФСТЭК России","ГКУ «Инфогород»","123112, г. Москва, 1-й Красногвардейский проезд, д. 21, стр. 1, (495) 957-0131",""
"4342","2020-12-18","Бессрочно","прикладное программное обеспечение «Приложение «Аналитическая система контрольной деятельности» Главного контрольного управления города Москвы»","Соответствует требованиям документов: Требования доверия(6), ТУ","1","АО «ДОКУМЕНТАЛЬНЫЕ СИСТЕМЫ»","ФСТЭК России","ГКУ «Инфогород»","123112, г. Москва, 1-й Красногвардейский проезд, д. 21, стр. 1, (495) 957-0131",""
"4343","2020-12-18","2025-12-18","прикладное программное обеспечение «Приложение «Аналитическая система контрольной деятельности, контрольно-надзорной деятельности» Главного контрольного управления города Москвы»","Соответствует требованиям документов: Требования доверия(6), ТУ","1","АО «ДОКУМЕНТАЛЬНЫЕ СИСТЕМЫ»","ФСТЭК России","ГКУ «Инфогород»","123112, г. Москва, 1-й Красногвардейский проезд, д. 21, стр. 1, (495) 957-0131",""
"4344","2020-12-18","2025-12-18","прикладное программное обеспечение «Инструменты аудита Platform V Audit»","Соответствует требованиям документов: Требования доверия(4), ТУ","серия","АО «ДОКУМЕНТАЛЬНЫЕ СИСТЕМЫ»","ФАУ «ГНИИИ ПТЗИ ФСТЭК России»","акционерное общество «Сбербанк-Технологии»","117105, г. Москва, Новоданиловская набережная, д. 10, (495) 669-0808",""
"4345","2020-12-18","2025-12-18","прикладное программное обеспечение «Инструменты аутентификации и авторизации Platform V IAM»","Соответствует требованиям документов: Требования доверия(4), ТУ","серия","АО «ДОКУМЕНТАЛЬНЫЕ СИСТЕМЫ»","ФАУ «ГНИИИ ПТЗИ ФСТЭК России»","акционерное общество «Сбербанк-Технологии»","117105, г. Москва, Новоданиловская набережная, д. 10, (495) 669-0808",""
"4346","2020-12-22","2025-12-22","программный комплекс «Центр контроля информационной безопасности Р-Вижн»","Соответствует требованиям документов: Требования доверия(4), ТУ","50","АО «НПО «Эшелон»","ФАУ «ГНИИИ ПТЗИ ФСТЭК России»","ООО «Р-Вижн»","109544, Москва, бульвар Энтузиастов, д. 2, этаж 23, комната 50, (499) 322 80-40",""
"4348","2020-12-24","2030-12-24","программное обеспечение «Базис.Virtual Security»","Соответствует требованиям документов: Требования доверия(4), Требования к средствам контейнеризации(4), Требования к средствам виртуализации(4)","серия","АО «НПО «Эшелон»","ФАУ «ГНИИИ ПТЗИ ФСТЭК России»","ООО «БАЗИС»","109316, г. Москва, вн. тер. г. Муниципальный округ Текстильщики, проезд Остаповский, дом 22, стр. 16, этаж 2, ком. 52",""
"4351","2021-02-12","2031-02-12","персональная электронно-вычислительная машина «Корвет»","Соответствует требованиям документов: Требования ТЗИ, ТУ","серия","АО «БИТК»","ФАУ «ГНИИИ ПТЗИ ФСТЭК России»","ООО «ДСЦБИ «МАСКОМ»","680038, г. Хабаровск, ул. Яшина, д. 40, пом. 60, (4212) 45-4633",""
"4352","2020-12-28","Бессрочно","прикладное программное обеспечение «Автоматизированная информационная система «Управление инвестиционной деятельностью. Внутренний портал»","Соответствует требованиям документов: Требования доверия(6), ТУ","1","АО «ДОКУМЕНТАЛЬНЫЕ СИСТЕМЫ»","ФСТЭК России","ГКУ «Инфогород»","123112, г. Москва, 1-й Красногвардейский проезд, д. 21, стр. 1, (495) 957-0131",""
"4353","2020-12-28","2025-12-28","прикладное программное обеспечение «Автоматизированная информационная система «Управление инвестиционной деятельностью. Внешний портал»","Соответствует требованиям документов: Требования доверия(6), ТУ","1","АО «ДОКУМЕНТАЛЬНЫЕ СИСТЕМЫ»","ФСТЭК России","ГКУ «Инфогород»","123112, г. Москва, 1-й Красногвардейский проезд, д. 21, стр. 1, (495) 957-0131",""
"4354","2020-12-28","2025-12-28","прикладное программное обеспечение «Комплекс программ ArcGis»","Соответствует требованиям документов: ТУ","1","АО «Информакустика»","ООО «ЦБИ»","ПАО «Сбербанк»","117997, г. Москва, ул. Вавилова, д. 19, (495) 957-5731",""
"4355","2021-02-10","2026-02-10","средство обеспечения безопасной дистанционной работы Aladdin LiveOffice","Соответствует требованиям документов: Требования доверия(4), ТУ","серия","АО «НПО «Эшелон»","ФАУ «ГНИИИ ПТЗИ ФСТЭК России»","АО «Аладдин Р.Д.»","129226, г. Москва, ул. Докукина, д. 16, стр. 1, (495) 223-0001","2029-02-10"
"4357","2020-12-29","2025-12-29","межсетевой экран ИВК КОЛЬЧУГА-К","Соответствует требованиям документов: Требования доверия(4), Требования к МЭ, Профиль защиты МЭ(А четвертого класса защиты. ИТ.МЭ.А4.ПЗ), Требования к СОВ, Профили защиты СОВ(cети четвертого класса защиты. ИТ.СОВ.С4.ПЗ)","серия","АО «СИНКЛИТ»","ФАУ «ГНИИИ ПТЗИ ФСТЭК России»","АО «ИВК»","129110, г. Москва, ул. Гиляровского, д. 57, стр. 1, комн. 73, (495) 221-6580","2029-01-01"
"4358","2020-12-29","2025-12-29","прикладное программное обеспечение информационной системы управления судебными делами Casepro","Соответствует требованиям документов: Требования доверия(6), ТУ","серия","АО «ДОКУМЕНТАЛЬНЫЕ СИСТЕМЫ»","ФАУ «ГНИИИ ПТЗИ ФСТЭК России»","НАО «Право.ру»","119034, г. Москва, переулок Пожарский, д. 11, (495) 637-2237",""
"4359","2021-01-18","2026-01-18","программный комплекс «Система мониторинга и управления событиями безопасности «Ankey SIEM»","Соответствует требованиям документов: Требования доверия(6), ТУ","серия","ООО «ЦБИ»","АО «БИТК»","ООО «Газинформсервис»","198096, г. Санкт-Петербург, ул. Кронштадтская, д. 10, лит. А, (812) 677-2050",""
"4360","2021-01-18","2026-01-18","программный комплекс «Система мониторинга и управления событиями безопасности Ankey SIEM Next Generation»","Соответствует требованиям документов: Требования доверия(5), ТУ","серия","ООО «ЦБИ»","АО «БИТК»","ООО «Газинформсервис»","198096, г. Санкт-Петербург, ул. Кронштадтская, д. 10, лит. А, (812) 677-2050","2029-01-18"
"4361","2021-01-14","2026-01-14","программный комплекс управления конфигурациями и анализа защищенности «Efros Config Inspector» v.4","Соответствует требованиям документов: Требования доверия(4), ТУ","серия","АО «ДОКУМЕНТАЛЬНЫЕ СИСТЕМЫ»","АО «НПО «Эшелон»","ООО «Газинформсервис»","198096, г. Санкт-Петербург, ул. Кронштадтская, д. 10, лит. А, (812) 677-2050",""
"4363","2021-01-18","Бессрочно","прикладное программное обеспечение Информационная система «Ветеринарная автоматизированная система»","Соответствует требованиям документов: Требования доверия(6), ТУ","1","АО «ДОКУМЕНТАЛЬНЫЕ СИСТЕМЫ»","ФСТЭК России","ГКУ «Инфогород»","123112, г. Москва, 1-й Красногвардейский проезд, д. 21, стр. 1, (495) 957-0131",""
"4364","2021-01-19","2026-01-19","программный комплекс централизованного управления контролем доступа к сетевым устройствам «Efros ACS»","Соответствует требованиям документов: Требования доверия(5), ТУ","серия","АО «ДОКУМЕНТАЛЬНЫЕ СИСТЕМЫ»","АО «НПО «Эшелон»","ООО «Газинформсервис»","198096, г. Санкт-Петербург, ул. Кронштадтская, д. 10, лит. А, (812) 677-2050",""
"4365","2021-01-21","2031-01-21","специальное программное обеспечение «Навигатор-2019» (расчетная часть)","Соответствует требованиям документов: Методики ПЭМИН-2017, ТУ","серия","ООО «ЦБИ»","ФАУ «ГНИИИ ПТЗИ ФСТЭК России»","ЗАО НПЦ Фирма «НЕЛК»","109377, г. Москва, ул. 1-я Новокузьминская, дом 8/2, (495) 921-3374",""
"4368","2021-01-25","2026-01-25","программное обеспечение «Базис.WorkPlace»","Соответствует требованиям документов: Требования доверия(4), ТУ","серия","ООО «ЦБИ»","ФАУ «ГНИИИ ПТЗИ ФСТЭК России»","ООО ""БАЗИС""","119021, г. Москва, Зубовский бульв., д. 21-23, строен. 1, пом. I, комн. 8",""
"4371","2021-02-07","2026-02-07","программное обеспечение Единая автоматизированная информационная система технического осмотра транспортных средств, «ЕАИСТО», Версия 2.0","Соответствует требованиям документов: Требования доверия(4), ТУ","3","АО «НПО «Эшелон»","ФСТЭК России","ЦСН БДД МВД России","121170, г. Москва, ул. Поклонная, д. 17",""
"4374","2021-03-11","2026-03-11","средство защиты информации от несанкционированного доступа «Блокхост-Сеть 4»","Соответствует требованиям документов: Требования доверия(4), Требования к СКН, Профиль защиты СКН(контроля подключения съемных машинных носителей информации четвертого класса защиты. ИТ.СКН.П4.ПЗ), РД СВТ(5), ТУ","серия","Санкт-Петербургский НТЦ ФГУП «НПП «Гамма»","АО «Лаборатория ППШ»","ООО «Газинформсервис»","198096, г. Санкт-Петербург, ул. Кронштадтская, д. 10, лит. А, (812) 677-2050","2031-06-30"
"4375","2021-02-19","2026-02-19","программный комплекс «Система мониторинга информационной безопасности NeuroDAT SIEM»","Соответствует требованиям документов: Требования доверия(4), ЗБ","серия","АНО «Институт инженерной физики»","ФАУ «ГНИИИ ПТЗИ ФСТЭК России»","ООО «ЦБИ»","141090, Московская область, г. Королев, микрорайон Юбилейный, ул. Ленинская, д. 11, (495) 543-3060","2030-12-31"
"4376","2021-03-05","2031-03-05","программный модуль расчёта «Талис-НЧ-Дельта»","Соответствует требованиям документов: ТУ, Методика АЭП-2018","серия","ООО «ЦБИ»","АО «БИТК»","ООО «ЦБИ «МАСКОМ»","129090, г. Москва, вн.рер.г. муниципальный округ Красносельский, пер. Живарев, д. 8, стр. 3, помещ. 1/5, (495) 136-4010","2036-03-05"
"4377","2021-03-10","2026-03-10","программное обеспечение «Подсистема «Технологический портал МПГУ»","Соответствует требованиям документов: Требования доверия(6), ТУ","1","АО «ДОКУМЕНТАЛЬНЫЕ СИСТЕМЫ»","ФСТЭК России","ГКУ «Инфогород»","123112, г. Москва, 1-й Красногвардейский проезд, д. 21, стр. 1, (495) 957-0131",""
"4379","2021-03-22","2026-03-22","программно-аппаратный комплекс ViPNet Coordinator IG 4","Соответствует требованиям документов: Требования доверия(4), Требования к МЭ, Профиль защиты МЭ(А четвертого класса защиты. ИТ.МЭ.А4.ПЗ), Профиль защиты МЭ(Б четвертого класса защиты. ИТ.МЭ.Б4.ПЗ), Профиль защиты МЭ(Д четвертого класса защиты. ИТ.МЭ.Д4.ПЗ)","серия","ООО «ЦБИ»","ФАУ «ГНИИИ ПТЗИ ФСТЭК России»","АО «ИнфоТеКС»","125167, г. Москва, вн.тер.г. муниципальный округ Хорошевский, ул. Викторенко, д. 9, стр. 1, помещ. 47, (495) 737-6192","2027-04-03"
"4380/1","2021-04-08","2026-04-08","программное изделие «Система многопоточной проверки файловых ресурсов Positive Technologies MultiScanner»","Соответствует требованиям документов: Требования доверия(4), Требования к САВЗ, Профиль защиты САВЗ(А четвертого класса защиты. ИТ.САВЗ.А4.ПЗ)","серия","ФГУП «РФЯЦ-ВНИИЭФ»","АО «Лаборатория ППШ»","ООО «Прорывные технологии»","107113, г. Москва, ул. Маленковская, д. 14, к. 3, помещ. 4, этаж 1, ком. 1, офис 205, (495) 149-5817",""
"4381","2021-03-31","2026-03-31","операционная система общего назначения «Основа»","Соответствует требованиям документов: Требования доверия(4), Требования к ОС, Профиль защиты ОС(А четвертого класса защиты. ИТ.ОС.А4.ПЗ), Требования к средствам контейнеризации(4), Требования к средствам виртуализации(4)","серия","ООО «ЦБИ»","ФАУ «ГНИИИ ПТЗИ ФСТЭК России»","АО «НППКТ»","127474, г. Москва, шоссе Дмитровское, д. 60А, помещение XXV, ком. 5, (499)280-0970","2040-03-31"
"4382","2021-04-01","2026-04-01","прикладное программное обеспечение «Центр автоматизированной фиксации административных правонарушений в сфере коммунального хозяйства и обслуживания объектов городского хозяйства Правительства Москвы»","Соответствует требованиям документов: Требования доверия(6), ТУ","2","АО «ДОКУМЕНТАЛЬНЫЕ СИСТЕМЫ»","ФСТЭК России","ГКУ «Инфогород»","123112, г. Москва, 1-й Красногвардейский проезд, д. 21, стр. 1, (495) 957-0131",""
"4383","2021-04-08","2026-04-08","программное обеспечение «REMSMED» (ПО REMSMED). Версия 1.13.5»","Соответствует требованиям документов: Требования доверия(5), ТУ","1","АО «ДОКУМЕНТАЛЬНЫЕ СИСТЕМЫ»","ФАУ «ГНИИИ ПТЗИ ФСТЭК России»","ООО «Ай-ФОРС»","129626, г. Москва, Графский переулок, 14к2, 8 (495) 747-70-40",""
"4384","2021-04-21","2026-04-21","прикладное программное обеспечение системы публикации данных и приема сообщений пользователей","Соответствует требованиям документов: Требования доверия(6), ТУ","1","АО «ДОКУМЕНТАЛЬНЫЕ СИСТЕМЫ»","ФСТЭК России","Департамент информационных технологий города Москвы","123112, г. Москва, Красногвардейский 1-й проезд, д. 21, стр. 1, (495) 957-0131",""
"4385","2021-03-31","Действие сертификата соответствия приостановлено 8 мая 2026 г.","информационная система интеллектуального поиска и анализа данных «ОРАКУЛ»","Соответствует требованиям документов: Требования доверия(6), ТУ","серия","ООО НТЦ «Фобос-НТ»","ФАУ «ГНИИИ ПТЗИ ФСТЭК России»","ООО «ДМС»","115114, г. Москва, Дербеневская наб., д. 11, оф. 1204, корп. 2, сектор В, 12 эт., (495) 665-5567",""
"4386","2021-04-14","2026-04-14","Межсетевые экраны ESR-15R, ESR-30, ESR-31, ESR-100, ESR-200, ESR-1000, ESR-1500, ESR-1511, ESR-3200, ESR-3200L, ESR-3250, ESR-3300, ESR-3350 версия программного обеспечения 1.5","Соответствует требованиям документов: Требования доверия(4), Требования к МЭ, Профиль защиты МЭ(А четвертого класса защиты. ИТ.МЭ.А4.ПЗ)","серия","ООО «ЦБИ»","АО «Лаборатория ППШ»","ООО «Предприятие «ЭЛТЕКС»","630020, г. Новосибирск, ул. Окружная, д. 29В, (383) 274-4800","бессрочно"
"4387","2021-04-14","2026-04-14","прикладное программное обеспечение городской информационной системы «Единое хранилище данных города Москвы»","Соответствует требованиям документов: Требования доверия(6), ТУ","1","АО «ДОКУМЕНТАЛЬНЫЕ СИСТЕМЫ»","ФСТЭК России","Департамент информационных технологий города Москвы","123112, г. Москва, Красногвардейский 1-й проезд, д. 21, стр. 1, (495) 957-0131",""
"4389","2021-04-15","2031-04-15","программное обеспечение «Система сетевой безопасности Mirada»","Соответствует требованиям документов: Требования доверия(4), Требования к МЭ, Профиль защиты МЭ(А четвертого класса защиты. ИТ.МЭ.А4.ПЗ), Профиль защиты МЭ(Б четвертого класса защиты. ИТ.МЭ.Б4.ПЗ), Профиль защиты МЭ(Д четвертого класса защиты. ИТ.МЭ.Д4.ПЗ), Требования к СОВ, Профили защиты СОВ(cети четвертого класса защиты. ИТ.СОВ.С4.ПЗ)","серия","АО «ИНСЕК-СЗ»","ФАУ «ГНИИИ ПТЗИ ФСТЭК России»","ООО «КДМ»","105066, Россия, г. Москва, Бауманская ул., д. 6, стр. 2, (499) 408-1910
(495) 414-15-16","2030-04-15"
"4391","2021-04-21","Бессрочно","прикладное программное обеспечение «Программный комплекс национальный каталог маркированных товаров»","Соответствует требованиям документов: Требования доверия(4), ТУ","10","АО «ДОКУМЕНТАЛЬНЫЕ СИСТЕМЫ»","ФАУ «ГНИИИ ПТЗИ ФСТЭК России»","ООО «Оператор-ЦРПТ»","123022, г. Москва, ул. Рочдельская, д. 15, стр. 16А, Бизнес-парк «Трехгорная Мануфактура», (499) 350-8559",""
"4392","2021-04-26","2026-04-26","средство вычислительной техники в защищенном исполнении «Барьер»","Соответствует требованиям документов: Требования ТЗИ, ТУ","серия","АО «Лаборатория ППШ»","ООО «ЦБИ»","ООО АКБ «Барьер»","394018, г. Воронеж, ул. Никитинская, д. 42, оф. 509, (473) 202-24-64","2036-04-26"
"4393","2021-04-26","2026-04-26","операционная система «AlterOS»","Соответствует требованиям документов: Требования доверия(4), Требования к ОС, Профиль защиты ОС(А четвертого класса защиты. ИТ.ОС.А4.ПЗ)","серия","АО «ДОКУМЕНТАЛЬНЫЕ СИСТЕМЫ»","АО «НПО «Эшелон»","ООО «АЛМИ Партнер»","603081, Нижегородская, г. Нижний Новогород, ул. Нартова, д. 6, помещ. П1А, (495) 150-07-80",""
"4394","2021-04-27","2026-04-27","программный комплекс обнаружения вторжений «Ребус-СОВ»","Соответствует требованиям документов: Требования доверия(2), Требования к СОВ, Профили защиты СОВ(cети второго класса защиты. ИТ.СОВ.С2.ПЗ), Профили защиты СОВ(узла второго класса защиты. ИТ.СОВ.У2.ПЗ)","серия","АО «НПО «Эшелон»","АО «Лаборатория ППШ»","АО НИИ ЦПС","170024, Тверская обл., г. Тверь, пр-к Николая Корыткова, д. 3А, (482) 244-3244","2030-12-30"
"4395","2021-04-28","2026-04-28","программный комплекс автоматизации процессов подготовки отчётности при решении задач мобилизационной подготовки по воинскому учету и бронированию граждан, пребывающих в запасе Вооруженных Сил Российской Федерации (ПК «ВУП»). Очередь 2019 г.","Соответствует требованиям документов: Требования доверия(3)","серия","ООО «ЦБИ»","АО «Лаборатория ППШ»","ЗАО «НПЦ ИРС»","140032, Московская обл., Люберецкий район, пос. Малаховка,  ул. Шоссейная, д. 1а, (495) 330-0788","2026-12-30"
"4397","2021-04-30","2026-04-30","коммутатор Cisco VS-C6509E-SUP2T с установленным модулем ASASM с установленным программным обеспечение Cisco ASA версии 9.12(4)7","Соответствует требованиям документов: Требования доверия(6), Требования к МЭ, Профиль защиты МЭ(Б шестого класса защиты. ИТ.МЭ.Б6.ПЗ)","2","ООО «НТЦ «ИРБИС»","ООО «ЦБИ»","АО «Техснабэкспорт»","115184, Москва, Озерковская наб., д. 28, стр. 3, (495) 545-0045",""
"4399","2021-04-30","2026-04-30","комплекс программ «Защищенная операционная система «СинтезМ»","Соответствует требованиям документов: Требования доверия(4), Требования к ОС, Профиль защиты ОС(А четвертого класса защиты. ИТ.ОС.А4.ПЗ)","серия","ООО «ЦБИ»","ФАУ «ГНИИИ ПТЗИ ФСТЭК России»","АО «ФИНТЕХ»","119180, г. Москва, 1-й Хвостов пер., д. 11-А, 8 (499) 238-0132",""
"4401","2021-05-12","2031-05-12","программно-технические средства информационной системы в защищенном исполнении «Темпест»","Соответствует требованиям документов: Требования ТЗИ, ТУ","серия","АНО «Институт инженерной физики»","АО «БИТК»","ООО «ЦБИ»","141090, Московская область, г. Королев, микрорайон Юбилейный, ул. Ленинская, д. 11, (495) 543-3060",""
"4402","2021-05-12","2026-05-12","программный комплекс «Система управления событиями безопасности «RuSIEM»","Соответствует требованиям документов: Требования доверия(4), ТУ","серия","АО «ДОКУМЕНТАЛЬНЫЕ СИСТЕМЫ»","ФАУ «ГНИИИ ПТЗИ ФСТЭК России»","ООО «РуСИЕМ»","121205, г. Москва, Территория Сколково Инновационного центра, ул. Большой б-р, д. 42, стр. 1, эт. 4, часть пом. 1485, (495) 748-8311",""
"4404","2021-05-14","2026-05-14","межсетевой экран Cisco ASA5525-K8 с установленным программным обеспечением Cisco ASA версии 9.14(1)30","Соответствует требованиям документов: Требования доверия(6), Требования к МЭ, Профиль защиты МЭ(А шестого класса защиты. ИТ.МЭ.А6.ПЗ)","5","АО «Лаборатория ППШ»","ООО «ЦБИ»","ПАО РОСБАНК","107078, г. Москва, ул. Маши Порываевой, д. 34, (495) 662-1300",""
"4405","2021-05-14","2026-05-14","межсетевой экран Cisco FPR2110-ASA-K9 с установленным программным обеспечением Cisco ASA версии 9.14(1)30","Соответствует требованиям документов: Требования доверия(6), Требования к МЭ, Профиль защиты МЭ(А шестого класса защиты. ИТ.МЭ.А6.ПЗ)","1","АО «Лаборатория ППШ»","ООО «ЦБИ»","ПАО РОСБАНК","107078, г. Москва, ул. Маши Порываевой, д. 34, (495) 662-1300",""
"4406","2021-05-14","2026-05-14","межсетевой экран Cisco ASA5555-K8 с установленным программным обеспечением Cisco ASA версии 9.14(1)30","Соответствует требованиям документов: Требования доверия(6), Требования к МЭ, Профиль защиты МЭ(А шестого класса защиты. ИТ.МЭ.А6.ПЗ)","7","АО «Лаборатория ППШ»","ООО «ЦБИ»","ПАО РОСБАНК","107078, г. Москва, ул. Маши Порываевой, д. 34, (495) 662-1300",""
"4408","2021-05-14","2026-05-14","программное изделие «Kaspersky Endpoint Security для Linux редакция под Эльбрус»","Соответствует требованиям документов: Требования доверия(2), Требования к САВЗ, Профиль защиты САВЗ(Б второго класса защиты. ИТ.САВЗ.Б2.ПЗ), Профиль защиты САВЗ(В второго класса защиты. ИТ.САВЗ.В2.ПЗ), Профиль защиты САВЗ(Г второго класса защиты. ИТ.САВЗ.Г2.ПЗ)","серия","АО «СИНКЛИТ»","АО «Лаборатория ППШ»","АО «Лаборатория Касперского»","125212, г. Москва, Ленинградское шоссе, д. 39А, стр. 2, (495) 797-8700","2031-05-14"
"4409","2021-05-17","2031-05-17","фильтр помехоподавляющий сетевой марки ФП-6 (20А)","Соответствует требованиям документов: Требования к ПСЗ ПЭМИН-2015","серия","ООО «ЦБИ»","АО «Лаборатория ППШ»","ООО «НПП «СПО»","109382, г. Москва, ул. Люблинская, д. 141, оф. 409, (495) 922-9329",""
"4410","2021-05-17","2031-05-17","фильтр помехоподавляющий сетевой марки ФП-6М (40А)","Соответствует требованиям документов: Требования к ПСЗ ПЭМИН-2015","серия","ООО «ЦБИ»","АО «Лаборатория ППШ»","ООО «НПП «СПО»","109382, г. Москва, ул. Люблинская, д. 141, оф. 409, (495) 922-9329",""
"4411","2021-05-20","2026-05-20","программное обеспечение JaCarta Management System v3.7","Соответствует требованиям документов: Требования доверия(4), ТУ","серия","ООО НТЦ «Фобос-НТ»","ФАУ «ГНИИИ ПТЗИ ФСТЭК России»","АО «Аладдин Р.Д.»","129226, г. Москва, ул. Докукина, д. 16, стр. 1, (495) 223-0001","2031-05-20"
"4413","2021-05-28","2026-05-28","прикладное программное обеспечение краудсорсинговой платформы Правительства Москвы","Соответствует требованиям документов: Требования доверия(6), ТУ","2","АО «ДОКУМЕНТАЛЬНЫЕ СИСТЕМЫ»","ФСТЭК России","ГКУ «Инфогород»","123112, г. Москва, 1-й Красногвардейский проезд, д. 21, стр. 1, (495) 957-0131",""
"4415","2021-06-02","2026-06-02","прикладное программное обеспечение подсистемы Информационной системы публикации данных и приема сообщений пользователей - портал «Наш город»","Соответствует требованиям документов: Требования доверия(6), ТУ","1","АО «ДОКУМЕНТАЛЬНЫЕ СИСТЕМЫ»","ФСТЭК России","Департамент информационных технологий города Москвы","123112, г. Москва, Красногвардейский 1-й проезд, д. 21, стр. 1, (495) 957-0131",""
"4416","2021-06-03","2026-06-03","специализированное программное обеспечение подготовки запросов правоохранительных органов","Соответствует требованиям документов: Требования доверия(4), ТУ","2","АО «Информакустика»","АО «БИТК»","АО «Комита»","197101, г. Санкт-Петербург,  ул. Рентгена, д. 1, (812) 322-9400",""
"4417","2021-06-10","2026-06-10","специальное программное обеспечение автоматизированной системы управления технологическими процессами безопасности и жизнеобеспечения «АССаД-М5»","Соответствует требованиям документов: Требования доверия(2), РД АСФЗ(1)","серия","АО «ИНСЕК-СЗ»","ФАУ «ГНИИИ ПТЗИ ФСТЭК России»","АО «АЛГОНТ»","248009, г. Калуга, Грабцевское шоссе, д. 33, (4842) 58-0707","2036-06-10"
"4418","2021-06-08","2026-06-08","прикладное программное обеспечение Единой информационной системы в сфере закупок","Соответствует требованиям документов: ТУ","1","ФГУП «НПП «Гамма»","ФАУ «ГНИИИ ПТЗИ ФСТЭК России»","АО «РТ-Проектные технологии»","129110, г. Москва, ул. Гиляровского, д. 65, стр. 1, (495) 181-9650",""
"4420","2021-06-08","2026-06-08","устройство однонаправленной передачи аудио и видео информации «ДИОД ЮД-20»","Соответствует требованиям документов: ТУ","серия","АО «БИТК»","ООО «ЦБИ»","ООО «Профиль Защиты»","141090, Московская обл., г. Королев, мкр. Юбилейный, ул. Пионерская, д. 1/4, пом. XXXXI","2030-12-31"
"4421","2021-06-08","2026-06-08","техническое средство однонаправленной передачи данных «Диод-2С»","Соответствует требованиям документов: Требования доверия(2), ТУ","серия","АНО «Институт инженерной физики»","АО «БИТК»","ООО «ЦБИ»","141090, Московская область, г. Королев, микрорайон Юбилейный, ул. Ленинская, д. 11, (495) 543-3060","2031-12-31"
"4423","2021-06-25","2026-06-25","программное изделие «Интеграционная шина Factor-ESB»","Соответствует требованиям документов: Требования доверия(4), ТУ","серия","АНО «Институт инженерной физики»","ООО «ЦБИ»","ООО «Фактор-ТС»","123290, г. Москва, 1-й Магистральный проезд, д. 11, стр. 1, эт. 5, пом. I, комн. 4, (495) 644-3130",""
"4424","2021-06-28","2026-06-28","программный комплекс «Серчинформ SIEM версии 3.0»","Соответствует требованиям документов: Требования доверия(4), ТУ","серия","АО «ДОКУМЕНТАЛЬНЫЕ СИСТЕМЫ»","АО «НПО «Эшелон»","ООО «СерчИнформ»","121069, Москва, Скатертный переулок, д. 8/1, стр. 1, пом. I, комн. 2, (495) 721-8406
доб. 129 офисменеджер Ожегова","2028-01-01"
"4425","2021-07-06","2026-07-06","фильтр сетевой помехоподавляющий ФСПК-10-220-98-УХЛ 4","Соответствует требованиям документов: Требования к ПСЗ ПЭМИН-2015","серия","АО «ФЦНИВТ «СНПО «Элерон»","АО Центр «Атомзащитаинформ»","ООО НПП «ЭЛКОМ»","249192, Калужская обл., г. Обнинск, пос. Кабицыно, д. 1, 8(495) 361-1726, 150-53-42","2034-12-31"
"4426","2021-07-06","2026-07-06","фильтр сетевой помехоподавляющий ФСПК-40-220-99-УХЛ4","Соответствует требованиям документов: Требования к ПСЗ ПЭМИН-2015","серия","АО «ФЦНИВТ «СНПО «Элерон»","АО Центр «Атомзащитаинформ»","ООО НПП «ЭЛКОМ»","249192, Калужская обл., г. Обнинск, пос. Кабицыно, д. 1, 8(495) 361-1726, 150-53-42","2034-12-31"
"4427","2021-07-06","2026-07-06","фильтр сетевой помехоподавляющий ФСПК-100(200)-0,22/0,38-91 УХЛ4","Соответствует требованиям документов: Требования к ПСЗ ПЭМИН-2015","серия","АО «ФЦНИВТ «СНПО «Элерон»","АО Центр «Атомзащитаинформ»","ООО НПП «ЭЛКОМ»","249192, Калужская обл., г. Обнинск, пос. Кабицыно, д. 1, 8(495) 361-1726, 150-53-42","2034-12-31"
"4429","2021-07-27","2026-07-27","программный комплекс «InfoWatch ARMA Industrial Firewall»","Соответствует требованиям документов: Требования доверия(4), Требования к МЭ, Профиль защиты МЭ(Д четвертого класса защиты. ИТ.МЭ.Д4.ПЗ), Требования к СОВ, Профили защиты СОВ(cети четвертого класса защиты. ИТ.СОВ.С4.ПЗ), ЗБ","серия","АО «НПО «Эшелон»","АО «Лаборатория ППШ»","ООО «ИнфоВотч АРМА»","121357, г. Москва, Верейская ул., д. 29, стр. 134, эт. 7, комната В12, (495) 229-0022","2029-07-27"
"4431","2021-07-19","Бессрочно","программное обеспечение «Государственная информационная система «Единая мобильная платформа города Москвы»","Соответствует требованиям документов: Требования доверия(6), ТУ","1","ООО «НТЦ «ИРБИС»","ФСТЭК России","ГКУ «Инфогород»","123112, г. Москва, 1-й Красногвардейский проезд, д. 21, стр. 1, (495) 957-0131",""
"4432","2021-07-27","2026-07-27","программный комплекс мониторинга безопасности и контроля ресурсов «CyberLympha ITM»","Соответствует требованиям документов: Требования доверия(6), ТУ","серия","АО «ИНСЕК-СЗ»","АО «Лаборатория ППШ»","ООО «СайберЛимфа»","121205, г.Москва, вн.тер.г. муниципальный округ Можайский, тер. Сколково инновационного центра, ул. Нобеля, д.7, эт.4, (343)379-98-34 (доб.1780)","2028-07-31"
"4433","2021-07-29","2031-07-29","программное обеспечение ePlat4m","Соответствует требованиям документов: Требования доверия(6), ТУ","серия","АО «ИНСЕК-СЗ»","АО «Лаборатория ППШ»","ООО «УЦСБ»","620100, г. Екатеринбург, ул. Ткачей, д. 6, (343) 379-9834",""
"4434","2021-07-28","2026-07-28","программное обеспечение «Расчетный модуль «Зарница 2020»","Соответствует требованиям документов: Требования доверия(3), Методики ПЭМИН-2017","серия","АО «БИТК»","АО Центр «Атомзащитаинформ»","АО «ФЦНИВТ «СНПО «Элерон»","115563, г. Москва, ул. Генерала Белова, д. 14, (499) 725-0291","2030-07-28"
"4436","2021-08-24","Бессрочно","прикладное программное обеспечение Единая информационная система Объединения административно-технических инспекций города Москвы","Соответствует требованиям документов: Требования доверия(6), ТУ","1","АО «ДОКУМЕНТАЛЬНЫЕ СИСТЕМЫ»","ФСТЭК России","ГКУ «Инфогород»","123112, г. Москва, 1-й Красногвардейский проезд, д. 21, стр. 1, (495) 957-0131",""
"4437","2021-08-05","Бессрочно","прикладное программное обеспечение «Программный комплекс мониторинга движения лекарственных препаратов для медицинского применения»","Соответствует требованиям документов: Требования доверия(4), ТУ","10","АО «ДОКУМЕНТАЛЬНЫЕ СИСТЕМЫ»","ФАУ «ГНИИИ ПТЗИ ФСТЭК России»","ООО «Оператор-ЦРПТ»","123022, г. Москва, ул. Рочдельская, д. 15, стр. 16А, Бизнес-парк «Трехгорная Мануфактура», (499) 350-8559",""
"4438","2021-08-26","Бессрочно","прикладное программное обеспечение Системы проектного управления информатизацией города Москвы","Соответствует требованиям документов: Требования доверия(6), ТУ","1","АО «ДОКУМЕНТАЛЬНЫЕ СИСТЕМЫ»","ФСТЭК России","ГКУ «Инфогород»","123112, г. Москва, 1-й Красногвардейский проезд, д. 21, стр. 1, (495) 957-0131",""
"4439","2021-08-18","2026-08-18","устройство однонаправленной передачи мультимедийной информации «Медиадиод «МД-20»","Соответствует требованиям документов: Требования доверия(2), ТУ","серия","АНО «Институт инженерной физики»","ФАУ «ГНИИИ ПТЗИ ФСТЭК России»","ООО ""Центр безопасности информации""","None","2030-12-31"
"4440","2021-08-18","2031-08-18","система активной акустической и вибрационной защиты «ШТОРМ-10»","Соответствует требованиям документов: ТУ, Требования к СВАЗ-2023(А1), Требования к СВАЗ-2023(В2)","серия","ООО «ЦБИ»","ФАУ «ГНИИИ ПТЗИ ФСТЭК России»","АО «ИНФОПРО»","125047, г. Москва, ул. Брестская 2-я, д. 8, пом. XV, ком. 23, (495) 319-1618, (800) 555-8505","2032-12-31"
"4441","2021-08-20","2026-08-20","прикладное программное обеспечение «Сервисы взаимодействия с участником голосования»","Соответствует требованиям документов: Требования доверия(4), ТУ","1","АО «ДОКУМЕНТАЛЬНЫЕ СИСТЕМЫ»","ФСТЭК России","Департамент информационных технологий города Москвы","123112, г. Москва, Красногвардейский 1-й проезд, д. 21, стр. 1, (495) 957-0131",""
"4442","2021-08-20","2026-08-20","прикладное программное обеспечение «Автоматизированное рабочее место председателя программно-технического комплекса дистанционного электронного голосования»","Соответствует требованиям документов: Требования доверия(4), ТУ","1","АО «ДОКУМЕНТАЛЬНЫЕ СИСТЕМЫ»","ФСТЭК России","Департамент информационных технологий города Москвы","123112, г. Москва, Красногвардейский 1-й проезд, д. 21, стр. 1, (495) 957-0131",""
"4443","2021-08-20","2026-08-20","программный комплекс «Гарда DBF»","Соответствует требованиям документов: Требования доверия(4), ТУ","серия","АО «Информакустика»","АО «НПО «Эшелон»","ООО «Гарда Технологии»","603057, г. Нижний Новгород, пр. Гагарина, д. 50, корп. 9, (831) 422-1221","2031-12-31"
"4444","2021-09-23","2026-09-23","операционная система «Циркон 37К»","Соответствует требованиям документов: Требования доверия(4), Требования к ОС, Профиль защиты ОС(А четвертого класса защиты. ИТ.ОС.А4.ПЗ), ЗБ","серия","АО «СИНКЛИТ»","ООО «ЦБИ»","АО «МВП «СВЕМЕЛ»","127254, г. Москва, пр-к Огородный, д. 5, стр. 5, (495) 926-71-87",""
"4445","2021-09-09","2026-09-09","прикладное программное обеспечение Автоматизированной информационной системы «Обеспечение прохода и учет посещаемости учреждений Департамента культуры города Москвы»","Соответствует требованиям документов: Требования доверия(6), ТУ","1","АО «ДОКУМЕНТАЛЬНЫЕ СИСТЕМЫ»","ФСТЭК России","ГКУ «Инфогород»","123112, г. Москва, 1-й Красногвардейский проезд, д. 21, стр. 1, (495) 957-0131",""
"4446","2021-09-10","2026-09-10","средство аутентификации и безопасного хранения информации пользователей JaCarta","Соответствует требованиям документов: Требования доверия(4), ТУ","серия","ООО НТЦ «Фобос-НТ»","ФАУ «ГНИИИ ПТЗИ ФСТЭК России»","АО «Аладдин Р.Д.»","129226, г. Москва, ул. Докукина, д. 16, стр. 1, (495) 223-0001","2029-06-30"
"4447","2021-09-10","2026-09-10","специальное программное обеспечение средств защиты информации от несанкционированного доступа «Аккорд-Х К»","Соответствует требованиям документов: Требования доверия(4), РД СВТ(5), ТУ","серия","ООО «ЦБИ»","АО «Лаборатория ППШ»","АО «ОКБ САПР»","115114, г. Москва, 2-й Кожевнический переулок, д. 12, эт. 2, пом. I, ком. 21, (495) 994-7262",""
"4448","2021-10-28","2026-10-28","межсетевой экран ESR-21, версия программного обеспечения 1.5","Соответствует требованиям документов: Требования доверия(4), Требования к МЭ, Профиль защиты МЭ(А четвертого класса защиты. ИТ.МЭ.А4.ПЗ)","серия","ООО «ЦБИ»","АО «Лаборатория ППШ»","ООО «Предприятие «ЭЛТЕКС»","630020, г. Новосибирск, ул. Окружная, д. 29В, (383) 274-4800","бессрочно"
"4449","2021-10-28","2026-10-28","межсетевой экран ESR-20, версия программного обеспечения 1.5","Соответствует требованиям документов: Требования доверия(4), Требования к МЭ, Профиль защиты МЭ(А четвертого класса защиты. ИТ.МЭ.А4.ПЗ)","серия","ООО «ЦБИ»","АО «Лаборатория ППШ»","ООО «Предприятие «ЭЛТЕКС»","630020, г. Новосибирск, ул. Окружная, д. 29В, (383) 274-4800",""
"4450","2021-09-15","2026-09-15","прикладное программное обеспечение «Автоматизированная информационная система Уполномоченного по защите прав предпринимателей в городе Москве»","Соответствует требованиям документов: Требования доверия(6), ТУ","1","АО «ДОКУМЕНТАЛЬНЫЕ СИСТЕМЫ»","ФСТЭК России","Департамент информационных технологий города Москвы","123112, г. Москва, Красногвардейский 1-й проезд, д. 21, стр. 1, (495) 957-0131",""
"4451","2021-09-20","2026-09-20","программный комплекс оперативного мониторинга состояния информационной безопасности и контроля состояния защищенности производственно-технологических комплексов «CyberLympha DATAPK»","Соответствует требованиям документов: Требования доверия(6), Требования к СОВ, Профили защиты СОВ(cети шестого класса защиты. ИТ.СОВ.С6.ПЗ), ЗБ","серия","АО «ИНСЕК-СЗ»","ООО «ЦБИ»","ООО «СайберЛимфа»","121205, г.Москва, вн.тер.г. муниципальный округ Можайский, тер. Сколково инновационного центра, ул. Нобеля, д.7, эт.4, (343)379-98-34 (доб.1780)","2028-09-20"
"4452","2021-10-26","2026-10-26","фильтр электромагнитных излучений технических средств «ФИЛЬТР ФЭМИ-01»","Соответствует требованиям документов: ТУ","серия","ООО «ЦБИ»","АО «НПО «Эшелон»","АО НПП «ЭПБ»","127018, г. Москва, Октябрьская ул., д. 38, кор. 1, (495) 780-35-98",""
"4453","2021-09-27","2026-09-27","программное средство оценки защиты акустической речевой информации от утечки за счёт акустоэлектрических преобразований в технических средствах и системах «ОЗАРИ-2018»","Соответствует требованиям документов: ТУ, Методика АЭП-2018","серия","АНО «Институт инженерной физики»","ФАУ «ГНИИИ ПТЗИ ФСТЭК России»","ООО «ЦБИ»","141090, Московская область, г. Королев, микрорайон Юбилейный, ул. Ленинская, д. 11, (495) 543-3060",""
"4454","2021-09-27","2026-09-27","программное обеспечение «Модуль управления Автоматизированной информационной системы «Электронный дом»","Соответствует требованиям документов: Требования доверия(6), ТУ","1","АО «ДОКУМЕНТАЛЬНЫЕ СИСТЕМЫ»","ФСТЭК России","Департамент информационных технологий города Москвы","123112, г. Москва, Красногвардейский 1-й проезд, д. 21, стр. 1, (495) 957-0131",""
"4455","2021-09-28","2026-09-28","программное изделие «Kaspersky Unified Monitoring and Analysis Platform»","Соответствует требованиям документов: Требования доверия(4), ТУ","серия","ООО НТЦ «Фобос-НТ»","ФАУ «ГНИИИ ПТЗИ ФСТЭК России»","АО «Лаборатория Касперского»","125212, г. Москва, Ленинградское шоссе, д. 39А, стр. 2, (495) 797-8700","2031-09-28"
"4456","2021-09-28","2026-09-28","программное обеспечение «Модуль управления системы «Активный гражданин»","Соответствует требованиям документов: Требования доверия(6), ТУ","1","АО «ДОКУМЕНТАЛЬНЫЕ СИСТЕМЫ»","ФСТЭК России","Департамент информационных технологий города Москвы","123112, г. Москва, Красногвардейский 1-й проезд, д. 21, стр. 1, (495) 957-0131",""
"4457","2021-12-02","2026-12-02","Служебный сервис автоматизированного информационно-аналитического учета обеспечения безопасности на транспорте в составе ИСОД МВД России","Соответствует требованиям документов: Требования доверия(4), ТУ","1","АО «НПО «Эшелон»","ФСТЭК России","МВД России","119049, г. Москва, ул. Житная, д. 16, (495) 667-5206",""
"4458","2021-12-03","2026-12-03","программный комплекс формирования и ведения единого банка данных подразделений архивной информации органов внутренних дел Российской Федерации","Соответствует требованиям документов: Требования доверия(4), ТУ","1","АО «НПО «Эшелон»","ФСТЭК России","МВД России","119049, г. Москва, ул. Житная, д. 16, (495) 667-5206",""
"4459","2021-09-30","2026-09-30","программный комплекс Solar Dozor версии 7","Соответствует требованиям документов: Требования доверия(4), ТУ","серия","АО «Лаборатория ППШ»","АО «НПО «Эшелон»","АО «СОЛАР СЕКЬЮРИТИ»","127015, г. Москва, ул. Вятская, д. 35, стр. 4, этаж 4, помещение № 7, комнаты 12, 20-23, 25-34, 48-54, 65, (499) 755-0770","2027-12-31"
"4460","2021-10-05","2026-10-05","программное обеспечение «WebGard 2.0»","Соответствует требованиям документов: Требования доверия(4), ТУ","серия","ООО «НПО ВС»","АО «НПО «Эшелон»","ООО «Поволжский удостоверяющий центр»","420097, Республика Татарстан, г. Казань, ул. Лейтенанта Шмидта, д. 35А, офис 113, 8(843)2-100-251","2027-12-31"
"4463","2021-12-03","2026-12-03","программное обеспечение «Информационно-поисковая система Сервис ИСОД МВД России «Незаконный оборот наркотиков»","Соответствует требованиям документов: Требования доверия(4), ТУ","1","АО «НПО «Эшелон»","ФСТЭК России","МВД России","119049, г. Москва, ул. Житная, д. 16, (495) 667-5206",""
"4464","2021-11-01","2026-11-01","прикладное программное обеспечение «Облачная платформа Сбербанка»","Соответствует требованиям документов: Требования доверия(4), ТУ","серия","АО «ДОКУМЕНТАЛЬНЫЕ СИСТЕМЫ»","ФАУ «ГНИИИ ПТЗИ ФСТЭК России»","ООО «Облачные технологии»","117312, г. Москва, ул. Вавилова, д. 23, стр. 1, ком. 1.207","2029-12-30"
"4465","2021-10-11","2026-10-11","система контроля действий поставщиков ИТ-услуг (СКДПУ)","Соответствует требованиям документов: Требования доверия(4), ТУ","серия","ООО «ЦБИ»","ФАУ «ГНИИИ ПТЗИ ФСТЭК России»","ООО «АйТи Бастион»","119501, г. Москва, вн.тер.г. муниципальный округ Очаково-Матвеевский, ул. Староволынская, д. 15, корп. 1, помещ. 43, (499) 322-3667",""
"4466","2021-10-15","2026-10-15","специальное программное обеспечение «Водопад-НЧР»","Соответствует требованиям документов: ТУ, Методика АЭП-2018","серия","АО «БИТК»","ООО «ЦБИ»","ФГУП «НПП «Гамма»","117393, г. Москва, ул. Профсоюзная, д. 78, стр. 4, (495) 514-0274, (495) 663-1684","2031-10-15"
"4467","2021-10-18","2026-10-18","Directum RX","Соответствует требованиям документов: Требования доверия(4), ТУ","серия","АО «Лаборатория ППШ»","ФАУ «ГНИИИ ПТЗИ ФСТЭК России»","ООО «ДИРЕКТУМ»","426011, г. Ижевск, пер. Северный, д. 61, (3412) 72-1100",""
"4468","2021-10-18","2026-10-18","изделие «ViPNet SafePoint»","Соответствует требованиям документов: Требования доверия(4), Требования к СКН, Профиль защиты СКН(контроля подключения съемных машинных носителей информации четвертого класса защиты. ИТ.СКН.П4.ПЗ), ЗБ, РД СВТ(5)","серия","АНО «Институт инженерной физики»","ООО «ЦБИ»","АО «ИнфоТеКС»","125167, г. Москва, вн.тер.г. муниципальный округ Хорошевский, ул. Викторенко, д. 9, стр. 1, помещ. 47, (495) 737-6192","2026-10-18"
"4469","2021-10-21","2026-10-21","Программное обеспечение устройства серии БЭМП","Соответствует требованиям документов: Требования доверия(4), Требования к ОС, Профиль защиты ОС(Б четвертого класса защиты. ИТ.ОС.Б4.ПЗ), ЗБ","серия","ФГУП «РФЯЦ-ВНИИЭФ»","ФАУ «ГНИИИ ПТЗИ ФСТЭК России»","ООО «Интеллектуальные Сети»","428020, г. Чебоксары, Пристанционная ул., д. 1, кор. 9, (831) 280-9789",""
"4470","2021-11-23","2026-11-23","Программное обеспечение измерительных устройств серии ЩМ","Соответствует требованиям документов: Требования доверия(4), ЗБ","серия","ФГУП «РФЯЦ-ВНИИЭФ»","ФАУ «ГНИИИ ПТЗИ ФСТЭК России»","ООО «Интеллектуальные Сети»","428020, г. Чебоксары, Пристанционная ул., д. 1, кор. 9, (831) 280-9789",""
"4471","2021-11-23","2026-11-23","программно-аппаратный комплекс однонаправленной передачи данных Numa uGate","Соответствует требованиям документов: Требования доверия(2), ТУ","серия","АО «Лаборатория ППШ»","ФАУ «ГНИИИ ПТЗИ ФСТЭК России»","ООО «НумаТех»","196084, г. Санкт-Петербург, ул. Цветочная, д. 18, лит. А, офис 424, (812) 309-0601","2036-12-31"
"4472","2021-10-25","2026-10-25","специальное программное обеспечение системы видеонаблюдения «АССаД-Видео»","Соответствует требованиям документов: Требования доверия(3), РД АСФЗ(1)","серия","АО «ИНСЕК-СЗ»","ФАУ «ГНИИИ ПТЗИ ФСТЭК России»","АО «АЛГОНТ»","248009, г. Калуга, Грабцевское шоссе, д. 33, (4842) 58-0707","2036-06-10"
"4473","2021-10-27","2026-10-27","программный комплекс управления волоконно-оптической системой передачи со спектральным уплотнением «Волга» в составе компонента NMS «Фрактал» ТВСЕ.11011-04 (версия 4.0) для управления уровнем сети и компонентов «Атлас» (ПО CPU «Атлас -Р» ЦРСТ.00006-02) для управления уровнем сетевого элемента","Соответствует требованиям документов: Требования доверия(4), ЗБ","серия","АО «НПО «Эшелон»","ФАУ «ГНИИИ ПТЗИ ФСТЭК России»","ООО «Т8»","107076, г. Москва, ул. Краснобогатырская, д.44, стр.1, (495) 271-6161",""
"4474","2021-11-16","2026-11-16","«Компонент защиты информации Пергамент»","Соответствует требованиям документов: Требования доверия(2), ТУ","серия","АНО «Институт инженерной физики»","ООО «ЦБИ»","ООО «НПО ВС»","420029, Республика Татарстан, г. Казань, ул. Журналистов, дом 30, оф. 2, (843) 208-00-40",""
"4475","2021-11-24","2026-11-24","программное обеспечение «Автоматизированная информационная система Общегородская платформа совместных вычислений на агрегированных данных»","Соответствует требованиям документов: Требования доверия(6), ТУ","1","АО «ДОКУМЕНТАЛЬНЫЕ СИСТЕМЫ»","ФСТЭК России","Департамент информационных технологий города Москвы","123112, г. Москва, Красногвардейский 1-й проезд, д. 21, стр. 1, (495) 957-0131",""
"4476","2021-12-01","2026-12-01","программно-аппаратный комплекс «С-Терра Юнит». Версия 4.3","Соответствует требованиям документов: Требования доверия(4), Требования к МЭ, Профиль защиты МЭ(А четвертого класса защиты. ИТ.МЭ.А4.ПЗ)","серия","ЗАО ГИЦ ПС ВТ","ООО «ЦБИ»","ООО «С-Терра СиЭсПи»","124460, г. Москва, вн.тер.г. муниципальный округ Силино, г. Зеленоград, ул. Конструктора Лукина, д. 14, стр. 12, (499) 940-9061",""
"4477","2021-11-30","2026-11-30","программно-аппаратный комплекс «С-Терра Шлюз». Версия 4.3","Соответствует требованиям документов: Требования доверия(4), Требования к МЭ, Профиль защиты МЭ(А четвертого класса защиты. ИТ.МЭ.А4.ПЗ)","серия","ЗАО ГИЦ ПС ВТ","ООО «ЦБИ»","ООО «С-Терра СиЭсПи»","124460, г. Москва, вн.тер.г. муниципальный округ Силино, г. Зеленоград, ул. Конструктора Лукина, д. 14, стр. 12, (499) 940-9061",""
"4478","2021-11-30","2026-11-30","программный комплекс «С-Терра Шлюз». Версия 4.3","Соответствует требованиям документов: Требования доверия(4), Требования к МЭ, Профиль защиты МЭ(Б четвертого класса защиты. ИТ.МЭ.Б4.ПЗ)","серия","ЗАО ГИЦ ПС ВТ","ООО «ЦБИ»","ООО «С-Терра СиЭсПи»","124460, г. Москва, вн.тер.г. муниципальный округ Силино, г. Зеленоград, ул. Конструктора Лукина, д. 14, стр. 12, (499) 940-9061",""
"4479","2021-11-29","2026-11-29","программный комплекс «С-Терра Клиент». Версия 4.3","Соответствует требованиям документов: Требования доверия(4), Требования к МЭ, Профиль защиты МЭ(В четвертого класса защиты. ИТ.МЭ.В4.ПЗ)","серия","ЗАО ГИЦ ПС ВТ","ООО «ЦБИ»","ООО «С-Терра СиЭсПи»","124460, г. Москва, вн.тер.г. муниципальный округ Силино, г. Зеленоград, ул. Конструктора Лукина, д. 14, стр. 12, (499) 940-9061",""
"4481","2021-11-16","Бессрочно","Программное обеспечение «Единая система идентификации и аутентификации в инфраструктуре, обеспечивающей информационно-технологическое взаимодействие информационных систем, используемых для предоставления государственных и муниципальных услуг в электронной форме»","Соответствует требованиям документов: Требования доверия(4), ТУ","1","ООО «ЦБИ»","ФСТЭК России","АО «СОЛАР СЕКЬЮРИТИ»","127015, г. Москва, ул. Вятская, д. 35, стр. 4, этаж 4, помещение № 7, комнаты 12, 20-23, 25-34, 48-54, 65, (499) 755-0770",""
"4482","2021-11-23","2026-11-23","специализированное программное обеспечение «Тобол-ТВ» ЦКДИ.00047-03","Соответствует требованиям документов: Требования доверия(2), РД АСФЗ(1), ТУ","серия","АО «НПО «Эшелон»","ФАУ «ГНИИИ ПТЗИ ФСТЭК России»","АО «ФЦНИВТ «СНПО «Элерон»","115563, г. Москва, ул. Генерала Белова, д. 14, (499) 725-0291",""
"4483","2021-11-23","2026-11-23","программный продукт «Тобол-АСБ» ЦКДИ.00066-03","Соответствует требованиям документов: Требования доверия(2), РД АСФЗ(1)","серия","АО «НПО «Эшелон»","ФАУ «ГНИИИ ПТЗИ ФСТЭК России»","АО «ФЦНИВТ «СНПО «Элерон»","115563, г. Москва, ул. Генерала Белова, д. 14, (499) 725-0291",""
"4484","2021-11-23","2026-11-23","специальное программное обеспечение «Тобол-ИПК» ЦКДИ.00621-01","Соответствует требованиям документов: Требования доверия(2), РД АСФЗ(1)","серия","АО «НПО «Эшелон»","ФАУ «ГНИИИ ПТЗИ ФСТЭК России»","АО «ФЦНИВТ «СНПО «Элерон»","115563, г. Москва, ул. Генерала Белова, д. 14, (499) 725-0291",""
"4485","2021-11-25","Бессрочно","программное обеспечение «Совокупность подсистем единого окна цифровой обратной связи государственной информационной системы «Единый портал государственных и муниципальных услуг (функций)» версия 1","Соответствует требованиям документов: Требования доверия(4), ТУ","1","ООО «ЦБИ»","ФСТЭК России","АО «СОЛАР СЕКЬЮРИТИ»","127015, г. Москва, ул. Вятская, д. 35, стр. 4, этаж 4, помещение № 7, комнаты 12, 20-23, 25-34, 48-54, 65, (499) 755-0770",""
"4486","2021-11-25","Бессрочно","прикладное программное обеспечение «Единый электронный сервис СМЭВ»","Соответствует требованиям документов: Требования доверия(4), ТУ","1","ООО «ЦБИ»","ФСТЭК России","АО «СОЛАР СЕКЬЮРИТИ»","127015, г. Москва, ул. Вятская, д. 35, стр. 4, этаж 4, помещение № 7, комнаты 12, 20-23, 25-34, 48-54, 65, (499) 755-0770",""
"4487","2021-11-25","2026-11-25","программное обеспечение «Единый портал государственных и муниципальных услуг»","Соответствует требованиям документов: Требования доверия(4), ТУ","1","ООО «ЦБИ»","ФСТЭК России","ПАО «Ростелеком»","191002, г. Санкт-Петербург, Синопская набережная, д. 14, лит. А, (499) 999-8022",""
"4488","2021-12-07","2026-12-07","программное обеспечение «Система контроля каналов передачи конфиденциальной информации Falcongaze SecureTower»","Соответствует требованиям документов: Требования доверия(6), Требования к СКН, Профиль защиты СКН(контроля подключения съемных машинных носителей информации шестого класса защиты. ИТ.СКН.П6.ПЗ), ТУ","серия","АО «ДОКУМЕНТАЛЬНЫЕ СИСТЕМЫ»","АО «НПО «Эшелон»","ООО «ФалконГейз»","105066, г. Москва, ул. Нижняя Красносельская, д. 35, стр. 9, эт. 3, ком. 2, (499) 116-3000",""
"4489","2021-12-21","2026-12-21","программное обеспечение «Базис.WorkPlace Security»","Соответствует требованиям документов: Требования доверия(4), ТУ","серия","АО Центр «Атомзащитаинформ»","ФАУ «ГНИИИ ПТЗИ ФСТЭК России»","ООО «БАЗИС»","109316, г. Москва, вн. тер. г. Муниципальный округ Текстильщики, проезд Остаповский, дом 22, стр. 16, этаж 2, ком. 52",""
"4490","2021-12-14","2026-12-14","программно-аппаратный комплекс аутентификации, управления доступом и безопасного хранения информации и персональных данных пользователей, ключевой носитель ФОРОС 2","Соответствует требованиям документов: Требования доверия(4), ТУ","серия","АО «НПО «Эшелон»","АО «Лаборатория ППШ»","ООО «СмартПарк»","127220, г. Москва, ул. 2-я Квесисская, д. 24, корп. 3, (495) 927-0033","2031-12-14"
"4491","2021-12-15","2026-12-15","СУБД Platform V Pangolin","Соответствует требованиям документов: Требования доверия(4), ТУ","серия","АО «ДОКУМЕНТАЛЬНЫЕ СИСТЕМЫ»","ФАУ «ГНИИИ ПТЗИ ФСТЭК России»","акционерное общество «Сбербанк-Технологии»","117105, г. Москва, Новоданиловская набережная, д. 10, (495) 669-0808",""
"4492","2021-12-13","2026-12-13","программное обеспечение «Avanpost FAM»","Соответствует требованиям документов: Требования доверия(4), ТУ","серия","АО «НПО «Эшелон»","ФАУ «ГНИИИ ПТЗИ ФСТЭК России»","ООО «Аванпост»","109129, г. Москва, ул. 8-я Текстильщиков, д. 11, стр. 2, (495) 641-8080","2027-12-13"
"4493","2021-12-09","2026-12-09","Соната-РС3","Соответствует требованиям документов: Требования к САЗ ПЭМИН-2014(Б), ТУ","серия","АО «БИТК»","ООО «ЦБИ»","ООО «Анна»","111141, г. Москва, ул. Плеханова, д. 15А, стр. 5, (495) 232-60-63",""
"4494","2021-12-09","2026-12-09","программное обеспечение «Единый механизм идентификации и аутентификации пользователей ЦАП, а также аутентификации при входе пользователей через ЕСИА»","Соответствует требованиям документов: Требования доверия(5), ТУ","10","ООО «НТЦ «ИРБИС»","ФАУ «ГНИИИ ПТЗИ ФСТЭК России»","ФГАУ НИИ «Восход»","119607, г. Москва, ул. Удальцова, д. 85, (495) 981-8899",""
"4495","2021-12-09","2026-12-09","специальное программное обеспечение средств защиты информации от несанкционированного доступа «Аккорд-Win64 K»","Соответствует требованиям документов: Требования доверия(4), Требования к СКН, Профиль защиты СКН(контроля подключения съемных машинных носителей информации четвертого класса защиты. ИТ.СКН.П4.ПЗ), РД СВТ(5), ТУ","серия","ООО «ЦБИ»","АО «Лаборатория ППШ»","АО «ОКБ САПР»","115114, г. Москва, 2-й Кожевнический переулок, д. 12, эт. 2, пом. I, ком. 21, (495) 994-7262",""
"4496","2021-12-14","2026-12-14","комплекс безопасности «Континент». Версия 4.","Соответствует требованиям документов: Требования доверия(4), Требования к МЭ, Профиль защиты МЭ(А четвертого класса защиты. ИТ.МЭ.А4.ПЗ), Профиль защиты МЭ(Б четвертого класса защиты. ИТ.МЭ.Б4.ПЗ), Профиль защиты МЭ(Д четвертого класса защиты. ИТ.МЭ.Д4.ПЗ), Требования к СОВ, Профили защиты СОВ(cети четвертого класса защиты. ИТ.СОВ.С4.ПЗ), Требования к МЭ NGFW(4)","серия","ООО НТЦ «Фобос-НТ»","ООО «ЦБИ»","ООО «Код Безопасности»","129515, г. Москва, вн.тер.г. Муниципальный округ Останкинский, ул. Академика Королева, д. 13, стр. 1, пом. 13/8, (495) 982-3020","2032-12-14"
"4498","2021-12-18","2026-12-18","Межсетевой экран «Mail.Ru Cloud Firewall»","Соответствует требованиям документов: Требования доверия(6), Требования к МЭ, Профиль защиты МЭ(Б шестого класса защиты. ИТ.МЭ.Б6.ПЗ)","серия","ООО «ЛИССИ-Софт»","АО «НПО «Эшелон»","ООО «ВК Цифровые Технологии»","125167, г. Москва, Ленинградский проспект, д. 39, стр. 79, (495) 725-6357",""
"4499","2021-12-21","2026-12-21","Фильтр сетевой помехоподавляющий «ЛФС-200-3Ф»","Соответствует требованиям документов: Требования к ПСЗ ПЭМИН-2015, ТУ","серия","АО «Лаборатория ППШ»","ООО «ЦБИ»","ООО «Ленспецпроизводство»","199178, г. Санкт-Петербург, наб. реки Смоленки, д. 25, лит. Е, оф. 134, (812) 309-6170",""
"4500","2021-12-25","Бессрочно","прикладное программное обеспечение Единая биометрическая система","Соответствует требованиям документов: Требования доверия(4), ТУ","1","АО «СТ Групп»","ФСТЭК России","АО ЦБТ","115035, г. Москва, Овчинниковская наб., д. 18/1, стр. 2, (495) 727-27-70",""
"4501","2021-12-28","2026-12-28","программно-аппаратный комплекс ViPNet xFirewall 5","Соответствует требованиям документов: Требования доверия(4), Требования к МЭ, Профиль защиты МЭ(А четвертого класса защиты. ИТ.МЭ.А4.ПЗ), Профиль защиты МЭ(Б четвертого класса защиты. ИТ.МЭ.Б4.ПЗ), Требования к СОВ, Профили защиты СОВ(cети четвертого класса защиты. ИТ.СОВ.С4.ПЗ), ЗБ","серия","АНО «Институт инженерной физики»","АО «Лаборатория ППШ»","АО «ИнфоТеКС»","125167, г. Москва, вн.тер.г. муниципальный округ Хорошевский, ул. Викторенко, д. 9, стр. 1, помещ. 47, (495) 737-6192","2026-12-28"
"4502","2021-12-28","2026-12-28","программное средство «Атом.Мост»","Соответствует требованиям документов: Требования доверия(4), ТУ","серия","АО Центр «Атомзащитаинформ»","ФАУ «ГНИИИ ПТЗИ ФСТЭК России»","АО «Гринатом»","119017, г. Москва, ул. Большая Ордынка, д. 24, (499) 949-4919",""
"4503","2021-12-28","2026-12-28","программно-аппаратный комплекс Межсетевой экран с системой обнаружения вторжений Ideco UTM","Соответствует требованиям документов: Требования доверия(4), Требования к МЭ, Профиль защиты МЭ(А четвертого класса защиты. ИТ.МЭ.А4.ПЗ), Профиль защиты МЭ(Б четвертого класса защиты. ИТ.МЭ.Б4.ПЗ), Требования к СОВ, Профили защиты СОВ(cети четвертого класса защиты. ИТ.СОВ.С4.ПЗ)","серия","ООО НТЦ «Фобос-НТ»","ФАУ «ГНИИИ ПТЗИ ФСТЭК России»","ООО «Айдеко Софтвер»","620137, Екатеринбург, ул. Кулибина, д. 2, оф. 504, (800) 555-33-40",""
"4504","2022-03-14","Бессрочно","Сервис предоставления государственных услуг информационно-аналитического обеспечения деятельности Министерства внутренних дел Российской Федерации","Соответствует требованиям документов: Требования доверия(4), ТУ","1","АО «НПО «Эшелон»","ФСТЭК России","МВД России","119049, г. Москва, ул. Житная, д. 16, (495) 667-5206",""
"4505","2022-01-14","2027-01-14","программный комплекс «ОТР. Универсальный сервер безопасности» (ПК «ОТР.УСБ»)","Соответствует требованиям документов: Требования доверия(2), ТУ","серия","АО «НПО «Эшелон»","АО «Лаборатория ППШ»","ООО «ОТР 2000»","127474, г. Москва, вн.тер.г. муниципальный округ Бескудниковский, ш. Дмитровское, д. 60, (495) 223-07-99","2030-12-31"
"4506","2022-02-11","Бессрочно","программное обеспечение «Федеральная государственная информационная система учета и контроля за обращением с отходами I и II классов опасности»","Соответствует требованиям документов: Требования доверия(5), ТУ","10","ООО «ЦБИ»","ФАУ «ГНИИИ ПТЗИ ФСТЭК России»","ФГУП «Федеральный экологический оператор»","119017, г. Москва, ул. Большая ордынка, дом 24, +7 (495) 710-76-48",""
"4507","2022-01-19","Действие сертификата соответствия приостановлено 24 мая 2023 г.","программный комплекс Group-IB Threat Hunting Framework","Соответствует требованиям документов: Требования доверия(4), ТУ","серия","ООО НТЦ «Фобос-НТ»","ФАУ «ГНИИИ ПТЗИ ФСТЭК России»","ООО «Группа АйБи ТДС»","115088, г. Москва, ул. Шарикоподшипниковская, д. 1, (495) 984-3364",""
"4508","2022-01-17","2027-01-17","программа поиска и гарантированного уничтожения информации на дисках «TERRIER» версия 3.0","Соответствует требованиям документов: Требования доверия(2), ТУ","серия","АО «БИТК»","ФАУ «ГНИИИ ПТЗИ ФСТЭК России»","АО «ЦБИ-сервис»","141090, Московская область, г.о. Королев, г. Королев, мкр. Юбилейный, ул. Пионерская, д. 1/4, помещение XVII, (495) 510-4498",""
"4509","2022-01-26","2027-01-26","программное обеспечение «Avanpost WebSSO»","Соответствует требованиям документов: Требования доверия(4), ТУ","серия","АО «НПО «Эшелон»","ФАУ «ГНИИИ ПТЗИ ФСТЭК России»","ООО «Аванпост»","109129, г. Москва, ул. 8-я Текстильщиков, д. 11, стр. 2, (495) 641-8080","2028-01-26"
"4510","2022-01-14","Бессрочно","программное обеспечение «Сервис электронного документооборота»","Соответствует требованиям документов: Требования доверия(4), ТУ","1","АО «НПО «Эшелон»","ФСТЭК России","ФГКУ «ГЦИТ войск национальной гвардии»","111250, г. Москва, ул. Красноказарменная, д. 9А, (495) 361-87-39",""
"4512","2022-02-21","Бессрочно","программное обеспечение «Сервис обеспечения кадровой деятельности единой информационно-аналитической системы обеспечения деятельности органов внутренних дел МВД России»","Соответствует требованиям документов: Требования доверия(4), ТУ","300","АО «НПО «Эшелон»","ФСТЭК России","МВД России","119049, г. Москва, ул. Житная, д. 16, (495) 667-5206",""
"4515","2022-04-19","2027-04-19","программно-аппаратный комплекс аутентификации и хранения информации «Guardant ID» версии 2","Соответствует требованиям документов: Требования доверия(2), ТУ","серия","ООО «ЦБИ»","ФАУ «ГНИИИ ПТЗИ ФСТЭК России»","АО «Актив-софт»","115088, г. Москва, ул. Шарикоподшипниковская, д. 1, этаж 4, пом. IX, комн. 11, (495) 925-7790","2032-04-19"
"4516","2022-01-25","2027-01-25","программное обеспечение JaCarta Management System 4 LX","Соответствует требованиям документов: Требования доверия(4), ТУ","серия","ООО НТЦ «Фобос-НТ»","ФАУ «ГНИИИ ПТЗИ ФСТЭК России»","АО «Аладдин Р.Д.»","129226, г. Москва, ул. Докукина, д. 16, стр. 1, (495) 223-0001","2030-01-25"
"4517","2022-02-02","2027-02-02","Антивирус VR Protect для Linux","Соответствует требованиям документов: Требования доверия(4), Требования к САВЗ, Профиль защиты САВЗ(В четвертого класса защиты. ИТ.САВЗ.В4.ПЗ)","серия","ПФ АО «НТЦ «Атлас»","АО «НПО «Эшелон»","ООО «Вычислительные решения»","117587, г. Москва, Варшавское шоссе, д. 125, стр. 17, пом. 1, ком. 32, 8 (495) 769-30-30",""
"4518","2022-03-11","Бессрочно","программное обеспечение «Государственная информационная система миграционного учета» (версия 2.0)","Соответствует требованиям документов: Требования доверия(4), ТУ","10","АО «НПО «Эшелон»","ФСТЭК России","МВД России","119049, г. Москва, ул. Житная, д. 16, (495) 667-5206",""
"4519","2022-02-10","Действие сертификата соответствия приостановлено 8 мая 2026 г.","программное обеспечение «Bpmonline Creatio»","Соответствует требованиям документов: Требования доверия(4), ТУ","серия","АО «НПО «Эшелон»","АО «БИТК»","ООО «Террасофт Центр»","125280, г. Москва, ул. Ленинская слобода, д. 26, эт. 2, пом. 1, ком. 1, 8 (495) 280-16-80",""
"4520","2022-02-11","Бессрочно","прикладное программное обеспечение «Цифровая платформа взаимодействия бизнеса и контрольно-надзорных органов»","Соответствует требованиям документов: Требования доверия(6), ТУ","1","АО «ДОКУМЕНТАЛЬНЫЕ СИСТЕМЫ»","ФСТЭК России","ГКУ «Инфогород»","123112, г. Москва, 1-й Красногвардейский проезд, д. 21, стр. 1, (495) 957-0131",""
"4521","2022-03-01","Действие сертификата соответствия приостановлено 8 мая 2026 г.","комплекс программных средств «Система защиты информации «Сфера»","Соответствует требованиям документов: Требования доверия(4), РД СВТ(5)","серия","АО «Лаборатория ППШ»","ФАУ «ГНИИИ ПТЗИ ФСТЭК России»","ООО «Фирма «НИТА»","188640, Ленинградская область, Всеволожский район, г. Всеволожск, Всеволожский проспект, д. 41, офис 4.3, (812)331-9840",""
"4522","2022-03-01","2027-03-01","устройство однонаправленной передачи аудиоинформации «Аудиовентиль СК-19»","Соответствует требованиям документов: ТУ","серия","АНО «Институт инженерной физики»","АО «Лаборатория ППШ»","ООО «ЦБИ»","141090, Московская область, г. Королев, микрорайон Юбилейный, ул. Ленинская, д. 11, (495) 543-3060","2030-12-31"
"4523","2022-03-14","2027-03-14","программное обеспечение Docsvision","Соответствует требованиям документов: Требования доверия(6), ТУ","серия","АО «Лаборатория ППШ»","АО «НПО «Эшелон»","ЗАО «Диджитал Дизайн»","199178, г. Санкт-Петербург, наб. реки Смоленки, д. 33, (812) 346-5833",""
"4525","2022-03-10","2027-03-10","программное обеспечение «Blitz Identity Provider»","Соответствует требованиям документов: Требования доверия(4), ТУ","серия","АО «НПО «Эшелон»","ФАУ «ГНИИИ ПТЗИ ФСТЭК России»","ООО «РЕАК СОФТ»","115054, г. Москва, вн.тер.г. муниципальный округ Замоскворечье, ул. Пятницкая, д. 73, этаж 4, помещ. II",""
"4526","2022-03-28","2027-03-28","программное обеспечение «I-Laboratory Data System»","Соответствует требованиям документов: Требования доверия(4), ТУ","серия","АО «НПО «Эшелон»","ФАУ «ГНИИИ ПТЗИ ФСТЭК России»","ООО «ИндаСофт»","109202, г. Москва, Перовское шоссе, дом 9, стр. 1, комн. 104, 499-3009987",""
"4528","2022-03-28","2027-03-28","KVM-устройство для обеспечения защищенного подключения комплекта устройств ввода-вывода к системному блоку средства вычислительной техники «KVM-2K»","Соответствует требованиям документов: ТУ","серия","АНО «Институт инженерной физики»","АО «БИТК»","ООО «ЦБИ»","141090, Московская область, г. Королев, микрорайон Юбилейный, ул. Ленинская, д. 11, (495) 543-3060",""
"4529","2022-03-28","2027-03-28","средство уничтожения информации на машинных магнитных носителей информации «Стек-НС3»","Соответствует требованиям документов: Требования к СУИ, ТУ","серия","АО «БИТК»","АО «НПО «Эшелон»","ООО «Анна»","111141, г. Москва, ул. Плеханова, д. 15А, стр. 5, (495) 232-60-63",""
"4530","2022-04-19","Бессрочно","специальное программное обеспечение Единая информационно-аналитическая система обеспечения безопасности дорожного движения Министерства внутренних дел Российской Федерации","Соответствует требованиям документов: Требования доверия(4), ТУ","1","АО «ИНСЕК-СЗ»","ФСТЭК России","ГУОБДД МВД России","121170, г. Москва, ул. Поклонная, д .17",""
"4531","2022-04-13","2027-04-13","программное изделие «Среда разработки и исполнения Java Axiom JDK Certified»","Соответствует требованиям документов: Требования доверия(4), ТУ","серия","ООО НТЦ «Фобос-НТ»","ФАУ «ГНИИИ ПТЗИ ФСТЭК России»","АО «АКСИОМ»","г. Санкт-Петербург, Набережная обводного канала 199-201, лит. И, (812) 336-35-67",""
"4532","2022-04-19","2027-04-19","генератор шума «ЛГШ-901»","Соответствует требованиям документов: ТУ","серия","АО «Лаборатория ППШ»","ФАУ «ГНИИИ ПТЗИ ФСТЭК России»","ООО «Ленспецпроизводство»","199178, г. Санкт-Петербург, наб. реки Смоленки, д. 25, лит. Е, оф. 134, (812) 309-6170",""
"4533","2022-04-21","2027-04-21","программно-аппаратный комплекс средств защиты информации от несанкционированного доступа «Аккорд-Х» (ПАК СЗИ НСД «Аккорд-Х»)","Соответствует требованиям документов: Требования доверия(2), ТУ","серия","ООО «ЦБИ»","АО «Лаборатория ППШ»","АО «ОКБ САПР»","115114, г. Москва, 2-й Кожевнический переулок, д. 12, эт. 2, пом. I, ком. 21, (495) 994-7262",""
"4534","2022-04-28","Бессрочно","программное обеспечение «Подсистема формирования и заключения соглашений (договоров) в сфере обязательного медицинского страхования, сторонами которых выступают Министерство здравоохранения Российской Федерации, Федеральный фонд обязательного медицинского страхования, высшие исполнительные органы государственной власти субъектов Российской Федерации, территориальные фонды обязательного медицинского страхования, страховые медицинские организации и медицинские организации» Государственной информационной системы обязательного медицинского страхования (ПО «Подсистема формирования и заключения соглашений (договоров) в сфере ОМС»)","Соответствует требованиям документов: Требования доверия(5), ТУ","10","АО «НПО «Эшелон»","ФСТЭК России","Федеральный фонд обязательного медицинского страхования","127994, г.Москва, ГСП-4, ул. Новослободская, д.37, корп. 4а",""
"4535","2022-05-06","Бессрочно","сервис обеспечения оперативно-служебной деятельности НЦБ Интерпола МВД России","Соответствует требованиям документов: Требования доверия(4), ТУ","1","АО «НПО «Эшелон»","ФСТЭК России","МВД России","119049, г. Москва, ул. Житная, д. 16, (495) 667-5206",""
"4536","2022-05-04","2027-05-04","прикладное программное обеспечение «Платформа безопасности «Логин-центр Оптимакрос»","Соответствует требованиям документов: Требования доверия(6), ТУ","серия","АО «ДОКУМЕНТАЛЬНЫЕ СИСТЕМЫ»","ФАУ «ГНИИИ ПТЗИ ФСТЭК России»","ООО «Оптимакрос»","121087, г. Москва, проезд Береговой, д. 5, к. 2, этаж 18, помещение 103",""
"4537","2022-05-05","2027-05-05","программно-аппаратный комплекс шлюз безопасности «Check Point Security Gateway R80.XX», функционирующий на аппаратной платформе семейства SG15XX","Соответствует требованиям документов: Требования доверия(6), Требования к МЭ, Профиль защиты МЭ(А шестого класса защиты. ИТ.МЭ.А6.ПЗ), Требования к САВЗ, Профиль защиты САВЗ(Б шестого класса защиты. ИТ.САВЗ.Б6.ПЗ), Требования к СОВ, Профили защиты СОВ(cети шестого класса защиты. ИТ.СОВ.С6.ПЗ)","серия","ООО «КБ-Лаб»","ФАУ «ГНИИИ ПТЗИ ФСТЭК России»","ООО «Сертифицированные информационные системы груп»","117420, г. Москва, ул. Наметкина, д. 10А, корп. 1, (495) 229-5607


125171, г. Москва, Ленинградское шоссе, д. 16А, стр. 3, (495) 797-3500",""
"4538","2022-05-05","2027-05-05","программное средство «Система централизованного управления доступом пользователей» (СЦУДП)","Соответствует требованиям документов: Требования доверия(6), ТУ","серия","АО Центр «Атомзащитаинформ»","ФАУ «ГНИИИ ПТЗИ ФСТЭК России»","АО «Гринатом»","119017, г. Москва, ул. Большая Ордынка, д. 24, (499) 949-4919",""
"4539","2022-05-05","Бессрочно","автоматизированная система управления энергоэффективностью (АСУЭ) Госкорпорации «Росатом»","Соответствует требованиям документов: Требования доверия(6), ТУ","1","АО «БИТК»","АО Центр «Атомзащитаинформ»","АО «Гринатом»","119017, г. Москва, ул. Большая Ордынка, д. 24, (499) 949-4919",""
"4540","2022-05-05","Бессрочно","модуль защиты информации ЕИАС Роспотребнадзора","Соответствует требованиям документов: Требования доверия(4), ТУ","1","АО «НПО «Эшелон»","ФСТЭК России","ФБУЗ ФЦГиЭ Роспотребнадзора","117105, г. Москва, Варшавское шоссе, д. 19А, (495) 954-70-77",""
"4541","2022-05-06","2027-05-06","программное обеспечение «Технологическая операционная система «Topaz Linux»","Соответствует требованиям документов: Требования доверия(4), Требования к ОС, Профиль защиты ОС(Б четвертого класса защиты. ИТ.ОС.Б4.ПЗ), ЗБ","серия","ООО «ЦБИ»","ФАУ «ГНИИИ ПТЗИ ФСТЭК России»","ООО «ПиЭлСи Технолоджи»","Научный проезд, д. 17, г. Москва, 117246, (495)139-0405, (495)139-0406",""
"4543","2022-05-13","Бессрочно","программное обеспечение «Система электронного документооборота Федерального фонда обязательного медицинского страхования» (ПО «СЭД ФОМС»)","Соответствует требованиям документов: Требования доверия(5), ТУ","100","АО «НПО «Эшелон»","ФСТЭК России","Федеральный фонд обязательного медицинского страхования","127994, г.Москва, ГСП-4, ул. Новослободская, д.37, корп. 4а",""
"4544","2022-05-31","Бессрочно","программное обеспечение информационной системы доверенной третьей стороны национального сегмента Российской Федерации интегрированной информационной системы Евразийского экономического союза","Соответствует требованиям документов: Требования доверия(5), ТУ","1","ФГУП «НПП «Гамма»","ФСТЭК России","Минцифры России","123112, г. Москва, Пресненская наб., д. 10, стр. 2, (495) 771-8000",""
"4545","2022-05-25","Бессрочно","прикладное программное обеспечение комплексной информационной системы «Мобильное автоматизированное рабочее место»","Соответствует требованиям документов: Требования доверия(6), ТУ","1","АО «ДОКУМЕНТАЛЬНЫЕ СИСТЕМЫ»","ФСТЭК России","Департамент информационных технологий города Москвы","123112, г. Москва, Красногвардейский 1-й проезд, д. 21, стр. 1, (495) 957-0131",""
"4546","2022-05-20","2027-05-20","комплекс программных средств защиты информации «Барьер-УВД 2»","Соответствует требованиям документов: Требования доверия(4), ТУ","серия","АО «Лаборатория ППШ»","ФАУ «ГНИИИ ПТЗИ ФСТЭК России»","ЗАО «ЗЭТ»","194100, г. Санкт-Петербург, ул. Кантемировская, д. 5, (812) 777-8979",""
"4547","2022-05-31","Действие сертификата соответствия приостановлено 8 мая 2026 г.","прикладное программное обеспечение программно-технического комплекса «Портативный комплекс регистрации биометрических параметров для применения в МФЦ»","Соответствует требованиям документов: Требования доверия(6), ТУ","серия","ФГУП «НПП «Гамма»","ФАУ «ГНИИИ ПТЗИ ФСТЭК России»","ФГАУ НИИ «Восход»","119607, г. Москва, ул. Удальцова, д. 85, (495) 981-8899",""
"4549","2022-06-06","Бессрочно","прикладное программное обеспечение автоматизированной информационной системы «Мобильное приложение «Моя Москва»","Соответствует требованиям документов: Требования доверия(6), ТУ","1","АО «ДОКУМЕНТАЛЬНЫЕ СИСТЕМЫ»","ФСТЭК России","Департамент информационных технологий города Москвы","123112, г. Москва, Красногвардейский 1-й проезд, д. 21, стр. 1, (495) 957-0131",""
"4550","2022-06-16","Бессрочно","прикладное программное обеспечение автоматизированной информационной системы «Мобильное приложение «Госуслуги Москвы»","Соответствует требованиям документов: Требования доверия(6), ТУ","1","АО «ДОКУМЕНТАЛЬНЫЕ СИСТЕМЫ»","ФСТЭК России","Департамент информационных технологий города Москвы","123112, г. Москва, Красногвардейский 1-й проезд, д. 21, стр. 1, (495) 957-0131",""
"4551","2022-06-10","2027-06-10","программный комплекс «Система обнаружения вторжений «Сириус»","Соответствует требованиям документов: Требования доверия(4), Требования к СОВ, Профили защиты СОВ(cети четвертого класса защиты. ИТ.СОВ.С4.ПЗ)","серия","ООО «НТЦ «ИРБИС»","ФАУ «ГНИИИ ПТЗИ ФСТЭК России»","ООО НТЦ «Фобос-НТ»","302019, г. Орёл, ул. Весёлая, д. 1, (4862) 76-03-56",""
"4553","2022-07-13","Бессрочно","программное обеспечение информационной системы «Национальный удостоверяющий центр»","Соответствует требованиям документов: Требования доверия(4), ТУ","5","ООО «НТЦ «ИРБИС»","ФАУ «ГНИИИ ПТЗИ ФСТЭК России»","ФГАУ НИИ «Восход»","119607, г. Москва, ул. Удальцова, д. 85, (495) 981-8899",""
"4554","2022-07-14","Бессрочно","ЦФТ-Технологическое ядро со встроенными средствами защиты","Соответствует требованиям документов: Требования доверия(6), ТУ","1","АО Центр «Атомзащитаинформ»","ФАУ «ГНИИИ ПТЗИ ФСТЭК России»","АО «Атомный энергопромышленный комплекс»","119017, г. Москва, ул. Большая Ордынка, д. 24, (495) 933-6040",""
"4555","2022-07-25","Бессрочно","прикладное программное обеспечение «Программа автоматизированной разработки документов «Doczilla»","Соответствует требованиям документов: Требования доверия(6), ТУ","10","АО Центр «Атомзащитаинформ»","ФАУ «ГНИИИ ПТЗИ ФСТЭК России»","АО «Атомэнергопром»","119017, г. Москва, ул. Большая Ордынка, д. 24",""
"4556","2022-07-25","2027-07-25","специальное программное обеспечение Государственной автоматизированной системы правовой статистики","Соответствует требованиям документов: Требования доверия(4), ТУ","серия","ООО «ЦБИ»","ФАУ «ГНИИИ ПТЗИ ФСТЭК России»","Генеральная прокуратура Российской Федерации","125993, г. Москва, ул. Большая Дмитровка, д. 15, (495) 627-0212",""
"4557","2022-08-03","2027-08-03","фильтр помехоподавляющий сетевой «Фаза-М»","Соответствует требованиям документов: Требования к ПСЗ ПЭМИН-2015","серия","АО «БИТК»","ООО «ЦБИ»","ЗАО НПЦ Фирма «НЕЛК»","109377, г. Москва, ул. 1-я Новокузьминская, дом 8/2, (495) 921-3374",""
"4558","2022-07-28","Бессрочно","прикладное программное обеспечение автоматизированной информационной системы «Мобильное приложение «Наш Город»","Соответствует требованиям документов: Требования доверия(6), ТУ","1","АО «ДОКУМЕНТАЛЬНЫЕ СИСТЕМЫ»","ФСТЭК России","Департамент информационных технологий города Москвы","123112, г. Москва, Красногвардейский 1-й проезд, д. 21, стр. 1, (495) 957-0131",""
"4559","2022-07-25","2027-07-25","программно-аппаратный комплекс «Переключатель накопителя данных»","Соответствует требованиям документов: Требования доверия(4), ТУ","серия","АО Центр «Атомзащитаинформ»","ФАУ «ГНИИИ ПТЗИ ФСТЭК России»","АО «ФНПЦ «ПО «Старт» им. М.В.Проценко»","442960, Пензенская обл., г. Заречный, пр-т Мира, д. 1, (841-2) 23-2853",""
"4560","2022-08-02","Бессрочно","программное обеспечение «Сервис объединенной поисковой федеральной системы генетической идентификации единой системы информационно-аналитического обеспечения деятельности МВД России Ксенон-2»","Соответствует требованиям документов: Требования доверия(4), ТУ","10","АО «НПО «Эшелон»","ФСТЭК России","МВД России","119049, г. Москва, ул. Житная, д. 16, (495) 667-5206",""
"4561","2022-08-02","Бессрочно","программное обеспечение «Сервис ведомственной правовой статистики единой системы информационно-аналитического обеспечения деятельности министерства внутренних дел Российской Федерации»","Соответствует требованиям документов: Требования доверия(4), ТУ","1","АО «НПО «Эшелон»","ФСТЭК России","МВД России","119049, г. Москва, ул. Житная, д. 16, (495) 667-5206",""
"4562","2022-08-02","Бессрочно","программное обеспечение «Сервис электронного документооборота»","Соответствует требованиям документов: Требования доверия(4), ТУ","10","АО «НПО «Эшелон»","ФСТЭК России","МВД России","119049, г. Москва, ул. Житная, д. 16, (495) 667-5206",""
"4565","2022-07-28","2027-07-28","подсистема по обеспечению доступа пользователей к информации, размещаемой на официальных сайтах органов и организаций в информационно-телекоммуникационной сети «Интернет», федеральной государственной информационной системы «Единый портал государственных и муниципальных услуг (функций)»","Соответствует требованиям документов: Требования доверия(4), ТУ","1","ООО «ЦБИ»","ФСТЭК России","ПАО «Ростелеком»","191002, г. Санкт-Петербург, Синопская набережная, д. 14, лит. А, (499) 999-8022",""
"4566","2022-08-01","2027-08-01","аппаратный комплекс «InfoDiode»","Соответствует требованиям документов: Требования доверия(4), ТУ","серия","ООО «КБ-Лаб»","ФАУ «ГНИИИ ПТЗИ ФСТЭК России»","АО «АМТ-ГРУП»","123022, г. Москва, улица 1905 года, д. 10А, стр. 1, этаж 8, пом. 11, (495) 725-7660",""
"4567","2022-08-02","2027-08-02","генератор шума «ЛГШ-516СТАФ»","Соответствует требованиям документов: Требования к САЗ ПЭМИН-2014(А), Требования к САЗ ПЭМИН-2014(Б)","серия","АО «Лаборатория ППШ»","ФАУ «ГНИИИ ПТЗИ ФСТЭК России»","ООО «Ленспецпроизводство»","199178, г. Санкт-Петербург, наб. реки Смоленки, д. 25, лит. Е, оф. 134, (812) 309-6170",""
"4568","2022-08-03","2027-08-03","межсетевой экран HUAWEI серии USG6000E (модели: USG6510E, USG6530E, USG6525E, USG6555E, USG6565E, USG6575E-B, USG6585E, USG6605E-B)","Соответствует требованиям документов: Требования доверия(6), Требования к МЭ, Профиль защиты МЭ(А шестого класса защиты. ИТ.МЭ.А6.ПЗ), Профиль защиты МЭ(Б шестого класса защиты. ИТ.МЭ.Б6.ПЗ)","серия","ООО «НТЦ «ИРБИС»","АО «Лаборатория ППШ»","ООО «Техкомпания Хуавэй»","121614, г. Москва, ул. Крылатская, д. 17, корп. 2. Бизнес-парк «Крылатские Холмы», (495) 234-0686",""
"4569","2022-09-02","2027-09-02","программное изделие StarForce Content Enterprise","Соответствует требованиям документов: Требования доверия(4), ТУ","серия","АО Центр «Атомзащитаинформ»","ФАУ «ГНИИИ ПТЗИ ФСТЭК России»","ООО «Протекшен Технолоджи»","127106, г. Москва, Алтуфьевское шоссе, д. 5",""
"4570","2022-08-08","Бессрочно","прикладное программное обеспечение «Автоматизированная информационная система «Система мониторинга информационных систем города Москвы»","Соответствует требованиям документов: Требования доверия(6), ТУ","1","АО «ДОКУМЕНТАЛЬНЫЕ СИСТЕМЫ»","ФСТЭК России","Департамент информационных технологий города Москвы","123112, г. Москва, Красногвардейский 1-й проезд, д. 21, стр. 1, (495) 957-0131",""
"4571","2022-08-08","Бессрочно","прикладное программное обеспечение Автоматизированной информационной системы надзора за техническим состоянием самоходных машин и других видов техники","Соответствует требованиям документов: Требования доверия(6), ТУ","1","АО «ДОКУМЕНТАЛЬНЫЕ СИСТЕМЫ»","ФСТЭК России","ГКУ «Инфогород»","123112, г. Москва, 1-й Красногвардейский проезд, д. 21, стр. 1, (495) 957-0131",""
"4572","2022-08-08","Бессрочно","прикладное программное обеспечение подсистемы обработки заявлений на оказание услуг и запросов на предоставление сведений","Соответствует требованиям документов: Требования доверия(6), ТУ","1","АО «ДОКУМЕНТАЛЬНЫЕ СИСТЕМЫ»","ФСТЭК России","ГКУ «Инфогород»","123112, г. Москва, 1-й Красногвардейский проезд, д. 21, стр. 1, (495) 957-0131",""
"4573","2022-08-09","Бессрочно","прикладное программное обеспечение части подсистем автоматизированной информационной системы «Интеграционная платформа электронного взаимодействия», отвечающее за предоставление сведений об объектах недвижимости и зарегистрированных на них правах информационным системам органов исполнительной власти города Москвы","Соответствует требованиям документов: Требования доверия(6), ТУ","1","АО «ДОКУМЕНТАЛЬНЫЕ СИСТЕМЫ»","ФСТЭК России","ГКУ «Инфогород»","123112, г. Москва, 1-й Красногвардейский проезд, д. 21, стр. 1, (495) 957-0131",""
"4574","2022-09-02","2027-09-02","комплекс программного обеспечения мониторинга и управления информационной безопасностью «Security Vision: Центр интеллектуального мониторинга и управления информационной безопасностью» (версия 5.х.)","Соответствует требованиям документов: Требования доверия(4), ТУ","серия","АО Центр «Атомзащитаинформ»","ФАУ «ГНИИИ ПТЗИ ФСТЭК России»","ООО «Интеллектуальная безопасность»","115035, г. Москва, вн.тер.г. муниципальный округ Замоскворечье, ул. Садовническая, д. 57, стр. 2, эт. 1, пом. III",""
"4575","2022-08-19","2027-08-19","программный комплекс «Соболь». Версия 4","Соответствует требованиям документов: Требования доверия(2), Требования к СДЗ, Профиль защиты СДЗ(базовой системы ввода-вывода второго класса защиты. ИТ.СДЗ.УБ2.ПЗ), ЗБ","серия","ООО НТЦ «Фобос-НТ»","ФАУ «ГНИИИ ПТЗИ ФСТЭК России»","ООО «Код Безопасности»","129515, г. Москва, вн.тер.г. Муниципальный округ Останкинский, ул. Академика Королева, д. 13, стр. 1, пом. 13/8, (495) 982-3020",""
"4576","2022-08-22","2027-08-22","программное изделие «Сервис идентификации и аутентификации «Альфа-ID»","Соответствует требованиям документов: Требования доверия(4), ТУ","серия","ООО НТЦ «Фобос-НТ»","ФАУ «ГНИИИ ПТЗИ ФСТЭК России»","ООО «НПЦ «КСБ»","428000, Чувашская Республика-Чувашия, г. Чебоксары, пр. Максима Горького, д 18Б, пом. 6, (800) 500-5233",""
"4577","2022-08-29","2027-08-29","средство вычислительной техники в защищенном исполнении Моноблок «Аквариус-Бастион Тип 1»","Соответствует требованиям документов: Требования ТЗИ, ТУ","серия","ООО «ЦБИ»","ФАУ «ГНИИИ ПТЗИ ФСТЭК России»","ООО «ПК Аквариус»","108811, г. Москва,вн.тер.г. муниципальный округ Солнцево, Киевское ш., 22-й км, двлд 6, стр. 1, (495) 729-51-50, доб. 6717",""
"4578","2022-09-07","Бессрочно","прикладное программное обеспечение «Информационная система «Электронный список избирателей города Москвы»","Соответствует требованиям документов: Требования доверия(4), ТУ","1","АО «ДОКУМЕНТАЛЬНЫЕ СИСТЕМЫ»","ФСТЭК России","Московская городская избирательная комиссия","125009, г. Москва, ул. Моховая, д. 11, стр. 8,",""
"4579","2022-09-14","2027-09-14","программное обеспечение «ПАРУС-Бюджет 8»","Соответствует требованиям документов: Требования доверия(6), ТУ","серия","ООО «КБ-Лаб»","ФАУ «ГНИИИ ПТЗИ ФСТЭК России»","АО «НИЦ»","117246, г. Москва, Научный проезд, д. 6, эт. 1, пом. 1, ком. 32, (495) 204-2086",""
"4580","2022-09-23","2027-09-23","серверная доверенная виртуальная среда функционирования программных средств Numa vServer","Соответствует требованиям документов: Требования доверия(4), Требования к средствам виртуализации(4)","серия","ООО НТЦ «Фобос-НТ»","ФАУ «ГНИИИ ПТЗИ ФСТЭК России»","ООО «НумаТех»","196084, г. Санкт-Петербург, ул. Цветочная, д. 18, лит. А, офис 424, (812) 309-0601","2037-12-31"
"4582","2022-09-08","2027-09-08","программно-аппаратный комплекс аутентификации и хранения информации «Рутокен» версии 5","Соответствует требованиям документов: Требования доверия(4), ТУ","серия","АО «НПО «Эшелон»","АО «Лаборатория ППШ»","АО «Актив-софт»","115088, г. Москва, ул. Шарикоподшипниковская, д. 1, этаж 4, пом. IX, комн. 11, (495) 925-7790","2032-09-08"
"4583","2022-09-09","Бессрочно","прикладное программное обеспечение «Программный комплекс мобильное приложение Честный Знак»","Соответствует требованиям документов: Требования доверия(4)","10","АО «ДОКУМЕНТАЛЬНЫЕ СИСТЕМЫ»","ФАУ «ГНИИИ ПТЗИ ФСТЭК России»","ООО «Оператор-ЦРПТ»","123022, г. Москва, ул. Рочдельская, д. 15, стр. 16А, Бизнес-парк «Трехгорная Мануфактура», (499) 350-8559",""
"4585","2022-09-15","Бессрочно","модуль защиты информации прикладного программного обеспечения (МЗИ ППО)","Соответствует требованиям документов: Требования доверия(5), ТУ","100","ООО «НТЦ «ИРБИС»","ФСТЭК России","Минцифры России","123112, г. Москва, Пресненская наб., д. 10, стр. 2, (495) 771-8000",""
"4586","2022-09-16","2027-09-16","межсетевой экран HUAWEI серии USG12000 (модели: USG12004, USG12008)","Соответствует требованиям документов: Требования доверия(6), Требования к МЭ, Профиль защиты МЭ(А шестого класса защиты. ИТ.МЭ.А6.ПЗ), Профиль защиты МЭ(Б шестого класса защиты. ИТ.МЭ.Б6.ПЗ)","серия","ООО «НТЦ «ИРБИС»","АО «Лаборатория ППШ»","ООО «Техкомпания Хуавэй»","121614, г. Москва, ул. Крылатская, д. 17, корп. 2. Бизнес-парк «Крылатские Холмы», (495) 234-0686",""
"4587","2022-09-16","2027-09-16","межсетевой экран HUAWEI серии USG6000E (модели: USG6610E, USG6620E, USG6630E, USG6650E, USG6680E, USG6712E, USG6716E)","Соответствует требованиям документов: Требования доверия(6), Требования к МЭ, Профиль защиты МЭ(А шестого класса защиты. ИТ.МЭ.А6.ПЗ), Профиль защиты МЭ(Б шестого класса защиты. ИТ.МЭ.Б6.ПЗ)","серия","ООО «НТЦ «ИРБИС»","АО «Лаборатория ППШ»","ООО «Техкомпания Хуавэй»","121614, г. Москва, ул. Крылатская, д. 17, корп. 2. Бизнес-парк «Крылатские Холмы», (495) 234-0686",""
"4588","2022-09-16","2027-09-16","межсетевой экран HUAWEI серии USG6000F (модели: USG6615F, USG6625F, USG6635F, USG6655F)","Соответствует требованиям документов: Требования доверия(6), Требования к МЭ, Профиль защиты МЭ(А шестого класса защиты. ИТ.МЭ.А6.ПЗ), Профиль защиты МЭ(Б шестого класса защиты. ИТ.МЭ.Б6.ПЗ)","серия","ООО «НТЦ «ИРБИС»","АО «Лаборатория ППШ»","ООО «Техкомпания Хуавэй»","121614, г. Москва, ул. Крылатская, д. 17, корп. 2. Бизнес-парк «Крылатские Холмы», (495) 234-0686",""
"4589","2022-09-16","Бессрочно","прикладное программное обеспечение автоматизированного рабочего места аналитика принятия решений и управления информационными рисками Аппарата Мэра и Правительства Москвы","Соответствует требованиям документов: Требования доверия(6), ТУ","1","АО «ДОКУМЕНТАЛЬНЫЕ СИСТЕМЫ»","ФСТЭК России","ГКУ «Инфогород»","123112, г. Москва, 1-й Красногвардейский проезд, д. 21, стр. 1, (495) 957-0131",""
"4590","2022-09-16","Бессрочно","прикладное программное обеспечение подсистемы мониторинга конфликтов системы принятия решений и управления информационными рисками Аппарата Мэра и Правительства Москвы","Соответствует требованиям документов: Требования доверия(6), ТУ","1","АО «ДОКУМЕНТАЛЬНЫЕ СИСТЕМЫ»","ФСТЭК России","ГКУ «Инфогород»","123112, г. Москва, 1-й Красногвардейский проезд, д. 21, стр. 1, (495) 957-0131",""
"4591","2022-09-19","Бессрочно","прикладное программное обеспечение платформы конкурса грантов","Соответствует требованиям документов: Требования доверия(6), ТУ","1","АО «ДОКУМЕНТАЛЬНЫЕ СИСТЕМЫ»","ФСТЭК России","ГКУ «Инфогород»","123112, г. Москва, 1-й Красногвардейский проезд, д. 21, стр. 1, (495) 957-0131",""
"4592","2022-09-19","Бессрочно","прикладное программное обеспечение подсистемы мониторинга и передачи данных о публикациях системы принятия решений и управления информационными рисками Аппарата Мэра и Правительства Москвы","Соответствует требованиям документов: Требования доверия(6), ТУ","1","АО «ДОКУМЕНТАЛЬНЫЕ СИСТЕМЫ»","ФСТЭК России","ГКУ «Инфогород»","123112, г. Москва, 1-й Красногвардейский проезд, д. 21, стр. 1, (495) 957-0131",""
"4593","2022-09-19","Бессрочно","прикладное программное обеспечение «Портал «Душевная Москва»","Соответствует требованиям документов: Требования доверия(6), ТУ","1","АО «ДОКУМЕНТАЛЬНЫЕ СИСТЕМЫ»","ФСТЭК России","ГКУ «Инфогород»","123112, г. Москва, 1-й Красногвардейский проезд, д. 21, стр. 1, (495) 957-0131",""
"4594","2022-09-19","2027-09-19","ПЭВМ «Аквариус-Бастион Тип 1»","Соответствует требованиям документов: Требования ТЗИ, ТУ","серия","ООО «ЦБИ»","АО «Лаборатория ППШ»","ООО «ПК Аквариус»","108811, г. Москва,вн.тер.г. муниципальный округ Солнцево, Киевское ш., 22-й км, двлд 6, стр. 1, (495) 729-51-50, доб. 6717",""
"4596","2022-11-18","2027-11-18","программное обеспечение «Платформа мониторинга событий безопасности Alertix»","Соответствует требованиям документов: Требования доверия(4), ТУ","серия","АНО «Институт инженерной физики»","АО «НПО «Эшелон»","ООО «ЭнДжиАр Софтлаб»","121596, г. Москва, ул. Горбунова, д. 2, стр. 3, этаж 2, пом. 1, (495) 269-2959",""
"4597","2022-10-14","2027-10-14","программное изделие «Kaspersky Endpoint Detection and Response»","Соответствует требованиям документов: Требования доверия(4), Требования к САВЗ, Профиль защиты САВЗ(Б четвертого класса защиты. ИТ.САВЗ.Б4.ПЗ), Профиль защиты САВЗ(В четвертого класса защиты. ИТ.САВЗ.В4.ПЗ), Требования к СКН, Профиль защиты СКН(контроля подключения съемных машинных носителей информации четвертого класса защиты. ИТ.СКН.П4.ПЗ), Требования к СОВ, Профили защиты СОВ(узла четвертого класса защиты. ИТ.СОВ.У4.ПЗ), ЗБ","серия","ООО НТЦ «Фобос-НТ»","ФАУ «ГНИИИ ПТЗИ ФСТЭК России»","АО «Лаборатория Касперского»","125212, г. Москва, Ленинградское шоссе, д. 39А, стр. 2, (495) 797-8700","2027-10-14"
"4598","2022-09-29","Бессрочно","прикладное программное обеспечение подсистемы анализа и обработки событий системы принятия решений и управления информационными рисками Аппарата Мэра и Правительства Москвы","Соответствует требованиям документов: Требования доверия(6), ТУ","1","АО «ДОКУМЕНТАЛЬНЫЕ СИСТЕМЫ»","ФСТЭК России","ГКУ «Инфогород»","123112, г. Москва, 1-й Красногвардейский проезд, д. 21, стр. 1, (495) 957-0131",""
"4599","2022-09-29","Бессрочно","прикладное программное обеспечение информационной системы Пресс-службы Мэра и Правительства Москвы","Соответствует требованиям документов: Требования доверия(6), ТУ","1","АО «ДОКУМЕНТАЛЬНЫЕ СИСТЕМЫ»","ФСТЭК России","ГКУ «Инфогород»","123112, г. Москва, 1-й Красногвардейский проезд, д. 21, стр. 1, (495) 957-0131",""
"4600","2022-09-29","Бессрочно","прикладное программное обеспечение комплексной информационно-аналитической системы оперативного управления Мэра Москвы","Соответствует требованиям документов: Требования доверия(6), ТУ","1","АО «ДОКУМЕНТАЛЬНЫЕ СИСТЕМЫ»","ФСТЭК России","ГКУ «Инфогород»","123112, г. Москва, 1-й Красногвардейский проезд, д. 21, стр. 1, (495) 957-0131",""
"4601","2022-10-04","2027-10-04","программный модуль расчёта «Каскад-Дельта» (643.МСШЕ.00158-01)","Соответствует требованиям документов: ТУ, Методика ВЧО","серия","ООО «ЦБИ»","ФАУ «ГНИИИ ПТЗИ ФСТЭК России»","ООО «ЦБИ «МАСКОМ»","129090, г. Москва, вн.рер.г. муниципальный округ Красносельский, пер. Живарев, д. 8, стр. 3, помещ. 1/5, (495) 136-4010","2037-10-04"
"4602","2022-10-04","2027-10-04","Генератор шума «ЛГШ-408»","Соответствует требованиям документов: ТУ, Требования к СВАЗ-2023(АВ2)","серия","АО «Лаборатория ППШ»","ООО «ЦБИ»","ООО «Ленспецпроизводство»","199178, г. Санкт-Петербург, наб. реки Смоленки, д. 25, лит. Е, оф. 134, (812) 309-6170",""
"4603","2022-10-11","2027-10-11","Специальное программное обеспечение закрытого контура Государственной автоматизированной системы правовой статистики","Соответствует требованиям документов: Требования доверия(2)","серия","ООО «ЦБИ»","ФАУ «ГНИИИ ПТЗИ ФСТЭК России»","Генеральная прокуратура Российской Федерации","125993, г. Москва, ул. Большая Дмитровка, д. 15, (495) 627-0212",""
"4604","2022-10-25","2027-10-25","программное изделие «Система статического и динамического анализа для выявления вредоносных объектов Positive Technologies Sandbox»","Соответствует требованиям документов: Требования доверия(4), Требования к САВЗ, Профиль защиты САВЗ(А четвертого класса защиты. ИТ.САВЗ.А4.ПЗ), Профиль защиты САВЗ(Б четвертого класса защиты. ИТ.САВЗ.Б4.ПЗ), ТУ","серия","АО Центр «Атомзащитаинформ»","ФАУ «ГНИИИ ПТЗИ ФСТЭК России»","АО «Позитив Текнолоджиз»","107061, г. Москва, вн.тер.г. муниципальный округ Преображенское, Преображенская пл., д. 8, помещ. 60, (495) 744-0144","2029-05-01"
"4604/1","2022-10-25","2027-10-25","программное изделие «Система статического и динамического анализа для выявления вредоносных объектов Positive Technologies Sandbox»","Соответствует требованиям документов: Требования доверия(4), ТУ","серия","АО Центр «Атомзащитаинформ»","ФАУ «ГНИИИ ПТЗИ ФСТЭК России»","ООО «Прорывные технологии»","107113, г. Москва, ул. Маленковская, д. 14, к. 3, помещ. 4, этаж 1, ком. 1, офис 205, (495) 149-5817",""
"4606","2022-10-12","2027-10-12","система полного жизненного цикла изделий «Цифровое предприятие». Программный модуль «Система управления базами данных «Синергия-БД»","Соответствует требованиям документов: Требования доверия(2), Требования к СУБД(2)","серия","ООО НТЦ «Фобос-НТ»","ФСТЭК России","ФГУП «РФЯЦ-ВНИИЭФ»","607188, Нижегородская обл., г. Саров, пр-т Мира, д. 37, (831) 302-9644, (831) 302-9624",""
"4607","2022-10-12","2027-10-12","система полного жизненного цикла изделий «Цифровое предприятие». Программный модуль «Технологическая платформа» (стек С++)","Соответствует требованиям документов: Требования доверия(2), ТУ","серия","ООО НТЦ «Фобос-НТ»","ФСТЭК России","ФГУП «РФЯЦ-ВНИИЭФ»","607188, Нижегородская обл., г. Саров, пр-т Мира, д. 37, (831) 302-9644, (831) 302-9624",""
"4608","2022-10-21","Бессрочно","прикладное программное обеспечение защиты от несанкционированного доступа Единой автоматизированной информационной системы торгов города Москвы","Соответствует требованиям документов: Требования доверия(6), ТУ","100","АО «НПО «Эшелон»","ФСТЭК России","ГКУ «Инфогород»","123112, г. Москва, 1-й Красногвардейский проезд, д. 21, стр. 1, (495) 957-0131",""
"4609","2022-10-31","Бессрочно","программное обеспечение информационной системы «Электронный документооборот «ИС ЭДО»","Соответствует требованиям документов: Требования доверия(4), ТУ","1","АО Центр «Атомзащитаинформ»","ФАУ «ГНИИИ ПТЗИ ФСТЭК России»","ФГУП «РФЯЦ – ВНИИТФ им. академ. Е.И. Забабахина»","456770, Челябинская обл., г. Снежинск, ул. Васильева, д. 13, (35146) 5-51-20",""
"4610","2022-10-31","2027-10-31","программное изделие Система управления средой виртуализации «ROSA Virtualization» (версия 2.1)","Соответствует требованиям документов: Требования доверия(4), Требования к средствам виртуализации(4)","серия","ООО «ЦБИ»","ЗАО «НПП «БИТ»","АО «НТЦ ИТ РОСА»","124498, г. Москва, г. Зеленоград, пл. Шокина, д. 2, стр. 3, (499) 720-83-14","2032-12-31"
"4612","2022-10-31","Бессрочно","прикладное программное обеспечение «Программный комплекс мониторинга за оборотом товаров, подлежащих обязательной маркировке средствами идентификации»","Соответствует требованиям документов: Требования доверия(4), ТУ","10","АО «ДОКУМЕНТАЛЬНЫЕ СИСТЕМЫ»","ФАУ «ГНИИИ ПТЗИ ФСТЭК России»","ООО «Оператор-ЦРПТ»","123022, г. Москва, ул. Рочдельская, д. 15, стр. 16А, Бизнес-парк «Трехгорная Мануфактура», (499) 350-8559",""
"4613","2022-10-31","2027-10-31","программный комплекс «Гарда NDR»","Соответствует требованиям документов: Требования доверия(4), Требования к СОВ, Профили защиты СОВ(cети четвертого класса защиты. ИТ.СОВ.С4.ПЗ)","серия","ООО НТЦ «Фобос-НТ»","ФАУ «ГНИИИ ПТЗИ ФСТЭК России»","ООО «Гарда Технологии»","603057, г. Нижний Новгород, пр. Гагарина, д. 50, корп. 9, (831) 422-1221",""
"4614","2022-11-02","2027-11-02","программный комплекс «Платформа анализа информации об угрозах R-Vision TIP»","Соответствует требованиям документов: Требования доверия(4), ТУ","серия","ООО НТЦ «Фобос-НТ»","ФАУ «ГНИИИ ПТЗИ ФСТЭК России»","ООО «Р-Вижн»","109544, Москва, бульвар Энтузиастов, д. 2, этаж 23, комната 50, (499) 322 80-40",""
"4615","2022-11-03","2027-11-03","программное изделие Система безопасного обмена файлами «Secret Cloud Enterprise»","Соответствует требованиям документов: Требования доверия(4), ТУ","серия","ООО НТЦ «Фобос-НТ»","ФАУ «ГНИИИ ПТЗИ ФСТЭК России»","ООО «Сикрет Технолоджис»","105187, г. Москва, ул. Щербаковская, д. 53, корпус 3, этаж 1, ком. 113, (495) 109-2950",""
"4616","2022-11-08","2027-11-08","Программный комлпекс моделирования и анализа локальных зон разведдоступности для средств радио- и радиотехнической разведок «Пазл-РТ»","Соответствует требованиям документов: ТУ, НМД Методики ПД Р РТ-2013","1","ФАУ «ГНИИИ ПТЗИ ФСТЭК России»","ФСТЭК России","АО «Информационные спутниковые системы» имени академика М.Ф. Решетнева»","662972, Красноярский край, г. Железногорск, ул. Ленина, д. 52, (3919) 76-40-02, 72-24-39",""
"4617","2022-11-16","2027-11-16","Техническое средство обеспечения безопасности информации, циркулирующей в выделенном помещении, при реализации доступа к сети IP-телефонии «ТА Дозвон»","Соответствует требованиям документов: ТУ, Требования к ВТСС","серия","АНО «Институт инженерной физики»","АО «БИТК»","ООО «ЦБИ»","141090, Московская область, г. Королев, микрорайон Юбилейный, ул. Ленинская, д. 11, (495) 543-3060","2030-12-31"
"4618","2022-12-07","2027-12-07","программный комплекс по защите системно-технической инфраструктуры «Efros Defence Operations»","Соответствует требованиям документов: Требования доверия(4), ТУ","серия","ООО НТЦ «Фобос-НТ»","ФАУ «ГНИИИ ПТЗИ ФСТЭК России»","ООО «Газинформсервис»","198096, г. Санкт-Петербург, ул. Кронштадтская, д. 10, лит. А, (812) 677-2050",""
"4619","2022-11-28","Бессрочно","программное средство «Модуль защиты информации»","Соответствует требованиям документов: Требования доверия(4), ТУ","1","ООО «ЦБИ»","ФАУ «ГНИИИ ПТЗИ ФСТЭК России»","ФКУ «Росдормониторинг»","127254, г. Москва, ул. Добролюбова, д. 3, стр. 1, (499)604-4970",""
"4620","2022-12-07","2027-12-07","общесистемное программное обеспечение «Веста-В»","Соответствует требованиям документов: Требования доверия(2)","серия","АО «НПО «Эшелон»","ФАУ «ГНИИИ ПТЗИ ФСТЭК России»","АО «НПП «Рубин»","440015, Пензенская обл., Пенза, ул. Байдукова, д. 2, (8412) 49-6104",""
"4621","2022-12-08","Бессрочно","программное обеспечениие «Компонента единой технологической платформы»","Соответствует требованиям документов: Требования доверия(6), ТУ","1","ООО «НТЦ «ИРБИС»","ФСТЭК России","ГКУ «Инфогород»","123112, г. Москва, 1-й Красногвардейский проезд, д. 21, стр. 1, (495) 957-0131",""
"4622","2022-12-08","Бессрочно","программное обеспечение «Автоматизированная система управления регистрами»","Соответствует требованиям документов: Требования доверия(6), ТУ","1","ООО «НТЦ «ИРБИС»","ФСТЭК России","ГКУ «Инфогород»","123112, г. Москва, 1-й Красногвардейский проезд, д. 21, стр. 1, (495) 957-0131",""
"4623","2022-12-08","Бессрочно","программное обеспечение «Централизованное хранилище электронных документов, подписанных электронной подписью, версия 2»","Соответствует требованиям документов: Требования доверия(6), ТУ","1","ООО «НТЦ «ИРБИС»","ФСТЭК России","ГКУ «Инфогород»","123112, г. Москва, 1-й Красногвардейский проезд, д. 21, стр. 1, (495) 957-0131",""
"4624","2022-12-08","Бессрочно","программное обеспечение «Информационная система мониторинга и анализа предоставления государственных услуг и исполнения государственных функций, версия 2»","Соответствует требованиям документов: Требования доверия(6), ТУ","1","ООО «НТЦ «ИРБИС»","ФСТЭК России","ГКУ «Инфогород»","123112, г. Москва, 1-й Красногвардейский проезд, д. 21, стр. 1, (495) 957-0131",""
"4626","2022-12-13","Бессрочно","сервис по формированию, ведению и использованию централизованных оперативно-справочных, криминалистических и розыскных учетов органов внутренних дел Российской Федерации при предоставлении государственных услуг, в том числе в электронной форме","Соответствует требованиям документов: Требования доверия(4), ТУ","10","АО «НПО «Эшелон»","ФСТЭК России","МВД России","119049, г. Москва, ул. Житная, д. 16, (495) 667-5206",""
"4627","2022-12-13","Бессрочно","модернизированный аппаратно-программный комплекс «Официальный интернет-сайт МВД России»","Соответствует требованиям документов: Требования доверия(4), ТУ","2","АО «НПО «Эшелон»","ФСТЭК России","МВД России","119049, г. Москва, ул. Житная, д. 16, (495) 667-5206",""
"4628","2022-12-13","2027-12-13","система управления идентификацией и доступом «ATOM ID»","Соответствует требованиям документов: Требования доверия(6), ТУ","серия","АО Центр «Атомзащитаинформ»","ФАУ «ГНИИИ ПТЗИ ФСТЭК России»","АО «Гринатом»","119017, г. Москва, ул. Большая Ордынка, д. 24, (499) 949-4919",""
"4629","2022-12-15","2027-12-15","прикладное программное обеспечение «Platform V Kubernetes»","Соответствует требованиям документов: Требования доверия(4), ТУ","серия","ООО «КБ-Лаб»","ООО «ЦБИ»","ООО «Облачные технологии»","117312, г. Москва, ул. Вавилова, д. 23, стр. 1, ком. 1.207",""
"4630","2022-12-15","Бессрочно","программное обеспечение «Типовое облачное решение системы электронного документооборота»","Соответствует требованиям документов: Требования доверия(5), ТУ","10","ООО «КБ-Лаб»","ООО «ЦБИ»","ФГАУ НИИ «Восход»","119607, г. Москва, ул. Удальцова, д. 85, (495) 981-8899",""
"4631","2022-12-15","2027-12-15","дистрибутив общесистемного программного обеспечения для супер-ЭВМ на базе отечественных компонентов","Соответствует требованиям документов: Требования доверия(2), Требования к ОС, Профиль защиты ОС(А второго класса защиты. ИТ.ОС.А2.ПЗ)","50","АО Центр «Атомзащитаинформ»","ФАУ «ГНИИИ ПТЗИ ФСТЭК России»","ФГУП «РФЯЦ-ВНИИЭФ»","607188, Нижегородская обл., г. Саров, пр-т Мира, д. 37, (831) 302-9644, (831) 302-9624",""
"4632","2022-12-15","2027-12-15","межсетевой экран «BI.ZONE WAF»","Соответствует требованиям документов: Требования доверия(4), Требования к МЭ, Профиль защиты МЭ(Г четвертого класса защиты. ИТ.МЭ.Г4.ПЗ)","серия","ООО НТЦ «Фобос-НТ»","ФАУ «ГНИИИ ПТЗИ ФСТЭК России»","ООО «БИЗон»","105066, г. Москва, ул. Ольховская, д. 4, корп. 2, оф. 515",""
"4633","2022-12-27","2027-12-27","программный комплекс Solar inRights версии 3","Соответствует требованиям документов: Требования доверия(4), ТУ","серия","АО «НПО «Эшелон»","АО «Лаборатория ППШ»","АО «СОЛАР СЕКЬЮРИТИ»","127015, г. Москва, ул. Вятская, д. 35, стр. 4, этаж 4, помещение № 7, комнаты 12, 20-23, 25-34, 48-54, 65, (499) 755-0770",""
"4634","2023-02-21","2028-02-21","Средство защиты информации от утечки по слаботочным линиям связи «Соната-ВК5.1»","Соответствует требованиям документов: ТУ","серия","ФАУ «ГНИИИ ПТЗИ ФСТЭК России»","ООО «ЦБИ»","ООО «Анна»","111141, г. Москва, ул. Плеханова, д. 15А, стр. 5, (495) 232-60-63",""
"4635","2022-12-20","Бессрочно","программное обеспечение «Автоматизированная информационная система государственного бюджетного учреждения «Многофункциональные центры предоставления государственных услуг»","Соответствует требованиям документов: Требования доверия(6), ТУ","1","АО «ДОКУМЕНТАЛЬНЫЕ СИСТЕМЫ»","ФСТЭК России","ГКУ «Инфогород»","123112, г. Москва, 1-й Красногвардейский проезд, д. 21, стр. 1, (495) 957-0131",""
"4636","2022-12-20","Бессрочно","программное обеспечение «Информационная система «Агрегатор городских заданий»","Соответствует требованиям документов: Требования доверия(6), ТУ","1","АО «ДОКУМЕНТАЛЬНЫЕ СИСТЕМЫ»","ФСТЭК России","Департамент информационных технологий города Москвы","123112, г. Москва, Красногвардейский 1-й проезд, д. 21, стр. 1, (495) 957-0131",""
"4637","2023-01-13","Бессрочно","программно-техническое обеспечение ведения государственного реестра объектов, оказывающих негативное воздействие на окружающую среду","Соответствует требованиям документов: Требования доверия(5), ТУ","1","АО «НПО «Эшелон»","ФСТЭК России","Росприроднадзор","123995, г. Москва, ул. большая Грузинская, д. 4/6 корпус А, (499) 254-5072",""
"4638","2022-12-28","2027-12-28","программный комплекс «Гарда DLP»","Соответствует требованиям документов: Требования доверия(4), Требования к СКН, Профиль защиты СКН(контроля подключения съемных машинных носителей информации четвертого класса защиты. ИТ.СКН.П4.ПЗ), ЗБ","серия","ООО НТЦ «Фобос-НТ»","ФАУ «ГНИИИ ПТЗИ ФСТЭК России»","ООО «Гарда Технологии»","603057, г. Нижний Новгород, пр. Гагарина, д. 50, корп. 9, (831) 422-1221",""
"4639","2022-12-28","Бессрочно","специальное программное обеспечение «СОМПП»","Соответствует требованиям документов: Требования доверия(4), ТУ","1","ООО НТЦ «Фобос-НТ»","ФСТЭК России","ФКУ НПО «СТиС» МВД России","111024, Москва, ул. Пруд Ключики, д. 2",""
"4640","2022-12-28","Бессрочно","специальное программное обеспечение «Сервис обеспечения деятельности подразделений собственной безопасности в области учета совершенных сотрудниками, федеральными государственными гражданскими служащими и работниками системы МВД России преступлений»","Соответствует требованиям документов: Требования доверия(4), ТУ","1","ООО НТЦ «Фобос-НТ»","ФСТЭК России","ФКУ НПО «СТиС» МВД России","111024, Москва, ул. Пруд Ключики, д. 2",""
"4641","2022-12-29","Бессрочно","программное обеспечение «Атом.Контент»","Соответствует требованиям документов: Требования доверия(4), ТУ","40","АО «НПО «Эшелон»","АО Центр «Атомзащитаинформ»","АО «Атомэнергопром»","119017, г. Москва, ул. Большая Ордынка, д. 24",""
"4642","2023-01-18","Бессрочно","специальное программное обеспечение «Единая информационная система управления кадровым составом государственной гражданской службы Российской Федерации»","Соответствует требованиям документов: Требования доверия(4), ТУ","1","АО Центр «Атомзащитаинформ»","ФАУ «ГНИИИ ПТЗИ ФСТЭК России»","Минцифры России","123112, г. Москва, Пресненская наб., д. 10, стр. 2, (495) 771-8000",""
"4643","2023-01-25","Бессрочно","прикладное программное обеспечение Информационной аналитической системы органа исполнительной власти города Москвы в сфере государственного регулирования тарифов","Соответствует требованиям документов: Требования доверия(6), ТУ","1","АО «ДОКУМЕНТАЛЬНЫЕ СИСТЕМЫ»","ФСТЭК России","ГКУ «Инфогород»","123112, г. Москва, 1-й Красногвардейский проезд, д. 21, стр. 1, (495) 957-0131",""
"4644","2023-01-31","2028-01-31","Фильтр помехоподавляющий сетевой «Фаза-Р 1-10»","Соответствует требованиям документов: Требования к ПСЗ ПЭМИН-2015, ТУ","серия","АО «БИТК»","ФАУ «ГНИИИ ПТЗИ ФСТЭК России»","ЗАО НПЦ Фирма «НЕЛК»","109377, г. Москва, ул. 1-я Новокузьминская, дом 8/2, (495) 921-3374",""
"4645","2023-01-24","2028-01-24","аналитическая платформа интеллектуальных бизнес-приложений (Форсайт. Аналитическая платформа)","Соответствует требованиям документов: Требования доверия(4), РД СВТ(5), ТУ","серия","ООО «Газинформсервис»","АО «Лаборатория ППШ»","ООО «ФОРСАЙТ»","115114, г. Москва, 1-й Дербеневский переулок, д. 5, офис 205, пом. III, ком. 30",""
"4646","2023-01-27","2028-01-27","автоматизированная информационная система Диспетчер (АИС Диспетчер)","Соответствует требованиям документов: Требования доверия(4), ТУ","серия","АО «НПО «Эшелон»","ФАУ «ГНИИИ ПТЗИ ФСТЭК России»","ООО «Твинс технологии»","214014, г. Смоленск, ул. Исаковского, д. 28, оф. 3, 8(4812) 24-41-02",""
"4647","2023-02-01","2028-02-01","устройство сопряжения с шиной процесса цифровой подстанции (УСШ)","Соответствует требованиям документов: Требования доверия(4), ТУ","серия","ООО НТЦ «Фобос-НТ»","ФАУ «ГНИИИ ПТЗИ ФСТЭК России»","АО «РАСУ»","115230, г. Москва, Каширское шоссе, д. 3, корп. 2, стр. 16, 8 (495) 933-43-40",""
"4648","2023-02-06","2028-02-06","программное обеспечение «Корпоративная система электронной почты и планирования совместной работы команд «Mailion»","Соответствует требованиям документов: Требования доверия(4), ТУ","серия","АО Центр «Атомзащитаинформ»","ФАУ «ГНИИИ ПТЗИ ФСТЭК России»","ООО «НОВЫЕ ОБЛАЧНЫЕ ТЕХНОЛОГИИ»","420500, Республика Татарстан, г. Иннополис, ул. Университетская, д. 7, офис 302, (495) 134-0032","2029-02-06"
"4649","2023-02-07","2028-02-07","программное обеспечение «Delta BMC»","Соответствует требованиям документов: Требования доверия(4), ТУ","серия","АО Центр «Атомзащитаинформ»","ФАУ «ГНИИИ ПТЗИ ФСТЭК России»","ООО «Дельта Солюшнс»","140002, Московская область, г.о. Люберцы, г. Люберцы, ул. Колхозная, д. 8А, этаж 2, помещ. 20",""
"4650","2023-02-07","2028-02-07","программное обеспечение «Базис.Storage Security»","Соответствует требованиям документов: Требования доверия(4), ТУ","серия","ООО «КБ-Лаб»","ФАУ «ГНИИИ ПТЗИ ФСТЭК России»","ООО «БАЗИС»","109316, г. Москва, вн. тер. г. Муниципальный округ Текстильщики, проезд Остаповский, дом 22, стр. 16, этаж 2, ком. 52",""
"4651","2023-02-08","2028-02-08","программное изделие T-FLEX DOCs","Соответствует требованиям документов: Требования доверия(4), ТУ","серия","АО Центр «Атомзащитаинформ»","ФАУ «ГНИИИ ПТЗИ ФСТЭК России»","ЗАО «Топ Системы»","115191, г. Москва, пер. Гамсоновский, д. 2, стр. 3, оф. 50, (499) 978-8528",""
"4652","2023-02-15","2028-02-13","интеллектуальный сетевой экран для защиты веб-приложений SolidWall","Соответствует требованиям документов: Требования доверия(4), Требования к МЭ, Профиль защиты МЭ(Г четвертого класса защиты. ИТ.МЭ.Г4.ПЗ)","серия","АО «НПО «Эшелон»","ФАУ «ГНИИИ ПТЗИ ФСТЭК России»","ООО «СолидСофт»","125040, г. Москва, ул. Нижняя, д. 14, строение 1, (499) 705-76-57",""
"4653","2023-03-07","Бессрочно","программный комплекс информационной системы «Формирование ПД». Модуль администрирования»","Соответствует требованиям документов: Требования доверия(2), ТУ","200","АО «Лаборатория ППШ»","ФСТЭК России","ФГКУ ГИВЦ Росрезерва","109012, г. Москва, переулок Б. Черкасский, д. 6/7, (495) 606-1497",""
"4654","2023-02-20","Бессрочно","программное обеспечение «Федеральная государственная информационная система лесного комплекса»","Соответствует требованиям документов: Требования доверия(4), ТУ","2","АО «НПО «Эшелон»","ФСТЭК России","Рослесхоз","115184, г. Москва, ул. Пятницкая, д. 59/19",""
"4655","2023-02-16","2028-02-16","программное обеспечение «МЭ104»","Соответствует требованиям документов: Требования доверия(4), ТУ","серия","АО Центр «Атомзащитаинформ»","ФАУ «ГНИИИ ПТЗИ ФСТЭК России»","ООО «Аватек»","117393, г. Москва, ул. Намёткина, д. 1, корп. 3",""
"4656","2023-02-20","Бессрочно","прикладное программное обеспечение Единой информационной системы в сфере закупок","Соответствует требованиям документов: Требования доверия(4), ТУ","1","АО «НПО «Эшелон»","ФАУ «ГНИИИ ПТЗИ ФСТЭК России»","АО «ЛАНИТ»","129075, г. Москва, вн.тер.г. муниципальный округ Останкинский, Мурманский пр-д, д. 14, к. 1, (495) 967-6657",""
"4657","2023-02-28","2028-02-28","комплект контроля и пресечения утечки информации по виброакустическим и акустическим каналам «Барон-М»","Соответствует требованиям документов: Требования к СВАЗ(2), ТУ","серия","АО «БИТК»","ООО «ЦБИ»","ЗАО НПЦ Фирма «НЕЛК»","109377, г. Москва, ул. 1-я Новокузьминская, дом 8/2, (495) 921-3374",""
"4658","2023-03-03","Бессрочно","прикладное программное обеспечение Автоматизированной информационной системы «Согласование документов»","Соответствует требованиям документов: Требования доверия(6), ТУ","1","АО «ДОКУМЕНТАЛЬНЫЕ СИСТЕМЫ»","ФСТЭК России","ГКУ «Инфогород»","123112, г. Москва, 1-й Красногвардейский проезд, д. 21, стр. 1, (495) 957-0131",""
"4659","2023-03-07","2028-03-07","система полного жизненного цикла изделий «Цифровое предприятие». Программный модуль «Технология тонкого клиента «Синергия-ТК»","Соответствует требованиям документов: Требования доверия(2), ТУ","серия","АО «НПО «Эшелон»","ФСТЭК России","ФГУП «РФЯЦ-ВНИИЭФ»","607188, Нижегородская обл., г. Саров, пр-т Мира, д. 37, (831) 302-9644, (831) 302-9624",""
"4660","2023-03-13","2028-03-13","система полного жизненного цикла изделий «Цифровое предприятие». Программный модуль «Комплекс виртуализации «Синергия-Гипервизор»","Соответствует требованиям документов: Требования доверия(2), ТУ","серия","АО «НПО «Эшелон»","ФСТЭК России","ФГУП «РФЯЦ-ВНИИЭФ»","607188, Нижегородская обл., г. Саров, пр-т Мира, д. 37, (831) 302-9644, (831) 302-9624",""
"4661","2023-03-13","Бессрочно","прикладное программное обеспечение Информационной системы московского электронного документооборота","Соответствует требованиям документов: Требования доверия(4), ТУ","1","АО «ДОКУМЕНТАЛЬНЫЕ СИСТЕМЫ»","ФСТЭК России","ГКУ «Инфогород»","123112, г. Москва, 1-й Красногвардейский проезд, д. 21, стр. 1, (495) 957-0131",""
"4662","2023-03-13","2028-03-13","система полного жизненного цикла изделий «Цифровое предприятие». Программный модуль «Технологическая платформа» (стек Java)","Соответствует требованиям документов: Требования доверия(2), ТУ","серия","АО «НПО «Эшелон»","ФСТЭК России","ФГУП «РФЯЦ-ВНИИЭФ»","607188, Нижегородская обл., г. Саров, пр-т Мира, д. 37, (831) 302-9644, (831) 302-9624",""
"4663","2023-03-14","Бессрочно","программное обеспечение «Подсистема «Личный кабинет юридических лиц МПГУ»","Соответствует требованиям документов: Требования доверия(6), ТУ","1","АО «ДОКУМЕНТАЛЬНЫЕ СИСТЕМЫ»","ФСТЭК России","ГКУ «Инфогород»","123112, г. Москва, 1-й Красногвардейский проезд, д. 21, стр. 1, (495) 957-0131",""
"4664","2023-03-15","2028-03-15","специальное программное обеспечение «Автоматизированное рабочее место межведомственного электронного документооборота для работы с документами для служебного пользования»","Соответствует требованиям документов: Требования доверия(4), ТУ","серия","АО НПП «ЭПБ»","ФСТЭК России","Минцифры России","123112, г. Москва, Пресненская наб., д. 10, стр. 2, (495) 771-8000",""
"4665","2023-03-22","Бессрочно","прикладное программное обеспечение информационной системы «Единая система мониторинга и администрирования телекоммуникационных услуг»","Соответствует требованиям документов: Требования доверия(6), ТУ","1","АО «ДОКУМЕНТАЛЬНЫЕ СИСТЕМЫ»","ФСТЭК России","Департамент информационных технологий города Москвы","123112, г. Москва, Красногвардейский 1-й проезд, д. 21, стр. 1, (495) 957-0131",""
"4666","2023-03-22","2028-03-22","изделие ViPNet EndPoint Protection","Соответствует требованиям документов: Требования доверия(4), Требования к МЭ, Профиль защиты МЭ(В четвертого класса защиты. ИТ.МЭ.В4.ПЗ), Требования к СОВ, Профили защиты СОВ(узла четвертого класса защиты. ИТ.СОВ.У4.ПЗ), ЗБ","серия","АНО «Институт инженерной физики»","ООО «ЦБИ»","АО «ИнфоТеКС»","125167, г. Москва, вн.тер.г. муниципальный округ Хорошевский, ул. Викторенко, д. 9, стр. 1, помещ. 47, (495) 737-6192","2028-03-22"
"4667","2023-04-06","2028-04-06","программный комплекс «Indeed Privileged Access Manager»","Соответствует требованиям документов: Требования доверия(4), ТУ","серия","АО «НПО «Эшелон»","ФАУ «ГНИИИ ПТЗИ ФСТЭК России»","ООО «Индид»","195027, г. Санкт-Петербург, наб. Свердловская, д. 44 литера Д, пом. 313, (495) 640-0609",""
"4668","2023-04-04","2028-04-04","программное изделие «Спектр»","Соответствует требованиям документов: Требования доверия(4), ТУ","серия","ООО НТЦ «Фобос-НТ»","ФАУ «ГНИИИ ПТЗИ ФСТЭК России»","ООО «СайберПик»","119334, г. Москва, 5-й Донской проезд, д. 21Б, стр. 10, эт. 2, пом. I, ком. 33, (495) 135-05-35",""
"4669","2023-04-14","Бессрочно","прикладное программное обеспечение информационной системы Информационное обеспечение реализации туристических продуктов льготного и коммерческого детского отдыха","Соответствует требованиям документов: Требования доверия(6), ТУ","1","АО «ДОКУМЕНТАЛЬНЫЕ СИСТЕМЫ»","ФСТЭК России","ГАУК «МОСГОРТУР»","121099, г. Москва, Смоленский 2-й переулок, дом 1/4, (495) 241-3376",""
"4670","2023-05-03","Бессрочно","единая федеральная государственная информационная система учета отходов от использования товаров (ЕФГИС УОИТ)","Соответствует требованиям документов: Требования доверия(5), ТУ","1","АО «НПО «Эшелон»","ФСТЭК России","Министерство природных ресурсов и экологии Российской Федерации","None",""
"4671","2023-04-18","2028-04-18","программное обеспечение «ГОСПОРТАЛ * АЛЬФА CMS»","Соответствует требованиям документов: Требования доверия(4), ТУ","серия","ООО «КБ-Лаб»","ФАУ «ГНИИИ ПТЗИ ФСТЭК России»","ООО «АЛЬФАКОМ»","105554, г. Москва, ул. Первомайская, д. 76, (495) 212-1673",""
"4672","2023-05-03","2028-05-03","программное изделие «Kaspersky Endpoint Security для Linux» (исполнение ARM)","Соответствует требованиям документов: Требования доверия(2), Требования к САВЗ, Профиль защиты САВЗ(Б второго класса защиты. ИТ.САВЗ.Б2.ПЗ), Профиль защиты САВЗ(В второго класса защиты. ИТ.САВЗ.В2.ПЗ), Профиль защиты САВЗ(Г второго класса защиты. ИТ.САВЗ.Г2.ПЗ), Требования к СКН, Профиль защиты СКН(контроля подключения съемных машинных носителей информации второго класса защиты. ИТ.СКН.П2.ПЗ)","серия","ООО НТЦ «Фобос-НТ»","ФАУ «ГНИИИ ПТЗИ ФСТЭК России»","АО «Лаборатория Касперского»","125212, г. Москва, Ленинградское шоссе, д. 39А, стр. 2, (495) 797-8700","2028-05-03"
"4673","2023-05-10","2028-05-10","ViPNet SafeBoot 3","Соответствует требованиям документов: Требования доверия(2), Требования к СДЗ, Профиль защиты СДЗ(базовой системы ввода-вывода второго класса защиты. ИТ.СДЗ.УБ2.ПЗ)","серия","ООО «ЦБИ»","ФАУ «ГНИИИ ПТЗИ ФСТЭК России»","АО «ИнфоТеКС»","125167, г. Москва, вн.тер.г. муниципальный округ Хорошевский, ул. Викторенко, д. 9, стр. 1, помещ. 47, (495) 737-6192","2028-05-10"
"4674","2023-05-12","2028-05-12","средство активной защиты информации от утечки за счет побочных электромагнитных излучений и наводок «Соната-Р3»","Соответствует требованиям документов: Требования к САЗ ПЭМИН-2014(А), Требования к САЗ ПЭМИН-2014(Б), ТУ","серия","ООО «ЦБИ»","ФАУ «ГНИИИ ПТЗИ ФСТЭК России»","ООО «Анна»","111141, г. Москва, ул. Плеханова, д. 15А, стр. 5, (495) 232-60-63",""
"4676","2023-05-17","2028-05-17","программный комплекс «Yandex.Cloud IPMI-Proxy»","Соответствует требованиям документов: Требования доверия(4), ТУ","серия","ООО «КБ-Лаб»","АО «НПО «Эшелон»","ООО «Яндекс.Облако»","119021, г. Москва, ул. Льва Толстого, д. 16, пом. 528, (985) 990-5854",""
"4677","2023-05-16","2028-05-16","программный комплекс Real-Time Correlation Engine","Соответствует требованиям документов: Требования доверия(4), ТУ","серия","ООО «КБ-Лаб»","ФАУ «ГНИИИ ПТЗИ ФСТЭК России»","ПАО Сбербанк","117997, г. Москва, ул. Вавилова, д. 19",""
"4678","2023-05-26","Бессрочно","программное обеспечение «Система управления доступом к информационным системам и ресурсам города Москвы»","Соответствует требованиям документов: Требования доверия(4), ТУ","2","АО «ДОКУМЕНТАЛЬНЫЕ СИСТЕМЫ»","ФСТЭК России","ГКУ «Инфогород»","123112, г. Москва, 1-й Красногвардейский проезд, д. 21, стр. 1, (495) 957-0131",""
"4679","2023-05-26","2028-05-26","прикладное программное обеспечение «LanDocs»","Соответствует требованиям документов: Требования доверия(6), ТУ","серия","ФГУП «НПП «Гамма»","ООО «ЦБИ»","АО «ЛАНИТ»","129075, г. Москва, вн.тер.г. муниципальный округ Останкинский, Мурманский пр-д, д. 14, к. 1, (495) 967-6657",""
"4680","2023-05-29","2028-05-29","Средство защиты речевой информации от утечки по лазерному и артикуляционному каналам «Кристалл»","Соответствует требованиям документов: ТУ, Требования к СВАЗ-2023(В2)","серия","ООО «НИЦ-СПЕЦТЕСТ»","ФСТЭК России","ФАУ «ГНИИИ ПТЗИ ФСТЭК России»","394030, г. Воронеж, ул. Студенческая, д. 36, (473) 253-2476, (473) 257-9257",""
"4681","2023-06-09","2028-06-09","платформа RT DATABASE","Соответствует требованиям документов: Требования доверия(4), ТУ","серия","АО НПП «ЭПБ»","ФАУ «ГНИИИ ПТЗИ ФСТЭК России»","ООО «РТ-Диасофт»","127018, г. Москва, ул. Полковая, д. 3, стр. 14, комн. 303, 8 925 662 39 00",""
"4683","2023-06-09","Действие сертификата соответствия приостановлено 8 мая 2026 г.","модуль доступа к информационным ресурсам МВД России для ОС «Аврора»","Соответствует требованиям документов: Требования доверия(4), ТУ","серия","ООО «НТЦ «ИРБИС»","АО «Лаборатория ППШ»","ПАО «Ростелеком»","191002, г. Санкт-Петербург, Синопская набережная, д. 14, лит. А, (499) 999-8022",""
"4684","2023-06-19","2028-06-19","средство доверенной загрузки Аврора","Соответствует требованиям документов: Требования доверия(4), Требования к СДЗ, Профиль защиты СДЗ(базовой системы ввода-вывода четвертого класса защиты. ИТ.СДЗ.УБ4.ПЗ)","серия","ПФ АО «НТЦ «Атлас»","ФАУ «ГНИИИ ПТЗИ ФСТЭК России»","ООО «Открытая мобильная платформа»","420500, Республика Татарстан, Верхнеуслонский район, г. Иннополис, ул. Университетская, д. 7, офис 59, (495) 269-0979",""
"4685","2023-06-27","Бессрочно","прикладное программное обеспечение Автоматизированной информационной системы «Узнай Москву»","Соответствует требованиям документов: Требования доверия(6), ТУ","1","АО «ДОКУМЕНТАЛЬНЫЕ СИСТЕМЫ»","ФСТЭК России","ГКУ «Инфогород»","123112, г. Москва, 1-й Красногвардейский проезд, д. 21, стр. 1, (495) 957-0131",""
"4686","2023-06-27","Бессрочно","прикладное программное обеспечение модуля администрирования подсистемы мониторинга чистоты города","Соответствует требованиям документов: Требования доверия(6), ТУ","1","АО «ДОКУМЕНТАЛЬНЫЕ СИСТЕМЫ»","ФСТЭК России","ГКУ «Инфогород»","123112, г. Москва, 1-й Красногвардейский проезд, д. 21, стр. 1, (495) 957-0131",""
"4687","2023-07-04","Бессрочно","прикладное программное обеспечение автоматизированных рабочих мест Префектур города Москвы","Соответствует требованиям документов: Требования доверия(6), ТУ","1","АО «ДОКУМЕНТАЛЬНЫЕ СИСТЕМЫ»","ФСТЭК России","ГКУ «Инфогород»","123112, г. Москва, 1-й Красногвардейский проезд, д. 21, стр. 1, (495) 957-0131",""
"4688","2023-07-04","Бессрочно","прикладное программное обеспечение модуля визуализации данных подсистемы мониторинга чистоты города","Соответствует требованиям документов: Требования доверия(6), ТУ","1","АО «ДОКУМЕНТАЛЬНЫЕ СИСТЕМЫ»","ФСТЭК России","ГКУ «Инфогород»","123112, г. Москва, 1-й Красногвардейский проезд, д. 21, стр. 1, (495) 957-0131",""
"4689","2023-07-07","Бессрочно","прикладное программное обеспечение Технологического портала Департамента информационных технологий города Москвы","Соответствует требованиям документов: Требования доверия(6), ТУ","1","АО «ДОКУМЕНТАЛЬНЫЕ СИСТЕМЫ»","ФСТЭК России","ГКУ «Инфогород»","123112, г. Москва, 1-й Красногвардейский проезд, д. 21, стр. 1, (495) 957-0131",""
"4690","2023-07-11","Бессрочно","программное обеспечение «Приложение «Управление процессами и рисками»","Соответствует требованиям документов: Требования доверия(6), ТУ","1","АО «ДОКУМЕНТАЛЬНЫЕ СИСТЕМЫ»","ФСТЭК России","ГКУ «Инфогород»","123112, г. Москва, 1-й Красногвардейский проезд, д. 21, стр. 1, (495) 957-0131",""
"4691","2023-07-12","2028-07-12","СУБД «Квант-гибрид 1.5»","Соответствует требованиям документов: Требования доверия(4), Требования к СУБД(4)","серия","ООО «ЦБИ»","ФАУ «ГНИИИ ПТЗИ ФСТЭК России»","АО «Концерн ГРАНИТ»","119019, г. Москва, Гоголевский бульвар, д. 31, стр. 2",""
"4692","2023-07-13","2028-07-13","универсальный шлюз безопасности Traffic Inspector Next Generation","Соответствует требованиям документов: Требования доверия(4), Требования к МЭ, Профиль защиты МЭ(А четвертого класса защиты. ИТ.МЭ.А4.ПЗ), Профиль защиты МЭ(Б четвертого класса защиты. ИТ.МЭ.Б4.ПЗ), Требования к СОВ, Профили защиты СОВ(cети четвертого класса защиты. ИТ.СОВ.С4.ПЗ)","серия","ООО «НТЦ «ИРБИС»","ФАУ «ГНИИИ ПТЗИ ФСТЭК России»","ООО «СМАРТ-СОФТ»","140408, Московская обл., г. Коломна, ул. Сапожковых, д. 15, (495) 775-5991",""
"4693","2023-07-19","Бессрочно","прикладное программное обеспечение Автоматизированной информационной системы «Портал самообслуживания кластера информационно-технологических решений Департамента информационных технологий города Москвы»","Соответствует требованиям документов: Требования доверия(6), ТУ","1","АО «ДОКУМЕНТАЛЬНЫЕ СИСТЕМЫ»","ФСТЭК России","ГКУ «Инфогород»","123112, г. Москва, 1-й Красногвардейский проезд, д. 21, стр. 1, (495) 957-0131",""
"4694","2023-08-01","Бессрочно","программное обеспечение «Информационно-аналитическая система «Цифровая экосистема культуры города Москвы»","Соответствует требованиям документов: Требования доверия(6), ТУ","1","АО «ДОКУМЕНТАЛЬНЫЕ СИСТЕМЫ»","ФСТЭК России","ГКУ «Инфогород»","123112, г. Москва, 1-й Красногвардейский проезд, д. 21, стр. 1, (495) 957-0131",""
"4695","2023-08-01","Бессрочно","Прикладное программное обеспечение «Подсистема обеспечения деятельности инновационного кластера»","Соответствует требованиям документов: Требования доверия(6), ТУ","1","АО «ДОКУМЕНТАЛЬНЫЕ СИСТЕМЫ»","ФСТЭК России","ГКУ «Инфогород»","123112, г. Москва, 1-й Красногвардейский проезд, д. 21, стр. 1, (495) 957-0131",""
"4696","2023-08-01","Бессрочно","прикладное-программное обеспечение «Модуль идентификации и аутентификации KeyCloak»","Соответствует требованиям документов: Требования доверия(6), ТУ","10","АО «ДОКУМЕНТАЛЬНЫЕ СИСТЕМЫ»","ФСТЭК России","ГКУ «Инфогород»","123112, г. Москва, 1-й Красногвардейский проезд, д. 21, стр. 1, (495) 957-0131",""
"4697","2023-07-31","2028-07-31","программное обеспечение «Yandex.Cloud Bastion»","Соответствует требованиям документов: Требования доверия(4), ТУ","серия","ООО «КБ-Лаб»","АО «НПО «Эшелон»","ООО «Яндекс.Облако»","119021, г. Москва, ул. Льва Толстого, д. 16, пом. 528, (985) 990-5854",""
"4698","2023-07-31","2028-07-31","прикладное программное обеспечение «Агент единого сервиса доступа к данным СМЭВ»","Соответствует требованиям документов: Требования доверия(4), ТУ","серия","ООО «КБ-Лаб»","АО «НПО «Эшелон»","ООО «ИТ1-РТК»","129085, г. Москва, ул. Годовикова, д. 9, стр. 17, эт. 6, помещ. 5",""
"4699","2023-08-03","Бессрочно","прикладное программное обеспечение Автоматизированной информационной системы «Развитие коммунально-инженерной инфраструктуры и энергоснабжение»","Соответствует требованиям документов: Требования доверия(6), ТУ","1","АО «ДОКУМЕНТАЛЬНЫЕ СИСТЕМЫ»","ФСТЭК России","ГКУ «Инфогород»","123112, г. Москва, 1-й Красногвардейский проезд, д. 21, стр. 1, (495) 957-0131",""
"4700","2023-08-08","2028-08-08","система видеоконференцсвязи и коммуникаций «Vinteo»","Соответствует требованиям документов: Требования доверия(6), ТУ","серия","АО «ДОКУМЕНТАЛЬНЫЕ СИСТЕМЫ»","ФАУ «ГНИИИ ПТЗИ ФСТЭК России»","ООО «Нейтроникс»","414042, г. Астрахань, пр-т Бумажников, д. 17, корп. 1, кв. 9, (495) 132-6428",""
"4701","2023-08-14","2028-08-14","Экран низкоэмиссионный","Соответствует требованиям документов: ТУ","серия","АО «БИТК»","ФСТЭК России","ФГУП «Научно-исследовательский институт прикладной акустики»","141981, Московская обл., г. Дубна, ул. 9 мая, д. 7а, (49621) 276-37",""
"4702","2023-08-15","2028-08-15","аппаратно-программный комплекс «VPN/FW ЗАСТАВА-6000»","Соответствует требованиям документов: Требования доверия(4), Требования к МЭ, Профиль защиты МЭ(А четвертого класса защиты. ИТ.МЭ.А4.ПЗ)","серия","ООО «ЦБИ»","ФАУ «ГНИИИ ПТЗИ ФСТЭК России»","АО «ЭЛВИС-ПЛЮС»","124527, г. Москва, г. Зеленоград, Солнечная аллея, д. 6, помещение VI, офис 7, (495) 276-0211",""
"4703","2023-08-15","2028-08-15","аппаратно-программный комплекс «VPN/FW ЗАСТАВА-1500»","Соответствует требованиям документов: Требования доверия(4), Требования к МЭ, Профиль защиты МЭ(А четвертого класса защиты. ИТ.МЭ.А4.ПЗ)","серия","ООО «ЦБИ»","ФАУ «ГНИИИ ПТЗИ ФСТЭК России»","АО «ЭЛВИС-ПЛЮС»","124527, г. Москва, г. Зеленоград, Солнечная аллея, д. 6, помещение VI, офис 7, (495) 276-0211",""
"4704","2023-08-22","2028-08-22","СУБД «Platform V Pangolin DB»","Соответствует требованиям документов: Требования доверия(4), Требования к СУБД(4)","серия","ООО «КБ-Лаб»","ФАУ «ГНИИИ ПТЗИ ФСТЭК России»","акционерное общество «Сбербанк-Технологии»","117105, г. Москва, Новоданиловская набережная, д. 10, (495) 669-0808",""
"4705","2023-08-28","Бессрочно","прикладное программное обеспечение «Информационная система нормированного снабжения жителей города Москвы»","Соответствует требованиям документов: Требования доверия(6), ТУ","1","ООО «КБ-Лаб»","ФСТЭК России","Департамент информационных технологий города Москвы","123112, г. Москва, Красногвардейский 1-й проезд, д. 21, стр. 1, (495) 957-0131",""
"4706","2023-08-28","Бессрочно","прикладное программное обеспечение Автоматизированной информационной системы «Центр управления Комплекса городского хозяйства»","Соответствует требованиям документов: Требования доверия(6), ТУ","1","АО «ДОКУМЕНТАЛЬНЫЕ СИСТЕМЫ»","ФСТЭК России","ГКУ «Инфогород»","123112, г. Москва, 1-й Красногвардейский проезд, д. 21, стр. 1, (495) 957-0131",""
"4708","2023-09-21","2028-09-21","специальное программное обеспечение ТР «Архив»","Соответствует требованиям документов: Требования доверия(4), ТУ","серия","АО НПП «ЭПБ»","ФСТЭК России","Минцифры России","123112, г. Москва, Пресненская наб., д. 10, стр. 2, (495) 771-8000",""
"4709","2023-09-28","2028-09-28","специальное программное обеспечение «Платформа «Центр хранения электронных документов»","Соответствует требованиям документов: Требования доверия(4), ТУ","100","АО НПП «ЭПБ»","ФСТЭК России","Минцифры России","123112, г. Москва, Пресненская наб., д. 10, стр. 2, (495) 771-8000",""
"4710","2023-09-06","Бессрочно","прикладное программное обеспечение «ИС ЕКС»","Соответствует требованиям документов: Требования доверия(6), ТУ","1","АО «ДОКУМЕНТАЛЬНЫЕ СИСТЕМЫ»","ФСТЭК России","ГКУ «Инфогород»","123112, г. Москва, 1-й Красногвардейский проезд, д. 21, стр. 1, (495) 957-0131",""
"4711","2023-09-08","Бессрочно","прикладное программное обеспечение «Подсистема по обеспечению доступа пользователей к информации, размещаемой на официальных сайтах органов и организаций в информационно-телекоммуникационной сети «Интернет», федеральной государственной информационной системы «Единый портал государственных и муниципальных услуг (функций)». Подсистема по развертыванию сайтов ФОИВ и их обособленных структурных подразделений»","Соответствует требованиям документов: Требования доверия(4), ТУ","1","ООО «КБ-Лаб»","ФСТЭК России","Минцифры России","123112, г. Москва, Пресненская наб., д. 10, стр. 2, (495) 771-8000",""
"4712","2023-09-11","2028-09-11","корпоративный сервис для защищенного обмена данными (MFlash)","Соответствует требованиям документов: Требования доверия(4), ТУ","серия","ООО «НТЦ «ИРБИС»","ФАУ «ГНИИИ ПТЗИ ФСТЭК России»","ООО «Пайнап»","115114, г. Москва, ул. Дербеневская, д. 20, стр. 27",""
"4713","2023-09-11","2028-09-11","Машина вычислительная в защищенном исполнении «Рабочая станция ИНФОПРО С2»","Соответствует требованиям документов: Требования ТЗИ, ТУ","серия","ООО «ЦБИ»","АО «НПО «Эшелон»","АО «ИНФОПРО»","125047, г. Москва, ул. Брестская 2-я, д. 8, пом. XV, ком. 23, (495) 319-1618, (800) 555-8505",""
"4715","2023-09-13","Бессрочно","прикладное программное обеспечение «Платформа Единая городская автоматизированная система информационного обеспечения и аналитики потребительского рынка и услуг города Москвы»","Соответствует требованиям документов: Требования доверия(6), ТУ","1","АО «ДОКУМЕНТАЛЬНЫЕ СИСТЕМЫ»","ФСТЭК России","ГКУ «Инфогород»","123112, г. Москва, 1-й Красногвардейский проезд, д. 21, стр. 1, (495) 957-0131",""
"4716","2023-09-14","2028-09-14","программный комплекс «Bars.Up.Access Manager»","Соответствует требованиям документов: Требования доверия(4), ТУ","серия","АО «Информакустика»","ФАУ «ГНИИИ ПТЗИ ФСТЭК России»","АО «БАРС Груп»","420012, Республика Татарстан, г. Казань, ул. Некрасова, д. 9, офис 11, 8 800 500 01 91",""
"4717","2023-09-22","Бессрочно","специальное программное обеспечение «СОПД ГУСБ 2.0»","Соответствует требованиям документов: Требования доверия(2), ТУ","1","АО «НПО «Эшелон»","АО «Лаборатория ППШ»","ФКУ НПО «СТиС» МВД России","111024, Москва, ул. Пруд Ключики, д. 2",""
"4718","2023-11-15","2028-11-15","программный комплекс «Гарда Маскирование»","Соответствует требованиям документов: Требования доверия(4), ТУ","серия","ООО НТЦ «Фобос-НТ»","ФАУ «ГНИИИ ПТЗИ ФСТЭК России»","ООО «Гарда Технологии»","603057, г. Нижний Новгород, пр. Гагарина, д. 50, корп. 9, (831) 422-1221",""
"4719","2023-09-28","2028-09-28","программный комплекс «CyberLympha DATAPK» (ПК CL DATAPK)","Соответствует требованиям документов: Требования доверия(4), Требования к СОВ, Профили защиты СОВ(cети четвертого класса защиты. ИТ.СОВ.С4.ПЗ), ЗБ","серия","ООО «КБ-Лаб»","ЗАО «НПП «БИТ»","ООО «СайберЛимфа»","121205, г.Москва, вн.тер.г. муниципальный округ Можайский, тер. Сколково инновационного центра, ул. Нобеля, д.7, эт.4, (343)379-98-34 (доб.1780)",""
"4720","2023-10-04","2028-10-04","программное обеспечение Zecurion DLP Enterprise RV","Соответствует требованиям документов: Требования доверия(4), Требования к СКН, Профиль защиты СКН(контроля подключения съемных машинных носителей информации четвертого класса защиты. ИТ.СКН.П4.ПЗ)","серия","АО «НПО «Эшелон»","АО «БИТК»","АО «СекьюрИТ»","129164, г. Москва, Ракетный бульвар, д. 16, (495) 221-2160",""
"4721","2023-09-28","2028-09-28","комплекс программ функционирования интегрированной системы «Эгида-II»","Соответствует требованиям документов: Требования доверия(3), РД АСФЗ(1), ТУ","серия","АО Центр «Атомзащитаинформ»","ФАУ «ГНИИИ ПТЗИ ФСТЭК России»","ФГУП «РФЯЦ-ВНИИЭФ»","607188, Нижегородская обл., г. Саров, пр-т Мира, д. 37, (831) 302-9644, (831) 302-9624",""
"4722","2023-10-16","Бессрочно","Программное обеспечение «Автоматизированная информационная система «Электронная модель территориальной схемы обращения с отходами»","Соответствует требованиям документов: Требования доверия(6), ТУ","1","АО «НПО «Эшелон»","ФСТЭК России","ГКУ «Инфогород»","123112, г. Москва, 1-й Красногвардейский проезд, д. 21, стр. 1, (495) 957-0131",""
"4724","2023-09-28","2028-09-28","система измерительная автоматизированная «Сигурд-А10»","Соответствует требованиям документов: Методики ПЭМИН-2017, ТУ","серия","ООО «ЦБИ»","АО «БИТК»","ООО «ЦБИ «МАСКОМ»","129090, г. Москва, вн.рер.г. муниципальный округ Красносельский, пер. Живарев, д. 8, стр. 3, помещ. 1/5, (495) 136-4010","2038-09-28"
"4725","2023-10-18","Бессрочно","прикладное программное обеспечение «Автоматизированная система учета потребления ресурсов»","Соответствует требованиям документов: Требования доверия(6), ТУ","1","АО «ДОКУМЕНТАЛЬНЫЕ СИСТЕМЫ»","ФСТЭК России","ГКУ «Инфогород»","123112, г. Москва, 1-й Красногвардейский проезд, д. 21, стр. 1, (495) 957-0131",""
"4726","2023-10-07","2028-10-07","«Datamart Platform Studio»","Соответствует требованиям документов: Требования доверия(4), ТУ","серия","АО НПП «ЭПБ»","АО «НПО «Эшелон»","ООО «ИТ1-РТК»","129085, г. Москва, ул. Годовикова, д. 9, стр. 17, эт. 6, помещ. 5",""
"4727","2023-10-10","2028-10-10","система управления базами данных «Tarantool Plus»","Соответствует требованиям документов: Требования доверия(4), Требования к СУБД(4)","серия","АО «НПО «Эшелон»","АО «Лаборатория ППШ»","ООО «ВК Цифровые Технологии»","125167, г. Москва, Ленинградский проспект, д. 39, стр. 79, (495) 725-6357","2073-10-10"
"4728","2023-10-18","Бессрочно","прикладное программное обеспечение «Подсистема аттестации экскурсоводов (гидов) и гидов-переводчиков»","Соответствует требованиям документов: Требования доверия(6), ТУ","1","АО «ДОКУМЕНТАЛЬНЫЕ СИСТЕМЫ»","ФСТЭК России","Департамент информационных технологий города Москвы","123112, г. Москва, Красногвардейский 1-й проезд, д. 21, стр. 1, (495) 957-0131",""
"4729","2023-10-16","2028-10-16","программная платформа «SCADA-R»","Соответствует требованиям документов: Требования доверия(4), ЗБ","серия","ООО НТЦ «Фобос-НТ»","ФАУ «ГНИИИ ПТЗИ ФСТЭК России»","АО «РАСУ»","115230, г. Москва, Каширское шоссе, д. 3, корп. 2, стр. 16, 8 (495) 933-43-40",""
"4730","2023-10-13","2028-10-13","изделие «Professional Identity Security Manager»","Соответствует требованиям документов: Требования доверия(4), ТУ","серия","ООО «КБ-Лаб»","ООО «ЦБИ»","ООО «ИнноСТейдж ЦР»","420500, Республика Татарстан, Верхнеуслонский р-н, г. Иннополис, ул. Университетская, д. 7, оф. 223, (843) 567-4298",""
"4731","2023-10-16","2028-10-16","программно-аппаратный комплекс «ESMART Token»","Соответствует требованиям документов: Требования доверия(6), ТУ","серия","АО «НПО «Эшелон»","АО «Лаборатория ППШ»","ООО «АТ бюро»","124498, г. Москва, вн.тер.г. муниципальный округ Старое Крюково, г. Зеленоград, 4922-й пр-д, д. 4, стр. 4, +7(495)133-00-04",""
"4732","2023-10-16","2028-10-16","программный комплекс «Digital Q.Security для линейки Diasoft FA#»","Соответствует требованиям документов: Требования доверия(4), ТУ","серия","АО «Информакустика»","АО Центр «Атомзащитаинформ»","ООО «Диасофт»","127018, г. Москва, ул. Полковая, д. 3, стр. 14, комн. 303, (495) 780-7575",""
"4733","2023-10-27","2028-10-27","прикладное программное обеспечение автоматизированной информационной системы «Аутентификация и управление правами доступа»","Соответствует требованиям документов: Требования доверия(6), ТУ","серия","АО НПП «ЭПБ»","ФСТЭК России","ГКУ «Инфогород»","123112, г. Москва, 1-й Красногвардейский проезд, д. 21, стр. 1, (495) 957-0131",""
"4734","2023-10-31","2028-10-31","CommuniGate Pro 6.3","Соответствует требованиям документов: Требования доверия(5), ТУ","серия","АО «НПО «Эшелон»","АО «БИТК»","АО «СталкерСофт»","123060, г. Москва, ул. Маршала Рыбалко, д. 2, к.8, (499) 271-3154",""
"4735","2023-11-01","2028-11-01","Security Capsule SIEM - Система мониторинга и корреляции событий информационной безопасности","Соответствует требованиям документов: Требования доверия(4), ТУ","серия","АО «Лаборатория ППШ»","ООО «ЦБИ»","ООО «ИТБ»","198097, г. Санкт-Петербург, пр-т Стачек, д. 48, корп. 2, лит. А, эт/пом/оф 2/14Н/202, (812) 335-0145, (812) 315-5265",""
"4736","2023-11-14","Бессрочно","прикладное программное обеспечение «Подсистема учета объема снега, утилизируемого на стационарных снегоплавильных пунктах города Москвы»","Соответствует требованиям документов: Требования доверия(6), ТУ","1","АО «ДОКУМЕНТАЛЬНЫЕ СИСТЕМЫ»","ФСТЭК России","ГКУ «Инфогород»","123112, г. Москва, 1-й Красногвардейский проезд, д. 21, стр. 1, (495) 957-0131",""
"4737","2023-11-14","2028-11-14","программно-аппаратный комплекс односторонней передачи данных","Соответствует требованиям документов: Требования доверия(4), ТУ","серия","АО «Информакустика»","АО «Лаборатория ППШ»","АО «НИИАА»","117393, г. Москва, ул. Профсоюзная, д. 78, (495) 335-9522",""
"4738","2023-11-17","Бессрочно","автоматизированная система управления «Объединенная диспетчерская служба Департамента жилищно-коммунального хозяйства города Москвы» 2.0","Соответствует требованиям документов: Требования доверия(6), ТУ","1","АО «ДОКУМЕНТАЛЬНЫЕ СИСТЕМЫ»","ФСТЭК России","ГКУ «Инфогород»","123112, г. Москва, 1-й Красногвардейский проезд, д. 21, стр. 1, (495) 957-0131",""
"4739","2023-12-08","2028-12-08","Защищенное техническое средство переключения устройств ввода-вывода информации «Клиент»","Соответствует требованиям документов: ТУ","серия","ООО «ЦБИ»","АО «БИТК»","ООО НПП «СПО»","109382. г. Москва, ул. Люблинская 141, оф. 409, (495) 922-93 29",""
"4740","2023-11-22","2028-11-22","Программный модуль расчета «Тандем-Дельта»","Соответствует требованиям документов: ТУ, Методика ВЧН-2020, Методика ВЧП-2020","серия","ООО «ЦБИ»","ФАУ «ГНИИИ ПТЗИ ФСТЭК России»","ООО «ЦБИ «МАСКОМ»","129090, г. Москва, вн.рер.г. муниципальный округ Красносельский, пер. Живарев, д. 8, стр. 3, помещ. 1/5, (495) 136-4010","2038-11-22"
"4741","2023-11-24","Бессрочно","программный комплекс обмена данными между различными платформами обработки информации","Соответствует требованиям документов: Требования доверия(2), ТУ","1","АО Центр «Атомзащитаинформ»","ФАУ «ГНИИИ ПТЗИ ФСТЭК России»","ФГУП «Приборостроительный завод имени К.А.Володина»","456080, Челябинская обл., г. Трехгорный, ул. Заречная, д. 13, (35191) 55055",""
"4742","2023-11-27","Бессрочно","программно-технологический комплекс «Госконтроль»","Соответствует требованиям документов: Требования доверия(5), ТУ","1","АО «НПО «Эшелон»","ФСТЭК России","Росприроднадзор","123995, г. Москва, ул. большая Грузинская, д. 4/6 корпус А, (499) 254-5072",""
"4743","2023-12-04","2028-12-04","программное обеспечение системы управления УПАТС «МиниКом DX-500»","Соответствует требованиям документов: Требования доверия(4), ТУ","серия","ФГУП «НПП «Гамма»","ФАУ «ГНИИИ ПТЗИ ФСТЭК России»","АО «Информтехника и Связь»","107140, г. Москва, ул. Верхняя Красносельская, д. 2/1, стр. 1, (495) 646-6731",""
"4744","2023-12-08","2028-12-08","программное обеспечение «Makves DCAP Enterprise Cert»","Соответствует требованиям документов: Требования доверия(4), ТУ","серия","АО «БИТК»","АО «НПО «Эшелон»","ООО «Гарда Технологии»","603057, г. Нижний Новгород, пр. Гагарина, д. 50, корп. 9, (831) 422-1221",""
"4745","2023-12-05","Бессрочно","прикладное программное обеспечение Государственной информационной системы «Межведомственная система электронного документооборота Московской области»","Соответствует требованиям документов: Требования доверия(6), ТУ","1","АО «ДОКУМЕНТАЛЬНЫЕ СИСТЕМЫ»","ФСТЭК России","Министерство государственного управления, информационных технологий и связи Московской области","143407, Московская область, г. Красногорск, Бульвар Строителей, д. 1, (498) 668-0022",""
"4746","2023-12-12","Бессрочно","специальное программное обеспечение «Паутина»","Соответствует требованиям документов: Требования доверия(4), ТУ","170","АО «НПО «Эшелон»","ФСТЭК России","МВД России","119049, г. Москва, ул. Житная, д. 16, (495) 667-5206",""
"4747","2023-12-13","Бессрочно","программное обеспечение «Подсистема обеспечения информационной безопасности подсистем (компонентов, модулей) государственной интегрированной информационной системы управления общественными финансами «Электронный бюджет»","Соответствует требованиям документов: Требования доверия(4), ТУ","1","АО «ДОКУМЕНТАЛЬНЫЕ СИСТЕМЫ»","ФСТЭК России","Министерство финансов Российской Федерации","109097, г. Москва, ул. Ильинка, д. 9,",""
"4748","2023-12-13","Бессрочно","программное обеспечение «Модуль организации предоставления в электронном виде мер государственной финансовой поддержки юридическим лицам, индивидуальным предпринимателям, а также физическим лицам - производителям товаров, работ, услуг подсистемы управления расходами государственной интегрированной информационной системы управления общественными финансами «Электронный бюджет»","Соответствует требованиям документов: Требования доверия(5), ТУ","1","АО «ДОКУМЕНТАЛЬНЫЕ СИСТЕМЫ»","ФСТЭК России","Министерство финансов Российской Федерации","109097, г. Москва, ул. Ильинка, д. 9,",""
"4749","2023-12-13","Бессрочно","программное обеспечение «Подсистема управления государственными программами государственной интегрированной информационной системы управления общественными финансами «Электронный бюджет»","Соответствует требованиям документов: Требования доверия(4), ТУ","1","АО «ДОКУМЕНТАЛЬНЫЕ СИСТЕМЫ»","ФСТЭК России","Министерство финансов Российской Федерации","109097, г. Москва, ул. Ильинка, д. 9,",""
"4750","2023-12-13","2028-12-13","программный комплекс «1С-Битрикс24»","Соответствует требованиям документов: Требования доверия(4), ТУ","серия","ООО «КБ-Лаб»","ФАУ «ГНИИИ ПТЗИ ФСТЭК России»","ООО «СИС груп»","117246, Москва, вн.тер.г. муниципальный округ Черемушки, проезд Научный, д. 17, этаж 8, пом/комн XXIX/36, (495) 229-5607",""
"4751","2023-12-13","2028-12-13","программный комплекс «1С-Битрикс: Управление сайтом»","Соответствует требованиям документов: Требования доверия(4), ТУ","серия","ООО «КБ-Лаб»","ФАУ «ГНИИИ ПТЗИ ФСТЭК России»","ООО «СИС груп»","117246, Москва, вн.тер.г. муниципальный округ Черемушки, проезд Научный, д. 17, этаж 8, пом/комн XXIX/36, (495) 229-5607",""
"4752","2023-12-14","2028-12-14","программное обеспечение «Система контроля привилегированных учётных записей Infrascope»","Соответствует требованиям документов: Требования доверия(4), ТУ","серия","АНО «Институт инженерной физики»","АО «НПО «Эшелон»","ООО «ЭнДжиАр Софтлаб»","121596, г. Москва, ул. Горбунова, д. 2, стр. 3, этаж 2, пом. 1, (495) 269-2959",""
"4753","2023-12-19","Бессрочно","программно-аппаратный комплекс терминала электронного голосования","Соответствует требованиям документов: Требования доверия(6), ТУ","15000","АО «ДОКУМЕНТАЛЬНЫЕ СИСТЕМЫ»","ФСТЭК России","ГКУ «Инфогород»","123112, г. Москва, 1-й Красногвардейский проезд, д. 21, стр. 1, (495) 957-0131",""
"4754","2023-12-26","Бессрочно","сервис обеспечения деятельности кинологических подразделений территориальных органов МВД России","Соответствует требованиям документов: Требования доверия(4), ТУ","1","АО «НПО «Эшелон»","ФСТЭК России","ФКУ НПО «СТиС» МВД России","111024, Москва, ул. Пруд Ключики, д. 2",""
"4755","2023-12-22","2028-12-22","комплекс программно-информационных средств «Мобилизационная подготовка экономики - А» версия 1.0","Соответствует требованиям документов: Требования доверия(3)","серия","ООО «ЦБИ»","АО «Лаборатория ППШ»","ЗАО «НПЦ ИРС»","140032, Московская обл., Люберецкий район, пос. Малаховка,  ул. Шоссейная, д. 1а, (495) 330-0788",""
"4756","2023-12-26","2028-12-26","аппаратно-программный комплекс «Ребус-СДЗ»","Соответствует требованиям документов: Требования доверия(2), Требования к СДЗ, Профиль защиты СДЗ(платы расширения второго класса защиты. ИТ.СДЗ.ПР2.ПЗ)","серия","АО «Информакустика»","АО «НПО «Эшелон»","АО НИИ ЦПС","170024, Тверская обл., г. Тверь, пр-к Николая Корыткова, д. 3А, (482) 244-3244",""
"4757","2023-12-26","Бессрочно","программное обеспечение представления государственных услуг подразделениями по контролю за оборотом наркотиков территориальных органов МВД России и ГУНК МВД России на основе программно-технического комплекса «Государственные услуги» версии 2.0","Соответствует требованиям документов: Требования доверия(4), ТУ","1","АО «НПО «Эшелон»","ФСТЭК России","ФКУ НПО «СТиС» МВД России","111024, Москва, ул. Пруд Ключики, д. 2",""
"4758","2023-12-27","2028-12-27","программный комплекс «R-Vision UEBA»","Соответствует требованиям документов: Требования доверия(4), ТУ","серия","ООО НТЦ «Фобос-НТ»","ФАУ «ГНИИИ ПТЗИ ФСТЭК России»","ООО «Р-Вижн»","109544, Москва, бульвар Энтузиастов, д. 2, этаж 23, комната 50, (499) 322 80-40",""
"4759","2024-01-15","Бессрочно","Программа «Реализация ГОЗ»","Соответствует требованиям документов: Требования доверия(2)","10","ФГУП «НПП «Гамма»","ФСТЭК России","Минпромторг России","125039, г. Москва, Пресненская наб., д. 10, стр. 2",""
"4760","2024-01-16","2029-01-16","программное обеспечение информационной системы «Электронный документооборот «ИС ЭДО»","Соответствует требованиям документов: Требования доверия(4), ТУ","серия","АО Центр «Атомзащитаинформ»","ФАУ «ГНИИИ ПТЗИ ФСТЭК России»","ФГУП «РФЯЦ – ВНИИТФ им. академ. Е.И. Забабахина»","456770, Челябинская обл., г. Снежинск, ул. Васильева, д. 13, (35146) 5-51-20",""
"4761","2024-01-15","2029-01-15","Программа для ЭВМ «Антиплагиат.Эксперт 5.0» Защищенное Исполнение","Соответствует требованиям документов: Требования доверия(6), ТУ","серия","АО «НПО «Эшелон»","АО «БИТК»","АО «Антиплагиат»","119607, г. Москва, вн.тер.г. муниципальный округ Раменки, б-р Раменский, д. 1, стр. 1",""
"4762","2024-01-15","2029-01-15","программное обеспечение «Unimod PRO» версия 2","Соответствует требованиям документов: Требования доверия(4), ТУ","серия","АО «НПО «Эшелон»","АО «Лаборатория ППШ»","АО «ТРЭИ»","440028, г. Пенза, ул. Германа Титова, д. 1",""
"4763","2024-01-19","Бессрочно","автоматизированная система управления «Объединенная диспетчерская служба Департамента жилищно-коммунального хозяйства города Москвы» 1.0","Соответствует требованиям документов: Требования доверия(6), ТУ","1","АО «ДОКУМЕНТАЛЬНЫЕ СИСТЕМЫ»","ФСТЭК России","ГКУ «Инфогород»","123112, г. Москва, 1-й Красногвардейский проезд, д. 21, стр. 1, (495) 957-0131",""
"4764","2024-02-06","2029-02-06","программное обеспечение «Развитие АВАКОР. Типовой программный модуль информационной безопасности»","Соответствует требованиям документов: Требования доверия(6), ТУ","серия","АО «Лаборатория ППШ»","АО «НПО «Эшелон»","ЗАО «Диджитал Дизайн»","199178, г. Санкт-Петербург, наб. реки Смоленки, д. 33, (812) 346-5833",""
"4765","2024-01-26","2029-01-26","Система защиты информации на рабочих станциях и серверах Secret Disk","Соответствует требованиям документов: Требования доверия(4), ТУ","серия","ООО НТЦ «Фобос-НТ»","ФАУ «ГНИИИ ПТЗИ ФСТЭК России»","АО «Аладдин Р.Д.»","129226, г. Москва, ул. Докукина, д. 16, стр. 1, (495) 223-0001",""
"4766","2024-01-24","2029-01-24","Средство защиты информации от утечки по каналу высокочастотного облучения технических средств «Темпест ВЧО»","Соответствует требованиям документов: ТУ, Методика ВЧО","серия","АНО «Институт инженерной физики»","АО «БИТК»","ООО «ЦБИ»","141090, Московская область, г. Королев, микрорайон Юбилейный, ул. Ленинская, д. 11, (495) 543-3060",""
"4767","2024-01-30","2029-01-30","программа для ЭВМ «ЭТОС» со встроенным средством защиты информации от несанкционированного доступа","Соответствует требованиям документов: Требования доверия(4), ТУ","серия","ООО НТЦ «Фобос-НТ»","ФАУ «ГНИИИ ПТЗИ ФСТЭК России»","ООО «Стройформ»","117105, г. Москва, вн. тер. г. муниципальный округ Нагорный, Варшавское шоссе, д. 32, пом. 300, ком./оф. 300А/300В, 8(499) 506-89-27",""
"4768","2024-01-29","Бессрочно","программное обеспечение «Система учета оборота рекламы в информационно-телекоммуникационной сети «Интернет» «Единый реестр интернет-рекламы»","Соответствует требованиям документов: Требования доверия(4), ТУ","1","АО «НПО «Эшелон»","АО «БИТК»","ФГУП «ГРЧЦ»","117997, Москва, Дербеневская набережная, д. 7, стр. 15, (495) 748-1098",""
"4769","2024-01-31","2029-01-31","аппаратно-программный комплекс «InfoDiode SMART»","Соответствует требованиям документов: Требования доверия(4), ТУ","серия","ООО «КБ-Лаб»","ФАУ «ГНИИИ ПТЗИ ФСТЭК России»","АО «АМТ-ГРУП»","123022, г. Москва, улица 1905 года, д. 10А, стр. 1, этаж 8, пом. 11, (495) 725-7660",""
"4770","2024-02-02","2029-02-02","программное средство системы обнаружения вторжений (СОВ) «Кречет»","Соответствует требованиям документов: Требования доверия(4), Требования к СОВ, Профили защиты СОВ(cети четвертого класса защиты. ИТ.СОВ.С4.ПЗ)","серия","АО «НПО «Эшелон»","АО «БИТК»","ФГУП «НПП «Гамма»","117393, г. Москва, ул. Профсоюзная, д. 78, стр. 4, (495) 514-0274, (495) 663-1684",""
"4771","2024-02-06","Бессрочно","прикладное программное обеспечение «Подсистема контроля качества эксплуатации транспортных средств автоматизированной системы управления «Объединенная диспетчерская служба Департамента жилищно-коммунального хозяйства города Москвы»","Соответствует требованиям документов: Требования доверия(6), ТУ","1","АО «ДОКУМЕНТАЛЬНЫЕ СИСТЕМЫ»","ФСТЭК России","ГКУ «Инфогород»","123112, г. Москва, 1-й Красногвардейский проезд, д. 21, стр. 1, (495) 957-0131",""
"4772","2024-02-06","Бессрочно","автономная программа сбора данных ведомственной отчетности и мобилизационного назначения","Соответствует требованиям документов: Требования доверия(2)","5000","ФГУП «НПП «Гамма»","ФСТЭК России","Минпромторг России","125039, г. Москва, Пресненская наб., д. 10, стр. 2",""
"4775","2024-02-08","2029-02-08","система управления базами данных Postgres Pro Shardman","Соответствует требованиям документов: Требования доверия(4), ТУ, Требования к СУБД(4)","серия","ООО НТЦ «Фобос-НТ»","ФАУ «ГНИИИ ПТЗИ ФСТЭК России»","ООО «ППГ»","117630, г. Москва, вн.тер.г. муниципальный округ Обручевский, ул. Обручева, д. 23, стр. 1, эт. 6, помещ. 33Н, ком. 6.3, (495) 150-0691","бессрочно"
"4776","2024-02-13","2029-02-13","программное изделие «Сервер приложений Libercat Certified»","Соответствует требованиям документов: Требования доверия(4), ТУ","серия","ООО НТЦ «Фобос-НТ»","ФАУ «ГНИИИ ПТЗИ ФСТЭК России»","АО «АКСИОМ»","г. Санкт-Петербург, Набережная обводного канала 199-201, лит. И, (812) 336-35-67",""
"4777","2024-02-13","Бессрочно","прикладное программное обеспечение по защите прав потребителей города Москвы","Соответствует требованиям документов: Требования доверия(6), ТУ","1","АО «ДОКУМЕНТАЛЬНЫЕ СИСТЕМЫ»","ФСТЭК России","Департамент информационных технологий города Москвы","123112, г. Москва, Красногвардейский 1-й проезд, д. 21, стр. 1, (495) 957-0131",""
"4778","2024-02-14","Бессрочно","прикладное программное обеспечение «Подсистема сбора телеметрических и навигационных данных от бортового навигационно-связного оборудования, смонтированного на дорожно-коммунальной технике комплекса городского хозяйства города Москвы»","Соответствует требованиям документов: Требования доверия(6), ТУ","1","АО «ДОКУМЕНТАЛЬНЫЕ СИСТЕМЫ»","ФСТЭК России","ГКУ «Инфогород»","123112, г. Москва, 1-й Красногвардейский проезд, д. 21, стр. 1, (495) 957-0131",""
"4779","2024-02-27","2029-02-27","ИТ платформа интеллектуального видеонаблюдения наземного маршрутного транспорта «BrainVision»","Соответствует требованиям документов: Требования доверия(6), ТУ","серия","ООО «КБ-Лаб»","ООО «ЦБИ»","ООО «КИТ»","620100, Свердловская обл., г. Екатеринбург, ул. Ткачей, д. 23, пом. 1107, (343) 379-9834",""
"4780","2024-02-19","2029-02-19","программное обеспечение «Защищенная среда виртуализации zVirt Max»","Соответствует требованиям документов: Требования доверия(4), Требования к средствам виртуализации(4)","серия","АО «НПО «Эшелон»","ФАУ «ГНИИИ ПТЗИ ФСТЭК России»","ООО «Рокитсофт»","111033, Москва, ул. Волочаевская, д. 5, корп. 3, (499) 490-4968",""
"4782","2024-03-05","2029-03-05","программный комплекс «Центр контроля информационной безопасности Р-Вижн»","Соответствует требованиям документов: Требования доверия(4), ТУ","серия","АО «НПО «Эшелон»","АО «Лаборатория ППШ»","ООО «Р-Вижн»","109544, Москва, бульвар Энтузиастов, д. 2, этаж 23, комната 50, (499) 322 80-40",""
"4783","2024-03-05","2029-03-05","программный комплекс «Enterprise cloud platform VeiL Special Edition»","Соответствует требованиям документов: Требования доверия(4), ТУ, Требования к средствам виртуализации(4)","серия","АО «НПО «Эшелон»","АО «Лаборатория ППШ»","АО «НИИ «Масштаб»","194100, г. Санкт-Петербург, ул. Кантемировская, д. 5, лит. А, (812) 309-0321",""
"4784","2024-03-05","2029-03-05","Комплекс межсетевой экран Solar","Соответствует требованиям документов: Требования доверия(4), Требования к МЭ, Профиль защиты МЭ(А четвертого класса защиты. ИТ.МЭ.А4.ПЗ), Профиль защиты МЭ(Б четвертого класса защиты. ИТ.МЭ.Б4.ПЗ), Требования к СОВ, Профили защиты СОВ(cети четвертого класса защиты. ИТ.СОВ.С4.ПЗ), ЗБ","серия","АО «НПО «Эшелон»","ФАУ «ГНИИИ ПТЗИ ФСТЭК России»","АО «СОЛАР СЕКЬЮРИТИ»","127015, г. Москва, ул. Вятская, д. 35, стр. 4, этаж 4, помещение № 7, комнаты 12, 20-23, 25-34, 48-54, 65, (499) 755-0770",""
"4785","2024-03-07","2029-03-07","Специальное программное обеспечение «Подсистема аутентификации и управления доступом»","Соответствует требованиям документов: Требования доверия(6), ТУ","серия","АО «ДОКУМЕНТАЛЬНЫЕ СИСТЕМЫ»","ООО «ЦБИ»","ООО «АСЭСТИК ИБТ»","123100, г. Москва, ул. Сергея Макеева, д. 7, стр. 2, эт. 3, комн. 2, (495) 128-8023",""
"4786","2024-03-13","2029-03-13","средство доверенной загрузки уровня базовой системы ввода-вывода «Dallas Lock»","Соответствует требованиям документов: Требования доверия(2), Требования к СДЗ, Профиль защиты СДЗ(базовой системы ввода-вывода второго класса защиты. ИТ.СДЗ.УБ2.ПЗ)","серия","АО «Технологии радиоконтроля»","АО «Лаборатория ППШ»","ООО «Конфидент»","192029, г. Санкт-Петербург, пр. Обуховской обороны, д. 51, лит. К, (812) 325-1037","2030-03-13"
"4787","2024-03-15","Бессрочно","программный комплекс мобилизационного назначения «ЦЕНТР»","Соответствует требованиям документов: Требования доверия(2)","3","ФГУП «НПП «Гамма»","ФСТЭК России","Минпромторг России","109074, г. Москва, Китайгородский пр., д. 7, (495) 539-2166",""
"4788","2024-03-19","2029-03-19","программно-аппаратный комплекс защиты информации индивидуальный носитель «РусТокен-Lite»","Соответствует требованиям документов: Требования доверия(4), ТУ","серия","АО Центр «Атомзащитаинформ»","ФАУ «ГНИИИ ПТЗИ ФСТЭК России»","АО «МО ПНИЭИ»","127018, г. Москва, ул. Сущевский Вал, дом 16, стр. 5, 2 этаж, (495) 780-4838",""
"4789","2024-03-19","Бессрочно","программа сбора данных для интегрированных структур и государственных корпораций","Соответствует требованиям документов: Требования доверия(2)","30","ФГУП «НПП «Гамма»","ФСТЭК России","Минпромторг России","125039, г. Москва, Пресненская наб., д. 10, стр. 2",""
"4790","2024-03-19","2029-03-19","программное обеспечение «BPMSoft»","Соответствует требованиям документов: Требования доверия(4), ТУ","серия","АО НПП «ЭПБ»","ФАУ «ГНИИИ ПТЗИ ФСТЭК России»","ООО «БПМСофт»","127015, г.Москва, ул. Бутырская, д. 76, стр. 1, (495) 070-0997",""
"4791","2024-03-20","Бессрочно","Прикладное программное обеспечение подсистема приема и обработки заявок автоматизированной системы управления «Объединенная диспетчерская служба Департамента жилищно-коммунального хозяйства города Москвы»","Соответствует требованиям документов: Требования доверия(6), ТУ","1","АО «ДОКУМЕНТАЛЬНЫЕ СИСТЕМЫ»","ФСТЭК России","ГКУ «Инфогород»","123112, г. Москва, 1-й Красногвардейский проезд, д. 21, стр. 1, (495) 957-0131",""
"4792","2024-04-09","Бессрочно","программное обеспечение «Сервис авторизации ситуационного центра электронного правительства»","Соответствует требованиям документов: Требования доверия(5), ТУ","1","АО НПП «ЭПБ»","ФСТЭК России","Минцифры России","123112, г. Москва, Пресненская наб., д. 10, стр. 2, (495) 771-8000",""
"4793","2024-03-28","2029-03-28","средство доверенной загрузки для вычислительной техники с ARM-архитектурой – Aladdin TSM ARM","Соответствует требованиям документов: Требования доверия(4), Требования к СДЗ, Профиль защиты СДЗ(базовой системы ввода-вывода четвертого класса защиты. ИТ.СДЗ.УБ4.ПЗ), ЗБ","серия","АО «НПО «Эшелон»","ФАУ «ГНИИИ ПТЗИ ФСТЭК России»","АО «Аладдин Р.Д.»","129226, г. Москва, ул. Докукина, д. 16, стр. 1, (495) 223-0001",""
"4794","2024-03-29","2029-03-29","ядро безопасности программного обеспечения «SiTex модуль интеграция. Версия СК»","Соответствует требованиям документов: Требования доверия(4), ТУ","серия","АО «Информакустика»","АО «БИТК»","ООО «Систематика Консалтинг»","105082, г. Москва, ул. Большая Почтовая, д. 26, стр. 1, эт./пом./ком. 6/I/2B",""
"4795","2024-03-29","Бессрочно","прикладное программное обеспечение «Единый реестр сведений о гражданах, подлежащих первоначальной постановке на воинский учет, гражданах, состоящих на воинском учете, а также о гражданах, не состоящих, но обязанных состоять на воинском учете»","Соответствует требованиям документов: Требования доверия(4), ТУ","1","ООО «КБ-Лаб»","ФСТЭК России","Минцифры России","123112, г. Москва, Пресненская наб., д. 10, стр. 2, (495) 771-8000",""
"4796","2024-04-18","2029-04-18","программное средство «Proxy Service»","Соответствует требованиям документов: Требования доверия(4), ТУ","серия","ООО «НТЦ «ИРБИС»","ООО «ЦБИ»","ООО «Систематика Консалтинг»","105082, г. Москва, ул. Большая Почтовая, д. 26, стр. 1, эт./пом./ком. 6/I/2B",""
"4797","2024-04-08","2029-04-08","программный комплекс «Гарда Deception»","Соответствует требованиям документов: Требования доверия(4), ТУ","серия","ООО НТЦ «Фобос-НТ»","ФАУ «ГНИИИ ПТЗИ ФСТЭК России»","ООО «Гарда Технологии»","603057, г. Нижний Новгород, пр. Гагарина, д. 50, корп. 9, (831) 422-1221",""
"4798","2024-04-05","2029-04-05","Системы измерительные автоматизированные «Шепот-М1»","Соответствует требованиям документов: ТУ, Методика АВАК-2022","серия","ООО «ЦБИ»","АО «БИТК»","ООО «ЦБИ «МАСКОМ»","129090, г. Москва, вн.рер.г. муниципальный округ Красносельский, пер. Живарев, д. 8, стр. 3, помещ. 1/5, (495) 136-4010","2039-04-05"
"4799","2024-04-11","Бессрочно","прикладное программное обеспечение государственной информационной системы жилищно-коммунального хозяйства","Соответствует требованиям документов: Требования доверия(4), ТУ","1","АО «ДОКУМЕНТАЛЬНЫЕ СИСТЕМЫ»","ФАУ «ГНИИИ ПТЗИ ФСТЭК России»","АО «Оператор информационной системы»","119435, г. Москва, ул. Большая Пироговская, д.27, стр.4, этаж 2, помещ./ком. III/1",""
"4800","2024-04-15","2029-04-15","программно-аппаратный комплекс «GM SMART KVM»","Соответствует требованиям документов: Требования доверия(4), ТУ","серия","АО «НПО «Эшелон»","ФАУ «ГНИИИ ПТЗИ ФСТЭК России»","ООО «ГЕТМОБИТ»","141983, Московская область, г. Дубна, ул. Программистов, д. 4, стр. 2, пом. 137",""
"4801","2024-04-18","Бессрочно","специальное программное обеспечение «АИС учета РИД»","Соответствует требованиям документов: Требования доверия(2), ТУ","20","ООО НТЦ «Фобос-НТ»","ФСТЭК России","Роспатент","125993, Москва, Бережковская наб., д. 24, стр. 12",""
"4802","2024-04-22","2029-04-22","Программный модуль расчета «Талис-Дельта»","Соответствует требованиям документов: ТУ, Методика АЭМП-2022","серия","ООО «ЦБИ»","АО «БИТК»","ООО «ЦБИ «МАСКОМ»","129090, г. Москва, вн.рер.г. муниципальный округ Красносельский, пер. Живарев, д. 8, стр. 3, помещ. 1/5, (495) 136-4010","2039-04-22"
"4803","2024-04-22","2029-04-22","Специальное программное обеспечение «АИСТ-2 Расчет»","Соответствует требованиям документов: ТУ, Методика АЭП-2018","серия","ООО «ЦБИ»","ФАУ «ГНИИИ ПТЗИ ФСТЭК России»","ЗАО НПЦ Фирма «НЕЛК»","109377, г. Москва, ул. 1-я Новокузьминская, дом 8/2, (495) 921-3374",""
"4804","2024-04-22","2029-04-22","программное средство оценки эффективности защиты акустической речевой информации от утечки по акустическому и виброакустическому каналам «ОЗАРИ ВП»","Соответствует требованиям документов: ТУ, Методика АВАК-2022","серия","АНО «Институт инженерной физики»","АО «БИТК»","ООО «ЦБИ»","141090, Московская область, г. Королев, микрорайон Юбилейный, ул. Ленинская, д. 11, (495) 543-3060",""
"4805","2024-04-24","2029-04-24","программно-аппаратный комплекс кластерной цифровой подстанции ПАК КЦПС (DSC-01R)","Соответствует требованиям документов: Требования доверия(4), ТУ","серия","ООО НТЦ «Фобос-НТ»","АО Центр «Атомзащитаинформ»","АО «РАСУ»","115230, г. Москва, Каширское шоссе, д. 3, корп. 2, стр. 16, 8 (495) 933-43-40",""
"4807","2024-04-26","Бессрочно","специальное программное обеспечение информационно-аналитической системы формирования и анализа результатов реализации государственной программы Российской Федерации «Развитие оборонно-промышленного комплекса»","Соответствует требованиям документов: Требования доверия(2)","5","АО «СКАТ»","ФСТЭК России","Минпромторг России","125039, г. Москва, Пресненская наб., д. 10, стр. 2",""
"4808","2024-05-07","Действие сертификата соответствия приостановлено 8 мая 2026 г.","программное изделие «Виртуальные комнаты данных»","Соответствует требованиям документов: Требования доверия(4), ТУ","серия","ООО «ЦБИ»","ФАУ «ГНИИИ ПТЗИ ФСТЭК России»","ООО ИК «СИБИНТЕК»","109382, г. Москва, Загородное шоссе, д. 1, корп. 1, (495) 755-5271",""
"4809","2024-05-08","2029-05-08","средство двухфакторной аутентификации Aladdin SecurLogon","Соответствует требованиям документов: Требования доверия(4), ТУ","серия","АО «НПО «Эшелон»","ФАУ «ГНИИИ ПТЗИ ФСТЭК России»","АО «Аладдин Р.Д.»","129226, г. Москва, ул. Докукина, д. 16, стр. 1, (495) 223-0001",""
"4811","2024-05-15","2029-05-15","программный комплекс «Система контроля действий поставщиков ИТ-услуг «Новые Технологии»","Соответствует требованиям документов: Требования доверия(4), ТУ","серия","АО «НПО «Эшелон»","ФАУ «ГНИИИ ПТЗИ ФСТЭК России»","ООО «АйТи Бастион»","119501, г. Москва, вн.тер.г. муниципальный округ Очаково-Матвеевский, ул. Староволынская, д. 15, корп. 1, помещ. 43, (499) 322-3667",""
"4812","2024-05-17","Бессрочно","прикладное программное обеспечение информационно-технологической компоненты внешнего взаимодействия автоматизированной информационной системы «Единое информационное пространство мировых судей города Москвы»","Соответствует требованиям документов: Требования доверия(6), ТУ","1","АО «ДОКУМЕНТАЛЬНЫЕ СИСТЕМЫ»","ФСТЭК России","ГКУ «Инфогород»","123112, г. Москва, 1-й Красногвардейский проезд, д. 21, стр. 1, (495) 957-0131",""
"4813","2024-05-17","Бессрочно","прикладное программное обеспечение информационной системы обеспечения деятельности мировых судей города Москвы","Соответствует требованиям документов: Требования доверия(6), ТУ","1","АО «ДОКУМЕНТАЛЬНЫЕ СИСТЕМЫ»","ФСТЭК России","ГКУ «Инфогород»","123112, г. Москва, 1-й Красногвардейский проезд, д. 21, стр. 1, (495) 957-0131",""
"4814","2024-05-21","2029-05-21","модуль защиты информации в прикладном программном обеспечении ИТС ЦКАД","Соответствует требованиям документов: Требования доверия(6), ТУ","серия","АО «НПО «Эшелон»","ФАУ «ГНИИИ ПТЗИ ФСТЭК России»","ООО «Шаркс ДЦ»","125047, г. Москва, вн.тер.г. муниципальный округ Тверской, 4-й Лесной пер., д. 4, (495) 227-4440",""
"4815","2024-05-30","2029-05-30","программный комплекс «Аркан 2.0»","Соответствует требованиям документов: Требования доверия(4), Требования к МЭ, Профиль защиты МЭ(Д четвертого класса защиты. ИТ.МЭ.Д4.ПЗ), Требования к СОВ, Профили защиты СОВ(cети четвертого класса защиты. ИТ.СОВ.С4.ПЗ)","серия","АО «НПО «Эшелон»","ФАУ «ГНИИИ ПТЗИ ФСТЭК России»","ООО «АСП Лабс»","121205, г. Москва, территория инновационного центра «Сколково», Большой бульвар, д. 42, стр. 1, этаж 1, пом. 336, раб. 15, (499) 444-5306",""
"4816","2024-05-30","2029-05-30","программный комплекс «Система контроля привилегированных пользователей SafeInspect»","Соответствует требованиям документов: Требования доверия(4), ТУ","серия","ЗАО «НПП «БИТ»","АО «Лаборатория ППШ»","ООО «Новые технологии безопасности»","143026, г. Москва, территория Сколково инновационного центра, ул. Нобеля, д. 5, этаж 2, пом. № 3, (495) 787-9936",""
"4817","2024-05-31","2029-05-31","программное обеспечение «Система удаленного управления мобильными устройствами»","Соответствует требованиям документов: Требования доверия(6), ТУ","1","АО «ДОКУМЕНТАЛЬНЫЕ СИСТЕМЫ»","ФСТЭК России","ГКУ «Инфогород»","123112, г. Москва, 1-й Красногвардейский проезд, д. 21, стр. 1, (495) 957-0131",""
"4818","2024-06-13","2029-06-13","операционная система РОСА «ХРОМ»","Соответствует требованиям документов: Требования доверия(4), Требования к ОС, Профиль защиты ОС(А четвертого класса защиты. ИТ.ОС.А4.ПЗ)","серия","ООО «ЦБИ»","ФАУ «ГНИИИ ПТЗИ ФСТЭК России»","АО «НТЦ ИТ РОСА»","124498, г. Москва, г. Зеленоград, пл. Шокина, д. 2, стр. 3, (499) 720-83-14",""
"4819","2024-06-10","2029-06-10","прикладное программное обеспечение информационной системы Арбитражного суда Московского округа","Соответствует требованиям документов: Требования доверия(6), ТУ","1","АО «ДОКУМЕНТАЛЬНЫЕ СИСТЕМЫ»","ФСТЭК России","Департамент информационных технологий города Москвы","123112, г. Москва, Красногвардейский 1-й проезд, д. 21, стр. 1, (495) 957-0131",""
"4820","2024-06-10","2029-06-10","программное изделие «Multi-D Интеграционная шина Предприятия»","Соответствует требованиям документов: Требования доверия(4), ТУ","серия","АО Центр «Атомзащитаинформ»","ФАУ «ГНИИИ ПТЗИ ФСТЭК России»","АО «Атомстройэкспорт»","603006, г. Нижний Новгород, площадь Свободы, д. 3",""
"4821","2024-06-13","2029-06-13","Arenadata Hadoop Platform","Соответствует требованиям документов: Требования доверия(4), ТУ","серия","АО НПП «ЭПБ»","ФАУ «ГНИИИ ПТЗИ ФСТЭК России»","ООО «Аренадата Софтвер»","129085, г. Москва, ул. Годовикова, д. 9, стр. 17, этаж 8, помещение 4, (495) 788-9999",""
"4822","2024-06-27","2029-06-27","программное обеспечение «МойОфис Документы для ОС Аврора»","Соответствует требованиям документов: Требования доверия(4)","серия","АО Центр «Атомзащитаинформ»","ФАУ «ГНИИИ ПТЗИ ФСТЭК России»","ООО «НОВЫЕ ОБЛАЧНЫЕ ТЕХНОЛОГИИ»","420500, Республика Татарстан, г. Иннополис, ул. Университетская, д. 7, офис 302, (495) 134-0032","2030-06-27"
"4823","2024-07-03","2029-07-03","программное обеспечение Arenadata QuickMarts T4","Соответствует требованиям документов: Требования доверия(4), Требования к СУБД(4)","серия","АО НПП «ЭПБ»","ФАУ «ГНИИИ ПТЗИ ФСТЭК России»","ООО «Аренадата Софтвер»","129085, г. Москва, ул. Годовикова, д. 9, стр. 17, этаж 8, помещение 4, (495) 788-9999",""
"4824","2024-07-03","2029-07-03","программное обеспечение Arenadata Analytical DB T4","Соответствует требованиям документов: Требования доверия(4), Требования к СУБД(4)","серия","АО НПП «ЭПБ»","ФАУ «ГНИИИ ПТЗИ ФСТЭК России»","ООО «Аренадата Софтвер»","129085, г. Москва, ул. Годовикова, д. 9, стр. 17, этаж 8, помещение 4, (495) 788-9999",""
"4825","2024-07-03","2029-07-03","программное обеспечение Solar appScreener версии 3","Соответствует требованиям документов: Требования доверия(4), ТУ","серия","АО «НПО «Эшелон»","АО «Лаборатория ППШ»","АО «СОЛАР СЕКЬЮРИТИ»","127015, г. Москва, ул. Вятская, д. 35, стр. 4, этаж 4, помещение № 7, комнаты 12, 20-23, 25-34, 48-54, 65, (499) 755-0770",""
"4827","2024-08-02","2029-08-02","агрегатор с однонаправленной передачей DS Diod","Соответствует требованиям документов: Требования доверия(4), ТУ","серия","ООО «НТЦ «ИРБИС»","ФАУ «ГНИИИ ПТЗИ ФСТЭК России»","АО «НПП «Цифровые решения»","111020, г. Москва, 2-я ул. Синичкина, д. 9а, стр. 7, эт. 3, пом. I, ком. 4, (495) 978-2870",""
"4828","2024-08-05","2029-08-05","защищенный программный комплекс «1С:Предприятие 8z»","Соответствует требованиям документов: Требования доверия(4), РД СВТ(5)","серия","ЗАО ГИЦ ПС ВТ","ФАУ «ГНИИИ ПТЗИ ФСТЭК России»","ООО «НПЦ «1С»","119285, г. Москва, ул. Достоевского, д. 1/21, стр. 1, (495) 258-4408",""
"4829","2024-07-23","Бессрочно","прикладное программное обеспечение «Интеграционная платформа» автоматизированной информационной системы координации работы органов исполнительной власти города Москвы по обеспечению поступления в бюджет города Москвы доходов от отдельных видов налогов и сборов","Соответствует требованиям документов: Требования доверия(6), ТУ","1","АО «ДОКУМЕНТАЛЬНЫЕ СИСТЕМЫ»","ФСТЭК России","ГКУ «Инфогород»","123112, г. Москва, 1-й Красногвардейский проезд, д. 21, стр. 1, (495) 957-0131",""
"4830","2024-07-26","2029-07-26","программный комплекс «ALD Pro»","Соответствует требованиям документов: Требования доверия(2), ТУ","серия","АО «НПО «Эшелон»","ФАУ «ГНИИИ ПТЗИ ФСТЭК России»","ООО «РусБИТех-Астра»","117105, г. Москва, Варшавское шоссе, д. 26, стр. 11, (495) 369-4816","2050-12-31"
"4831","2024-07-25","2029-07-25","ViPNet Coordinator HW 5","Соответствует требованиям документов: Требования доверия(4), Требования к МЭ, Профиль защиты МЭ(А четвертого класса защиты. ИТ.МЭ.А4.ПЗ), Профиль защиты МЭ(Б четвертого класса защиты. ИТ.МЭ.Б4.ПЗ), Требования к СОВ, Профили защиты СОВ(cети четвертого класса защиты. ИТ.СОВ.С4.ПЗ)","серия","ООО «ЦБИ»","ФАУ «ГНИИИ ПТЗИ ФСТЭК России»","АО «ИнфоТеКС»","125167, г. Москва, вн.тер.г. муниципальный округ Хорошевский, ул. Викторенко, д. 9, стр. 1, помещ. 47, (495) 737-6192","2029-07-25"
"4832","2024-08-02","2029-08-02","межсетевой экран Интернет Контроль Сервер","Соответствует требованиям документов: Требования доверия(4), Требования к МЭ, Профиль защиты МЭ(А четвертого класса защиты. ИТ.МЭ.А4.ПЗ), Профиль защиты МЭ(Б четвертого класса защиты. ИТ.МЭ.Б4.ПЗ), Требования к СОВ, Профили защиты СОВ(cети четвертого класса защиты. ИТ.СОВ.С4.ПЗ), ЗБ","серия","ООО НТЦ «Фобос-НТ»","ФАУ «ГНИИИ ПТЗИ ФСТЭК России»","ООО «А-Реал Консалтинг»","150044, г. Ярославль, Полушкина роща, д. 16, стр. 67А",""
"4833","2024-08-02","2029-08-02","система контроля и разграничения доступа «Diamond ACS»","Соответствует требованиям документов: Требования доверия(4), Требования к СДЗ, Профиль защиты СДЗ(платы расширения четвертого класса защиты. ИТ.СДЗ.ПР4.ПЗ), Требования к СКН, Профиль защиты СКН(контроля подключения съемных машинных носителей информации четвертого класса защиты. ИТ.СКН.П4.ПЗ)","серия","ООО НТЦ «Фобос-НТ»","ФАУ «ГНИИИ ПТЗИ ФСТЭК России»","ООО «ТСС»","141290, г. Красноармейск, Московская область, Чкалова ул., д. 8, пом. 9,, (495) 120-1284",""
"4834","2024-08-06","Бессрочно","программное обеспечение «Средство защиты информации подсистемы среды поддержки клиентоцентричного государства федеральной государственной информационной системы «Единый портал государственных и муниципальных услуг (функций)»","Соответствует требованиям документов: Требования доверия(4), ТУ","20","АО «ДОКУМЕНТАЛЬНЫЕ СИСТЕМЫ»","ФСТЭК России","Минцифры России","123112, г. Москва, Пресненская наб., д. 10, стр. 2, (495) 771-8000",""
"4835","2024-09-23","2029-09-23","Центр сертификатов доступа Aladdin Enterprise Certificate Authority Certified Edition","Соответствует требованиям документов: Требования доверия(4), ТУ","серия","ООО НТЦ «Фобос-НТ»","ФАУ «ГНИИИ ПТЗИ ФСТЭК России»","АО «Аладдин Р.Д.»","129226, г. Москва, ул. Докукина, д. 16, стр. 1, (495) 223-0001",""
"4836","2024-08-19","2029-08-19","программное обеспечение «Московская серверная операционная система»","Соответствует требованиям документов: Требования доверия(5), Требования к ОС, Профиль защиты ОС(А пятого класса защиты. ИТ.ОС.А5.ПЗ)","серия","АО НПП «ЭПБ»","ФСТЭК России","ГКУ «Инфогород»","123112, г. Москва, 1-й Красногвардейский проезд, д. 21, стр. 1, (495) 957-0131",""
"4837","2024-08-29","2029-08-29","Средство активной защиты информации от утечки за счет побочных электромагнитных излучений и наводок «Кедр-П»","Соответствует требованиям документов: Требования к САЗ ПЭМИН-2014(А), Требования к САЗ ПЭМИН-2014(Б), ТУ","серия","АО «БИТК»","ООО «ЦБИ»","ООО «АПиСТЗ»","117534, г. Москва, вн.тер.г. муниципальный округ Чертаново Южное, ул. Кировоградская, д. 23А, (495) 926-38-58",""
"4838","2024-08-19","Бессрочно","программное обеспечение «Модуль безопасности DIT.ID»","Соответствует требованиям документов: Требования доверия(4), ТУ","3","АО «ДОКУМЕНТАЛЬНЫЕ СИСТЕМЫ»","ФСТЭК России","ГКУ «Инфогород»","123112, г. Москва, 1-й Красногвардейский проезд, д. 21, стр. 1, (495) 957-0131",""
"4839","2024-08-15","2029-08-15","серверная операционная система с интегрированными серверными службами МСВСфера 7.3 Сервер","Соответствует требованиям документов: Требования доверия(4), Требования к ОС, Профиль защиты ОС(А четвертого класса защиты. ИТ.ОС.А4.ПЗ)","серия","ООО «ЦБИ»","ФАУ «ГНИИИ ПТЗИ ФСТЭК России»","ООО «Профиль Защиты»","141090, Московская обл., г. Королев, мкр. Юбилейный, ул. Пионерская, д. 1/4, пом. XXXXI",""
"4840","2024-08-20","2029-08-20","клиентская операционная система с интегрированными пользовательскими приложениями МСВСфера 7.3 АРМ","Соответствует требованиям документов: Требования доверия(4), Требования к ОС, Профиль защиты ОС(А четвертого класса защиты. ИТ.ОС.А4.ПЗ)","серия","ООО «ЦБИ»","ФАУ «ГНИИИ ПТЗИ ФСТЭК России»","ООО «Профиль Защиты»","141090, Московская обл., г. Королев, мкрн. Юбилейный, ул. Пионерская, д. 1/4, пом. 19, (495) 511-0788",""
"4841","2024-08-20","2029-08-20","фильтрующий элемент замкнутых экранов «ЛРЧФ-100-1Ф»","Соответствует требованиям документов: ТУ","серия","АО «Лаборатория ППШ»","ФАУ «ГНИИИ ПТЗИ ФСТЭК России»","ООО «Ленспецпроизводство»","199178, г. Санкт-Петербург, наб. реки Смоленки, д. 25, лит. Е, оф. 134, (812) 309-6170",""
"4842","2024-09-03","2029-09-03","Фильтр сетевой помехоподавляющий ФСП-3Ф-10А-ИН","Соответствует требованиям документов: Требования к ПСЗ ПЭМИН-2015, ТУ","серия","АО «Лаборатория ППШ»","ФАУ «ГНИИИ ПТЗИ ФСТЭК России»","АО «Приборостроитель»","188800 г. Выборг, ул. Данилова, д. 15, (81378) 25-407",""
"4843","2024-08-27","2029-08-27","система управления базами данных Q.DataBase","Соответствует требованиям документов: Требования доверия(4), Требования к СУБД(4)","серия","АО НПП «ЭПБ»","АО «НПО «Эшелон»","ООО «Диасофт Экосистема»","127018, г. Москва, ул. Полковая, д. 3, стр. 14, этаж 5, комната 510, 7 (495) 780-75-75",""
"4844","2024-09-19","2029-09-19","BI.ZONE Privileged Access Management","Соответствует требованиям документов: Требования доверия(4), ТУ","серия","АО «ИНСЕК-СЗ»","АО «Лаборатория ППШ»","ООО «БИЗон»","105066, г. Москва, ул. Ольховская, д. 4, корп. 2, оф. 515",""
"4845","2024-08-30","2029-08-30","программный комплекс UEM SafeMobile","Соответствует требованиям документов: Требования доверия(4), Требования доверия(6), ТУ","серия","АО «ДОКУМЕНТАЛЬНЫЕ СИСТЕМЫ»","ФАУ «ГНИИИ ПТЗИ ФСТЭК России»","ООО «НИИ СОКБ Центр разработки»","121205, Москва, Территория Сколково Инновационного Центра, Бульвар Большой, д. 42, строение 1, эт. 0, пом. 137, раб. 24",""
"4846","2024-09-04","2029-09-04","программное изделие «Kaspersky Security для виртуальных сред 6.4 Легкий агент»","Соответствует требованиям документов: Требования доверия(4), Требования к САВЗ, Профиль защиты САВЗ(Б четвертого класса защиты. ИТ.САВЗ.Б4.ПЗ), Профиль защиты САВЗ(В четвертого класса защиты. ИТ.САВЗ.В4.ПЗ), Требования к СКН, Профиль защиты СКН(контроля подключения съемных машинных носителей информации четвертого класса защиты. ИТ.СКН.П4.ПЗ), ЗБ","серия","ООО НТЦ «Фобос-НТ»","ФАУ «ГНИИИ ПТЗИ ФСТЭК России»","АО «Лаборатория Касперского»","125212, г. Москва, Ленинградское шоссе, д. 39А, стр. 2, (495) 797-8700","2029-09-04"
"4847","2024-09-05","Бессрочно","прикладное программное обеспечение автоматизированной информационной системы по выдаче охотничьих билетов в городе Москве","Соответствует требованиям документов: Требования доверия(6), ТУ","1","АО «ДОКУМЕНТАЛЬНЫЕ СИСТЕМЫ»","ФСТЭК России","ГКУ «Инфогород»","123112, г. Москва, 1-й Красногвардейский проезд, д. 21, стр. 1, (495) 957-0131",""
"4848","2024-09-09","Бессрочно","прикладное программное обеспечение автоматизированной информационной системы «Реестр зеленых насаждений»","Соответствует требованиям документов: Требования доверия(6), ТУ","1","АО «ДОКУМЕНТАЛЬНЫЕ СИСТЕМЫ»","ФСТЭК России","ГКУ «Инфогород»","123112, г. Москва, 1-й Красногвардейский проезд, д. 21, стр. 1, (495) 957-0131",""
"4849","2024-09-18","2029-09-18","программное обеспечение «Система управления жизненным циклом изделия ЛОЦМАН: PLM CERTIFIED»","Соответствует требованиям документов: Требования доверия(4), ТУ","серия","АО «НПО «Эшелон»","ФАУ «ГНИИИ ПТЗИ ФСТЭК России»","ООО «АСКОН-Бизнес-решения»","140415, Московская обл., г. Коломна, ул. Л. Толстого, д. 2, (496) 612-03-06",""
"4850","2024-09-18","2029-09-18","программно-аппаратный комплекс блоков микропроцессорных релейной защиты БМРЗ, центральной сигнализации БМЦС-40, автоматической разгрузки по частоте и напряжению БРЧН","Соответствует требованиям документов: Требования доверия(4), ЗБ","серия","АО «Информакустика»","АО «НИИАС»","ООО «НТЦ «Механотроника»","198206, г. Санкт-Петербург, ул. Пионерстроя, д. 23, лит. А, (812) 654-3582",""
"4851","2024-09-20","2029-09-20","программный комплекс «Secure Authentication Server»","Соответствует требованиям документов: Требования доверия(4), ТУ","серия","ООО «КБ-Лаб»","ФАУ «ГНИИИ ПТЗИ ФСТЭК России»","ООО «СИС РАЗРАБОТКА»","117246, г. Москва, вн.тер.г. муниципальный округ Черемушки, проезд Научный, д. 17, эт. 8, пом. XXXVII",""
"4853","2024-09-27","2029-09-27","программное обеспечение «Система серверной виртуализации «Р-Виртуализация»","Соответствует требованиям документов: Требования доверия(4), Требования к средствам контейнеризации(4), Требования к средствам виртуализации(4)","серия","АО «НПО «Эшелон»","ФАУ «ГНИИИ ПТЗИ ФСТЭК России»","ООО «Р-Платформа»","None",""
"4854","2024-10-25","2029-10-25","программно-аппаратный комплекс «Переключатель накопителя данных-С»","Соответствует требованиям документов: Требования доверия(2), ТУ","серия","АО Центр «Атомзащитаинформ»","ФАУ «ГНИИИ ПТЗИ ФСТЭК России»","АО «ФНПЦ «ПО «Старт» им. М.В.Проценко»","442960, Пензенская обл., г. Заречный, пр-т Мира, д. 1, (841-2) 23-2853",""
"4855","2024-09-23","2029-09-23","межсетевой экран «Аргос FW»","Соответствует требованиям документов: Требования доверия(4), Требования к МЭ, Профиль защиты МЭ(А четвертого класса защиты. ИТ.МЭ.А4.ПЗ), Профиль защиты МЭ(Б четвертого класса защиты. ИТ.МЭ.Б4.ПЗ)","серия","ООО «КБ-Лаб»","ФАУ «ГНИИИ ПТЗИ ФСТЭК России»","ООО «ТехАргос»","127015, Москва, ул. Новодмитровская 2Б, этаж 1, Помещение №III, комнаты № 8, 10-14; этаж 6, Помещение №XII, комнаты № 1-18, 20-26, 29-56, 58-63, (800) 770-7060",""
"4856","2024-09-24","2029-09-24","система управления базами данных «Tantor»","Соответствует требованиям документов: Требования доверия(4), Требования к СУБД(4)","серия","ООО «ЦБИ»","ФАУ «ГНИИИ ПТЗИ ФСТЭК России»","ООО «ТАНТОР ЛАБС»","105066, г. Москва, вн.тер.г. муниципальный округ Басманный, ул. Нижняя Красносельская, д. 35, стр. 9, эт. 0, ком./помещ. 36/6","2050-12-31"
"4857","2024-09-24","2029-09-24","программное обеспечение «Private Cloud от VK»","Соответствует требованиям документов: Требования доверия(4), ТУ, Требования к средствам виртуализации(4)","серия","ООО «КБ-Лаб»","ООО «ЦБИ»","ООО «ВК Цифровые Технологии»","125167, г. Москва, Ленинградский проспект, д. 39, стр. 79, (495) 725-6357",""
"4858","2024-09-26","Бессрочно","программное обеспечение «Региональный сервис аутентификации и авторизации сотрудников органов государственной власти и учреждений Пермского края»","Соответствует требованиям документов: Требования доверия(4), ТУ","1","АО «ДОКУМЕНТАЛЬНЫЕ СИСТЕМЫ»","ФСТЭК России","Министерство информационного развития и связи Пермского края","614000, Пермский край, г. Пермь, Ленина ул., д. 66, (342) 253-7180",""
"4859","2024-10-04","2029-10-04","программное обеспечение «Система распределенного хранения данных «Р-Хранилище»","Соответствует требованиям документов: Требования доверия(4), ТУ","серия","АО «НПО «Эшелон»","ФАУ «ГНИИИ ПТЗИ ФСТЭК России»","ООО «Р-Платформа»","None",""
"4860","2024-10-04","2029-10-04","программное обеспечение «Deckhouse Platform Certified Security Edition»","Соответствует требованиям документов: Требования доверия(4), Требования к средствам контейнеризации(4), Требования к средствам виртуализации(4)","серия","ООО «КБ-Лаб»","ООО «ЦБИ»","АО «Флант»","115088, г. Москва, ул. Угрешская, д. 12, стр. 4, офис 47А, (495) 721-1027",""
"4861","2024-10-04","2029-10-04","программная система управления средой виртуализации с подсистемой безагентного резервного копирования виртуальных машин «ROSA Virtualization 3.0»","Соответствует требованиям документов: Требования доверия(4), Требования к средствам виртуализации(4)","серия","ООО «ЦБИ»","ФАУ «ГНИИИ ПТЗИ ФСТЭК России»","АО «НТЦ ИТ РОСА»","124498, г. Москва, г. Зеленоград, пл. Шокина, д. 2, стр. 3, (499) 720-83-14",""
"4862","2024-10-04","2029-10-04","система управления базами данных Picodata","Соответствует требованиям документов: Требования доверия(6), Требования к СУБД(6)","серия","ООО «ЛИССИ-Софт»","АО «НПО «Эшелон»","ООО «Пикодата»","129085, г. Москва, вн.тер.г. муниципальный округ Останкинский, ул. Годикова, д. 9, стр. 17, эт. 8, часть пом. 4, +7(495) 846-8041",""
"4863","2024-10-08","2029-10-08","Шлюз безопасности Web Application Firewall (WAF) «Dallas Lock» («WAF Dallas Lock»)","Соответствует требованиям документов: Требования доверия(4), Требования к МЭ, Профиль защиты МЭ(Б четвертого класса защиты. ИТ.МЭ.Б4.ПЗ), Профиль защиты МЭ(Г четвертого класса защиты. ИТ.МЭ.Г4.ПЗ), Требования к СОВ, Профили защиты СОВ(cети четвертого класса защиты. ИТ.СОВ.С4.ПЗ)","серия","ООО «ЦБИ»","АО «Лаборатория ППШ»","ООО «Конфидент»","192029, г. Санкт-Петербург, пр. Обуховской обороны, д. 51, лит. К, (812) 325-1037",""
"4864","2024-10-08","2029-10-08","программный комплекс «Средства виртуализации «Брест»","Соответствует требованиям документов: Требования доверия(2), Требования к средствам виртуализации(2)","серия","АО «НПО «Эшелон»","ФАУ «ГНИИИ ПТЗИ ФСТЭК России»","ООО «РусБИТех-Астра»","117105, г. Москва, Варшавское шоссе, д. 26, стр. 11, (495) 369-4816","2050-12-31"
"4865","2024-10-09","Бессрочно","прикладное программное обеспечение информационной системы «Региональная система капитального ремонта многоквартирных домов города Москвы»","Соответствует требованиям документов: Требования доверия(6), ТУ","1","АО «ДОКУМЕНТАЛЬНЫЕ СИСТЕМЫ»","ФСТЭК России","ГКУ «Инфогород»","123112, г. Москва, 1-й Красногвардейский проезд, д. 21, стр. 1, (495) 957-0131",""
"4866","2024-10-16","2029-10-16","программное обеспечение «Гражданский фактор»","Соответствует требованиям документов: Требования доверия(4), ТУ","серия","АО НПП «ЭПБ»","ФАУ «ГНИИИ ПТЗИ ФСТЭК России»","ООО «Клин Дейта»","129085, г. Москва, ул. Годовикова, д. 9, стр. 17, этаж 8, часть помещения 4,",""
"4867","2024-11-13","2029-11-13","операционная система РОСА «МОБАЙЛ»","Соответствует требованиям документов: Требования доверия(4), Требования к ОС, Профиль защиты ОС(А четвертого класса защиты. ИТ.ОС.А4.ПЗ)","серия","ООО НТЦ «Фобос-НТ»","ФАУ «ГНИИИ ПТЗИ ФСТЭК России»","АО «НТЦ ИТ РОСА»","124498, г. Москва, г. Зеленоград, пл. Шокина, д. 2, стр. 3, (499) 720-83-14",""
"4868","2024-10-25","2029-10-25","модуль доверенной загрузки «Аккорд-МКТ»","Соответствует требованиям документов: Требования доверия(4), Требования к СДЗ, Профиль защиты СДЗ(базовой системы ввода-вывода четвертого класса защиты. ИТ.СДЗ.УБ4.ПЗ)","серия","ООО «ЦБИ»","ФАУ «ГНИИИ ПТЗИ ФСТЭК России»","АО «ОКБ САПР»","115114, г. Москва, 2-й Кожевнический переулок, д. 12, эт. 2, пом. I, ком. 21, (495) 994-7262",""
"4869","2024-11-08","Бессрочно","программное обеспечение «Типовая информационная система органов исполнительной власти»","Соответствует требованиям документов: Требования доверия(6), ТУ","1","АО «Лаборатория ППШ»","ФСТЭК России","ГКУ «Инфогород»","123112, г. Москва, 1-й Красногвардейский проезд, д. 21, стр. 1, (495) 957-0131",""
"4870","2024-11-08","2029-11-08","Специальное программное обеспечение «Облачный архив»","Соответствует требованиям документов: Требования доверия(4), ТУ","серия","АО НПП «ЭПБ»","ФСТЭК России","Минцифры России","123112, г. Москва, Пресненская наб., д. 10, стр. 2, (495) 771-8000",""
"4871","2024-11-08","2029-11-08","цифровая платформа по разработке и применению цифровых двойников CML-Bench","Соответствует требованиям документов: Требования доверия(6), ТУ","серия","АО Центр «Атомзащитаинформ»","ФАУ «ГНИИИ ПТЗИ ФСТЭК России»","ФГАОУ ВО «Санкт-Петербургский политехнический университет Петра Великого»","195251, г. Санкт-Петербург, ул. Политехническая, д. 29, (812) 297-2095",""
"4872","2024-11-18","2029-11-18","программное изделие «Модуль защиты информации «Е5 УАК»","Соответствует требованиям документов: Требования доверия(4), ТУ","серия","ООО НТЦ «Фобос-НТ»","ФАУ «ГНИИИ ПТЗИ ФСТЭК России»","ЗАО «Элемент 5»","117587, Москва, Варшавское ш., д. 125, стр. 1",""
"4873","2024-11-18","Бессрочно","программное обеспечение «Единый реестр государственных услуг»","Соответствует требованиям документов: Требования доверия(6), ТУ","1","АО «Лаборатория ППШ»","ФСТЭК России","ГКУ «Инфогород»","123112, г. Москва, 1-й Красногвардейский проезд, д. 21, стр. 1, (495) 957-0131",""
"4874","2024-11-18","2029-11-18","средство однонаправленной передачи информации JaCarta FlashDiode","Соответствует требованиям документов: Требования доверия(2), ТУ","серия","АО «НПО «Эшелон»","ЗАО «НПП «БИТ»","АО «Аладдин Р.Д.»","129226, г. Москва, ул. Докукина, д. 16, стр. 1, (495) 223-0001",""
"4875","2024-11-15","2029-11-15","устройство защиты громкоговорителей систем оповещения «Гранит-20»","Соответствует требованиям документов: ТУ","серия","АО «Лаборатория ППШ»","ФАУ «ГНИИИ ПТЗИ ФСТЭК России»","ООО «Ленспецпроизводство»","199178, г. Санкт-Петербург, наб. реки Смоленки, д. 25, лит. Е, оф. 134, (812) 309-6170",""
"4876","2024-11-21","Бессрочно","прикладное программное обеспечение Информационной системы московского электронного документооборота 2.0","Соответствует требованиям документов: Требования доверия(4), ТУ","1","АО «ДОКУМЕНТАЛЬНЫЕ СИСТЕМЫ»","ФСТЭК России","ГКУ «Инфогород»","123112, г. Москва, 1-й Красногвардейский проезд, д. 21, стр. 1, (495) 957-0131",""
"4877","2024-11-19","2029-11-19","программно-аппаратный комплекс «Positive Technologies Next Generation Firewall»","Соответствует требованиям документов: Требования доверия(4), Требования к МЭ, Профиль защиты МЭ(Д четвертого класса защиты. ИТ.МЭ.Д4.ПЗ), Требования к МЭ NGFW(4)","серия","АО «ИНСЕК-СЗ»","ФАУ «ГНИИИ ПТЗИ ФСТЭК России»","АО «Позитив Текнолоджиз»","107061, г. Москва, вн.тер.г. муниципальный округ Преображенское, Преображенская пл., д. 8, помещ. 60, (495) 744-0144","2030-12-31"
"4878","2024-11-22","2029-11-22","система предотвращения анонимных утечек текстовых документов «DocMarking»","Соответствует требованиям документов: Требования доверия(4), ТУ","серия","ООО «ЦБИ»","ФАУ «ГНИИИ ПТЗИ ФСТЭК России»","ИСП РАН","109004, г. Москва, ул. Александра Солженицына, д. 25, (495) 912-44-25",""
"4879","2024-11-25","2029-11-25","программное изделие «Система резервного копирования «RuBackup»","Соответствует требованиям документов: Требования доверия(4), ТУ","серия","ООО «ЦБИ»","ФАУ «ГНИИИ ПТЗИ ФСТЭК России»","ООО «РУБЭКАП»","117105, Москва, Варшавское шоссе, д.26, +7(495) 369 48 90","2050-12-31"
"4880","2024-11-25","2029-11-25","облачная среда виртуализации «Асперитас»","Соответствует требованиям документов: Требования доверия(4), Требования к средствам виртуализации(4)","серия","ООО «ЦБИ»","ФАУ «ГНИИИ ПТЗИ ФСТЭК России»","ИСП РАН","109004, г. Москва, ул. Александра Солженицына, д. 25, (495) 912-44-25",""
"4882","2024-11-29","Бессрочно","программное обеспечение «Портал государственных и муниципальных услуг (функций) города Москвы», версия 2","Соответствует требованиям документов: Требования доверия(6), ТУ","1","АО «Лаборатория ППШ»","ФСТЭК России","ГКУ «Инфогород»","123112, г. Москва, 1-й Красногвардейский проезд, д. 21, стр. 1, (495) 957-0131",""
"4883","2024-12-04","2029-12-04","система управления контейнерами «Platform V DropApp»","Соответствует требованиям документов: Требования доверия(4), Требования к средствам контейнеризации(4)","серия","ООО «КБ-Лаб»","АО Центр «Атомзащитаинформ»","акционерное общество «Сбербанк-Технологии»","117105, г. Москва, Новоданиловская набережная, д. 10, (495) 669-0808",""
"4884","2024-12-04","2029-12-04","операционная система «Platform V SberLinux OS Server»","Соответствует требованиям документов: Требования доверия(4), Требования к ОС, Профиль защиты ОС(А четвертого класса защиты. ИТ.ОС.А4.ПЗ), Требования к средствам контейнеризации(4), Требования к средствам виртуализации(4)","серия","ООО «КБ-Лаб»","АО Центр «Атомзащитаинформ»","акционерное общество «Сбербанк-Технологии»","117105, г. Москва, Новоданиловская набережная, д. 10, (495) 669-0808",""
"4885","2024-12-05","Бессрочно","программное обеспечение «Шлюзовой модуль (API Gateway)»","Соответствует требованиям документов: Требования доверия(4), ТУ","50","ООО «КБ-Лаб»","ФСТЭК России","Минцифры России","123112, г. Москва, Пресненская наб., д. 10, стр. 2, (495) 771-8000",""
"4886","2024-12-06","2029-12-06","программный комплекс кибертренировок «Солар Кибермир»","Соответствует требованиям документов: Требования доверия(4), ТУ","серия","АО «ДОКУМЕНТАЛЬНЫЕ СИСТЕМЫ»","ФАУ «ГНИИИ ПТЗИ ФСТЭК России»","АО «СОЛАР СЕКЬЮРИТИ»","127015, г. Москва, ул. Вятская, д. 35, стр. 4, этаж 4, помещение № 7, комнаты 12, 20-23, 25-34, 48-54, 65, (499) 755-0770",""
"4887","2024-12-10","2029-12-10","средство автоматизации и управления службами данных RT.ClusterManager (RTCM)","Соответствует требованиям документов: Требования доверия(4), ТУ","серия","ООО «ЛИССИ-Софт»","ФСТЭК России","ООО «ТДата»","119415, г. Москва, пр-кт Вернадского, д. 41, офис 1012, (939) 840-62 95",""
"4888","2024-12-10","2029-12-10","программный комплекс «Система управления событиями информационной безопасности R-Vision Security Information and Event Management»","Соответствует требованиям документов: Требования доверия(4), ТУ","серия","ООО НТЦ «Фобос-НТ»","ФАУ «ГНИИИ ПТЗИ ФСТЭК России»","ООО «Р-Вижн»","109544, Москва, бульвар Энтузиастов, д. 2, этаж 23, комната 50, (499) 322 80-40",""
"4889","2024-12-18","2029-12-18","Комплекс активной защиты «Торн»","Соответствует требованиям документов: ТУ","серия","ООО «ЦБИ»","АО «БИТК»","ЗАО «ЗЭТ»","194100, г. Санкт-Петербург, ул. Кантемировская, д. 5, (812) 777-8979",""
"4890","2024-12-12","2029-12-12","программное обеспечение «VK Cloud Storage»","Соответствует требованиям документов: Требования доверия(4), ТУ","серия","АО «НПО «Эшелон»","АО Центр «Атомзащитаинформ»","ООО «ВК Цифровые Технологии»","125167, г. Москва, Ленинградский проспект, д. 39, стр. 79, (495) 725-6357",""
"4891","2024-12-12","2029-12-12","комплекс программ для программно-аппаратного комплекса систем автоматизированного проектирования","Соответствует требованиям документов: Требования доверия(6), ТУ","серия","АО «НПО «Эшелон»","АО Центр «Атомзащитаинформ»","АО «Системы управления»","117393, г. Москва, ул. Профсоюзная, д. 78, стр. 1, (495) 995-0988",""
"4892","2024-12-16","2029-12-16","система управления базами данных «Персей»","Соответствует требованиям документов: Требования доверия(4), Требования к СУБД(4)","серия","МГТУ им. Н.Э.Баумана","ФАУ «ГНИИИ ПТЗИ ФСТЭК России»","ООО «МТ-Интеграция»","121151, Москва, вн.тер.г. м.о. Дорогомилово, ул. Раевского, д. 4, стр. 1А, эт./пом. 4/1",""
"4893","2024-12-18","2029-12-18","программное изделие «Kaspersky OS»","Соответствует требованиям документов: Требования доверия(4), Требования к ОС, Профиль защиты ОС(А четвертого класса защиты. ИТ.ОС.А4.ПЗ)","серия","ООО НТЦ «Фобос-НТ»","ФАУ «ГНИИИ ПТЗИ ФСТЭК России»","АО «Лаборатория Касперского»","125212, г. Москва, Ленинградское шоссе, д. 39А, стр. 2, (495) 797-8700","2029-12-18"
"4894","2024-12-18","2029-12-18","программное изделие «Kaspersky IoT Secure Gateway»","Соответствует требованиям документов: Требования доверия(4), Требования к МЭ, Профиль защиты МЭ(Д четвертого класса защиты. ИТ.МЭ.Д4.ПЗ)","серия","ООО НТЦ «Фобос-НТ»","ФАУ «ГНИИИ ПТЗИ ФСТЭК России»","АО «Лаборатория Касперского»","125212, г. Москва, Ленинградское шоссе, д. 39А, стр. 2, (495) 797-8700","2027-05-20"
"4897","2024-12-26","Бессрочно","программное обеспечение «Атом.Контент 2.0»","Соответствует требованиям документов: Требования доверия(4), ТУ","500","ООО «ТЕХКОНСУР»","АО Центр «Атомзащитаинформ»","АО «Атомэнергопром»","119017, г. Москва, ул. Большая Ордынка, д. 24",""
"4898","2024-12-27","2029-12-27","Система управления контентом МСВСфера Инфооборот 6.2","Соответствует требованиям документов: Требования доверия(4), ЗБ","серия","ООО «ЦБИ»","ФАУ «ГНИИИ ПТЗИ ФСТЭК России»","ООО «Профиль Защиты»","141090, Московская обл., г. Королев, мкрн. Юбилейный, ул. Пионерская, д. 1/4, пом. 19, (495) 511-0788",""
"4899","2024-12-28","2029-12-28","платформа защиты веб-приложений «Вебмониторэкс»","Соответствует требованиям документов: Требования доверия(4), Требования к МЭ, Профиль защиты МЭ(Г четвертого класса защиты. ИТ.МЭ.Г4.ПЗ)","серия","ООО «КБ-Лаб»","ФАУ «ГНИИИ ПТЗИ ФСТЭК России»","ООО «ВЕБМОНИТОРЭКС»","124498, г. Москва, г. Зеленоград, проезд № 4922-й, д. 4 стр. 1, комн. 107, 7 906 199 05 93",""
"4900","2025-01-09","2030-01-09","программный комплекс «Платформа имитации ИТ-инфраструктуры R-Vision Threat Deception Platform»","Соответствует требованиям документов: Требования доверия(4), ТУ","серия","ООО НТЦ «Фобос-НТ»","ФАУ «ГНИИИ ПТЗИ ФСТЭК России»","ООО «Р-Вижн»","109544, Москва, бульвар Энтузиастов, д. 2, этаж 23, комната 50, (499) 322 80-40",""
"4901","2025-01-13","2030-01-13","программное обеспечение «Платформа управления документами и бизнес-процессами «ТЕССА» («TESSA») версия 4.0","Соответствует требованиям документов: Требования доверия(4), ТУ","серия","АО «НПО «Эшелон»","АО Центр «Атомзащитаинформ»","ООО «СИНТЕЛЛЕКТ»","105082, г. Москва, ул. Бакунинская, д. 69, стр. 1, пом. II, эт. 1, комн. 1,4-11, (495) 668-8654",""
"4902","2025-01-17","2030-01-17","специальное программное обеспечение «Карточная ОС Рутокен»","Соответствует требованиям документов: Требования доверия(3), ТУ","серия","АО «НПО «Эшелон»","ФАУ «ГНИИИ ПТЗИ ФСТЭК России»","АО «Актив-софт»","115088, г. Москва, ул. Шарикоподшипниковская, д. 1, этаж 4, пом. IX, комн. 11, (495) 925-7790","2030-01-17"
"4903","2025-01-16","2030-01-16","Dr.Web Industrial","Соответствует требованиям документов: Требования доверия(2), Требования к САВЗ, Профиль защиты САВЗ(А второго класса защиты. ИТ.САВЗ.А2.ПЗ), Профиль защиты САВЗ(Б второго класса защиты. ИТ.САВЗ.Б2.ПЗ), Профиль защиты САВЗ(В второго класса защиты. ИТ.САВЗ.В2.ПЗ), Профиль защиты САВЗ(Г второго класса защиты. ИТ.САВЗ.Г2.ПЗ)","серия","ООО НТЦ «Фобос-НТ»","ФАУ «ГНИИИ ПТЗИ ФСТЭК России»","ООО «Доктор Веб»","125124, г. Москва, 3-я улица Ямского поля, вл. 2, корп. 12А, (495) 789-4587",""
"4904","2025-01-27","2030-01-27","автоматизированная система управления дискретным производством «Призма». Платформа","Соответствует требованиям документов: Требования доверия(4), ТУ","серия","АО Центр «Атомзащитаинформ»","ФАУ «ГНИИИ ПТЗИ ФСТЭК России»","ФГУП «ВНИИА»","127030, г. Москва, ул. Сущевская, дом 22, (499) 978-78-03",""
"4905","2025-01-27","2030-01-27","программное обеспечение «Система управления базами данных Arenadata Prosperity (ADP)»","Соответствует требованиям документов: Требования доверия(4), Требования к СУБД(4)","серия","АО Центр «Атомзащитаинформ»","ФАУ «ГНИИИ ПТЗИ ФСТЭК России»","ООО «Аренадата Софтвер»","129085, г. Москва, ул. Годовикова, д. 9, стр. 17, этаж 8, помещение 4, (495) 788-9999",""
"4906","2025-02-24","2030-02-24","АРМ в защищенном исполнении линейки Базальт","Соответствует требованиям документов: Требования ТЗИ, ТУ","серия","ООО «НИЦ-СПЕЦТЕСТ»","ФАУ «ГНИИИ ПТЗИ ФСТЭК России»","АО «Крафтвэй корпорэйшн ПЛС»","249032, Калужская обл., г. Обнинск, ш. Киевское, д. 64, (495) 969-2400",""
"4908","2025-02-03","2030-02-03","программное обеспечение «Авандок»","Соответствует требованиям документов: Требования доверия(4), ТУ","серия","АО НПП «ЭПБ»","ФАУ «ГНИИИ ПТЗИ ФСТЭК России»","ООО «КОРУС Консалтинг ДМ»","191119, г. Санкт-Петербург, ул. Марата, д. 55/5, литера А, помещ. 5-Н, Перов Павел Андреевич - 7 (921) 751 5243 ответственный за сертификацию (почта: pperov@korusconsulting.ru)",""
"4909","2025-02-03","2030-02-03","Dr.Web Mobile Security Suite (Аврора)","Соответствует требованиям документов: Требования доверия(4), Требования к САВЗ, Профиль защиты САВЗ(В четвертого класса защиты. ИТ.САВЗ.В4.ПЗ), Профиль защиты САВЗ(Г четвертого класса защиты. ИТ.САВЗ.Г4.ПЗ)","серия","ООО НТЦ «Фобос-НТ»","ФАУ «ГНИИИ ПТЗИ ФСТЭК России»","ООО «Доктор Веб»","125124, г. Москва, 3-я улица Ямского поля, вл. 2, корп. 12А, (495) 789-4587",""
"4910","2025-02-04","2030-02-04","программно-аппаратный комплекс Cloud Storage от VK","Соответствует требованиям документов: Требования доверия(4), ТУ","серия","АО «НПО «Эшелон»","АО Центр «Атомзащитаинформ»","ООО «ВК Цифровые Технологии»","125167, г. Москва, Ленинградский проспект, д. 39, стр. 79, (495) 725-6357",""
"4911","2025-02-07","2030-02-07","изделие VMmanager 6","Соответствует требованиям документов: Требования доверия(4), Требования к средствам виртуализации(4)","серия","ООО «ЦБИ»","ФАУ «ГНИИИ ПТЗИ ФСТЭК России»","АО «Экзософт»","121205, г. Москва, б-р Большой, (Сколково Инновационного Центра), д. 42, стр. 1, эт. 0, пом. 150, раб. 1​, (800) 775-4778",""
"4912","2025-02-13","2030-02-13","система управления событиями информационной безопасности U-SIEM","Соответствует требованиям документов: Требования доверия(4), ТУ","серия","АО «Информакустика»","ФАУ «ГНИИИ ПТЗИ ФСТЭК России»","ООО «Амбрелла»","142172, г. Москва, г. Щербинка, ул. Железнодорожная, д. 39, стр. 1",""
"4913","2025-02-13","2030-02-13","система управления базами данных RT.WareHouse (RTWH)","Соответствует требованиям документов: Требования доверия(4), Требования к СУБД(4)","серия","ООО «ЛИССИ-Софт»","ФСТЭК России","ООО «ТДата»","119415, г. Москва, пр-кт Вернадского, д. 41, офис 1012, (939) 840-62 95",""
"4914","2025-02-14","2030-02-14","подсистема защиты информации системы автоматического прокторинга «Экзамус»","Соответствует требованиям документов: Требования доверия(4), РД СВТ(5), ТУ","серия","АО «Лаборатория ППШ»","АО «НПО «Эшелон»","ООО «КИТ»","620100, Свердловская обл., г. Екатеринбург, ул. Ткачей, д. 23, пом. 1107, (343) 379-9834",""
"4915","2025-02-27","2030-02-27","программное обеспечение «Татлин-Обджект»","Соответствует требованиям документов: Требования доверия(4), ТУ","серия","АО Центр «Атомзащитаинформ»","ФАУ «ГНИИИ ПТЗИ ФСТЭК России»","ООО «КНС ГРУПП»","123376, г. Москва, ул. Рочдельская, д. 15, стр. 15, (495) 540-5055",""
"4916","2025-02-26","Бессрочно","прикладное программное обеспечение «Почтовый портал»","Соответствует требованиям документов: Требования доверия(6)","1","ФГУП «НПП «Гамма»","ФСТЭК России","Минпромторг России","109074, г. Москва, Китайгородский пр., д. 7, (495) 539-2166",""
"4917","2025-03-03","2030-03-03","Picodata Grid","Соответствует требованиям документов: Требования доверия(4), Требования к СУБД(4)","серия","АО НПП «ЭПБ»","ФАУ «ГНИИИ ПТЗИ ФСТЭК России»","ООО «Пикодата»","129085, г. Москва, вн.тер.г. муниципальный округ Останкинский, ул. Годикова, д. 9, стр. 17, эт. 8, часть пом. 4, +7(495) 846-8041",""
"4918","2025-03-06","2030-03-06","программное средство защиты информации «Управление корпоративными мастер-данными Юниверс»","Соответствует требованиям документов: Требования доверия(4), ТУ","серия","ООО НТЦ «Фобос-НТ»","ФАУ «ГНИИИ ПТЗИ ФСТЭК России»","ООО «Юниверс Дата»","197198, г. Санкт-Петербург,  вн.тер.г. муниципальный округ Чкаловское, ул. Красного Курсанта, д. 25, литера В, помещ. 2-Н, ком. 523, (812) 677-2186",""
"4919","2025-03-05","2030-03-05","программное обеспечение «Система информационной поддержки жизненного цикла изделий Intermech Professional Solutions Certified»","Соответствует требованиям документов: Требования доверия(4), ТУ","серия","АО НПП «ЭПБ»","ФАУ «ГНИИИ ПТЗИ ФСТЭК России»","ООО «Интерком»","125040, г. Москва, 3-я ул. Ямского Поля, д. 18, (495) 822-5588",""
"4920","2025-03-07","2030-03-07","программный комплекс медицинская информационная система «Ариадна»","Соответствует требованиям документов: Требования доверия(4), ТУ","серия","ООО НТЦ «Фобос-НТ»","ФАУ «ГНИИИ ПТЗИ ФСТЭК России»","ООО «Решение»","Измайловский пр-т, д. 29, лит. И, пом. 22Н, г. Санкт-Петербург, 190095, (812) 337-7007",""
"4921","2025-03-25","2030-03-25","программное обеспечение «Центр управления пользователями (ЦУП) версия 2.0»","Соответствует требованиям документов: Требования доверия(4), ТУ","серия","ООО «ТЕХКОНСУР»","ООО «ЦБИ»","ООО «ЭйТи Консалтинг»","127015, г. Москва, ул. Большая Новодмитровская, д. 14, стр. 7, оф. 523, (495) 748-0575",""
"4922","2025-04-01","2030-04-01","Система активной защиты речевой информации Гром-И-6","Соответствует требованиям документов: ТУ","серия","ООО «ЦБИ»","ФАУ «ГНИИИ ПТЗИ ФСТЭК России»","АО «ИНФОПРО»","125047, г. Москва, ул. Брестская 2-я, д. 8, пом. XV, ком. 23, (495) 319-1618, (800) 555-8505",""
"4923","2025-04-04","2030-04-04","система защиты от целенаправленных атак AVSOFT ATHENA","Соответствует требованиям документов: Требования доверия(4), Требования к СОВ, Профили защиты СОВ(cети четвертого класса защиты. ИТ.СОВ.С4.ПЗ)","серия","АО «НПО «Эшелон»","АО Центр «Атомзащитаинформ»","ООО «АВ Софт»","119992, г. Москва, ул. Ленинские Горы, д. 1, стр. 75А",""
"4924","2025-04-24","2030-04-24","однонаправленный шлюз передачи данных с возможностью их ответвления","Соответствует требованиям документов: Требования доверия(4), ТУ","серия","АО «ДОКУМЕНТАЛЬНЫЕ СИСТЕМЫ»","ФАУ «ГНИИИ ПТЗИ ФСТЭК России»","АО «НИЦ»","117246, г. Москва, Научный проезд, д. 6, эт. 1, пом. 1, ком. 32, (495) 204-2086",""
"4925","2025-04-09","2030-04-09","система анализа защищенности программного и аппаратного обеспечения TCP/IP сетей (сетевой сканер Ревизор Сети версия 3.0)","Соответствует требованиям документов: Требования доверия(2), ТУ","серия","ООО «ЦБИ»","ФАУ «ГНИИИ ПТЗИ ФСТЭК России»","ООО «Профиль Защиты»","141090, Московская обл., г. Королев, мкр. Юбилейный, ул. Пионерская, д. 1/4, пом. XXXXI",""
"4926","2025-04-17","2030-04-17","программное обеспечение «Юнигейт»","Соответствует требованиям документов: Требования доверия(4), ТУ","серия","АО «НПО «Эшелон»","АО Центр «Атомзащитаинформ»","ООО «Кама Технологии»","614068, Пермский край, г. Пермь, ул. Ленина, д. 77а, этаж 3, (342) 254-04-30",""
"4927","2025-04-11","2030-04-11","система управления базами данных RT.WideStore (RTWS)","Соответствует требованиям документов: Требования доверия(4), Требования к СУБД(4)","серия","ООО «ЛИССИ-Софт»","ФСТЭК России","ООО «ТДата»","119415, г. Москва, пр-кт Вернадского, д. 41, офис 1012, (939) 840-62 95",""
"4928","2025-04-22","2030-04-22","платформа виртуализации «Sharx Base» версия 6.0","Соответствует требованиям документов: Требования доверия(4), ТУ, Требования к средствам виртуализации(4)","серия","АО «НПО «Эшелон»","АО Центр «Атомзащитаинформ»","ООО «Шаркс ДЦ»","125047, г. Москва, вн.тер.г. муниципальный округ Тверской, 4-й Лесной пер., д. 4, (495) 227-4440",""
"4929","2025-04-22","2030-04-22","программное обеспечение «I-DS/Security», INDS.IDSS.001","Соответствует требованиям документов: Требования доверия(4), ТУ","серия","АО «НПО «Эшелон»","ФАУ «ГНИИИ ПТЗИ ФСТЭК России»","ООО «ИндаСофт»","109202, г. Москва, Перовское шоссе, дом 9, стр. 1, комн. 104, 499-3009987",""
"4930","2025-04-22","Бессрочно","автоматизированная информационная система «Автоматизация процессов регионального оператора»","Соответствует требованиям документов: Требования доверия(5), ТУ","1","АО «НПО «Эшелон»","АО Центр «Атомзащитаинформ»","ООО «А.ПРО»","127273, г. Москва, вн. тер. г. муниципальный округ Останкинский, ул. Аллея Берёзовая, д. 14Б, стр. 3, помещ. 12/Н, +7(495)109-10-89",""
"4931","2025-04-25","2030-04-25","доверенный сетевой адаптер для вычислительных сетей «TRUST NET»","Соответствует требованиям документов: Требования доверия(4), ТУ","серия","АНО «Институт инженерной физики»","ФАУ «ГНИИИ ПТЗИ ФСТЭК России»","ООО «ЦБИ»","141090, Московская область, г. Королев, микрорайон Юбилейный, ул. Ленинская, д. 11, (495) 543-3060",""
"4932","2025-04-28","2030-04-28","программный комплекс «Система мониторинга и управления событиями безопасности Smart Monitor»","Соответствует требованиям документов: Требования доверия(4), ТУ","серия","ООО «ЦБИ»","ФАУ «ГНИИИ ПТЗИ ФСТЭК России»","ООО «ВолгаБлоб»","123610, г. Москва, вн.тер.г. муниципальный округ Пресненский, наб. Краснопресненская, д. 12, пом. 1130В",""
"4933","2025-04-30","2030-04-30","программный комплекс «КИБ Серчинформ 6.0»","Соответствует требованиям документов: Требования доверия(4), Требования к СКН, Профиль защиты СКН(контроля подключения съемных машинных носителей информации четвертого класса защиты. ИТ.СКН.П4.ПЗ), ЗБ","серия","АО «ДОКУМЕНТАЛЬНЫЕ СИСТЕМЫ»","ФАУ «ГНИИИ ПТЗИ ФСТЭК России»","ООО «СерчИнформ»","121069, Москва, Скатертный переулок, д. 8/1, стр. 1, пом. I, комн. 2, (495) 721-8406
доб. 129 офисменеджер Ожегова",""
"4934","2025-05-05","2030-05-05","средство виртуализации «Звезда»","Соответствует требованиям документов: Требования доверия(4), Требования к средствам контейнеризации(4), Требования к средствам виртуализации(4)","серия","АО «ДОКУМЕНТАЛЬНЫЕ СИСТЕМЫ»","ФАУ «ГНИИИ ПТЗИ ФСТЭК России»","АО «НПЦ «МАКС»","119270, г. Москва, наб. Лужнецкая, д. 6, стр. 1, вн. тер. муниципальный округ Хамовники,",""
"4935","2025-05-19","2030-05-19","программно-инструментальный комплекс «Integrity SCADA»","Соответствует требованиям документов: Требования доверия(4), ТУ","серия","АО Центр «Атомзащитаинформ»","ФАУ «ГНИИИ ПТЗИ ФСТЭК России»","АО «ЭлеСи»","634021, г. Томск, ул. Алтайская, д. 161А, (3822) 601-001",""
"4936","2025-05-20","2030-05-20","операционная система реального времени TeNIX RT (OCPB TeNIX RT)","Соответствует требованиям документов: Требования доверия(5), Требования к ОС, Профиль защиты ОС(В пятого класса защиты. ИТ.ОС.В5.ПЗ)","серия","АО «ДОКУМЕНТАЛЬНЫЕ СИСТЕМЫ»","ООО «ЦБИ»","АО «ТеконГруп»","123423, г. Москва, ул. 3-я Хорошевская, д. 20, эт.1, ком.112",""
"4937","2025-05-22","2030-05-21","программное обеспечение «Docs Security Suite»","Соответствует требованиям документов: Требования доверия(4), ТУ","серия","ООО НТЦ «Фобос-НТ»","ФАУ «ГНИИИ ПТЗИ ФСТЭК России»","ООО «Кросстех Солюшнс Групп»","108811, г. Москва, вн.тер.г. муниципальный округ Солнцево, ш. Киевское, км. 22-й, д. 6А, стр. 1, (495) 532-10-96",""
"4938","2025-05-23","2030-05-23","программное средство «Руководство данными Юниверс»","Соответствует требованиям документов: Требования доверия(4), ТУ","серия","ООО НТЦ «Фобос-НТ»","ФАУ «ГНИИИ ПТЗИ ФСТЭК России»","ООО «Юниверс Дата»","197198, г. Санкт-Петербург,  вн.тер.г. муниципальный округ Чкаловское, ул. Красного Курсанта, д. 25, литера В, помещ. 2-Н, ком. 523, (812) 677-2186",""
"4939","2025-05-28","2030-05-28","Arenadata Catalog","Соответствует требованиям документов: Требования доверия(4), ТУ","серия","АО НПП «ЭПБ»","ФАУ «ГНИИИ ПТЗИ ФСТЭК России»","ООО «ДатаКаталог»","129085, г. Москва, вн. тер. г. муниципальный округ Останкинский, ул. Годовикова, д. 9, стр. 17, этаж 8, часть помещения 4",""
"4941","2025-06-09","2030-06-09","программное обеспечение Цифровая платформа «Авангард»","Соответствует требованиям документов: Требования доверия(4), ТУ","серия","АО Центр «Атомзащитаинформ»","ФАУ «ГНИИИ ПТЗИ ФСТЭК России»","ООО «КВАРТА ВК»","109240, г. Москва, вн. тер.г. муниципальный округ Таганский,  наб. Москворецкая, д. 9, стр. 1, помещ./эт. 3/0/2, помещ./ком. III;IV/1-8, 8А, 9-18, 18А, 19-21, 5, 8, (495) 926-5423",""
"4942","2025-06-11","2030-06-11","программное обеспечение «Среда анализа и визуализации рисков в управленческих системах (САВРУС)»","Соответствует требованиям документов: Требования доверия(4), ТУ","серия","ООО «Газинформсервис»","ООО «ЦБИ»","ООО «САВРУС»","125445, г. Москва, ул. Смольная, д. 24А, этаж 10, офис №1029, 915 138 80 30",""
"4943","2025-06-17","2030-06-17","программное обеспечение «NOVA Container Platform Special Edition»","Соответствует требованиям документов: Требования доверия(4), Требования к средствам контейнеризации(4)","серия","АО Центр «Атомзащитаинформ»","ФАУ «ГНИИИ ПТЗИ ФСТЭК России»","ООО «ОРИОН»","119048, г. Москва, ул. Доватора, д. 4/7",""
"4944","2025-06-17","2030-06-17","ViPNet Coordinator IG 5","Соответствует требованиям документов: Требования доверия(4), Требования к МЭ, Профиль защиты МЭ(А четвертого класса защиты. ИТ.МЭ.А4.ПЗ), Профиль защиты МЭ(Б четвертого класса защиты. ИТ.МЭ.Б4.ПЗ), Профиль защиты МЭ(Д четвертого класса защиты. ИТ.МЭ.Д4.ПЗ), ЗБ","серия","ООО «ЦБИ»","ФАУ «ГНИИИ ПТЗИ ФСТЭК России»","АО «ИнфоТеКС»","125167, г. Москва, вн.тер.г. муниципальный округ Хорошевский, ул. Викторенко, д. 9, стр. 1, помещ. 47, (495) 737-6192",""
"4945","2025-06-19","2030-06-19","программное обеспечение «Планета. Платформа»","Соответствует требованиям документов: Требования доверия(4), ТУ","серия","АО НПП «ЭПБ»","ФАУ «ГНИИИ ПТЗИ ФСТЭК России»","ООО «ИБС Экспертиза»","127434, г. Москва, Дмитровское ш., д. 9Б, (495) 967-8080",""
"4946","2025-07-01","Бессрочно","программное обеспечение информационной системы «TF DOCs в защищенном исполнении»","Соответствует требованиям документов: Требования доверия(2), ТУ","20","АО Центр «Атомзащитаинформ»","ФАУ «ГНИИИ ПТЗИ ФСТЭК России»","ФГУП «РФЯЦ – ВНИИТФ им. академ. Е.И. Забабахина»","456770, Челябинская обл., г. Снежинск, ул. Васильева, д. 13, (35146) 5-51-20",""
"4947","2025-06-24","Бессрочно","программное обеспечение «Федеральная государственная система «Аргус-Фито» (версия 1)","Соответствует требованиям документов: Требования доверия(4), ТУ","5","ООО «ТЕХКОНСУР»","ФСТЭК России","Федеральная служба по ветеринарному и фитосанитарному надзору","107996, Москва, Орликов переулок, 1/11, +7 (495) 607 87-11",""
"4948","2025-06-16","2030-06-16","Генератор шума «ЛГШ-515»","Соответствует требованиям документов: Требования к САЗ ПЭМИН-2014(А)","серия","АО «Лаборатория ППШ»","АО «БИТК»","ООО «Ленспецпроизводство»","199178, г. Санкт-Петербург, наб. реки Смоленки, д. 25, лит. Е, оф. 134, (812) 309-6170",""
"4949","2025-06-16","2030-06-16","Комплекс оценки эффективности защиты речевой информации от утечки по акустическим и виброакустическим каналам «Спрут-11М-02»","Соответствует требованиям документов: Методика АВАК-2022","серия","АО «БИТК»","ООО «ЦБИ»","ЗАО НПЦ Фирма «НЕЛК»","109377, г. Москва, ул. 1-я Новокузьминская, дом 8/2, (495) 921-3374",""
"4950","2025-06-30","Бессрочно","Прикладное программное обеспечение «Система облачной синхронизации процессов обработки информационных объектов»","Соответствует требованиям документов: Требования доверия(6), ТУ","1","АО «ДОКУМЕНТАЛЬНЫЕ СИСТЕМЫ»","ФСТЭК России","ГКУ «Инфогород»","123112, г. Москва, 1-й Красногвардейский проезд, д. 21, стр. 1, (495) 957-0131",""
"4951","2025-07-07","2030-07-07","программный комплекс КАТС «МиниКом МХ-1000» в защищенном исполнении","Соответствует требованиям документов: Требования доверия(4), ТУ","серия","ФГУП «НПП «Гамма»","ФАУ «ГНИИИ ПТЗИ ФСТЭК России»","АО «Информтехника и Связь»","107140, г. Москва, ул. Верхняя Красносельская, д. 2/1, стр. 1, (495) 646-6731",""
"4952","2025-07-11","Бессрочно","прикладное программное обеспечение «Универсальный модуль проверки прав доступа к объектам» федеральной государственной информационной системы «Единый портал государственных и муниципальных услуг (функций)»","Соответствует требованиям документов: Требования доверия(4), ТУ","100","ООО «КБ-Лаб»","ФСТЭК России","Минцифры России","123112, г. Москва, Пресненская наб., д. 10, стр. 2, (495) 771-8000",""
"4953","2025-07-11","2030-07-11","программный комплекс «InfoWatch ARMA Стена»","Соответствует требованиям документов: Требования доверия(4), Требования к МЭ, Профиль защиты МЭ(Б четвертого класса защиты. ИТ.МЭ.Б4.ПЗ), Профиль защиты МЭ(Д четвертого класса защиты. ИТ.МЭ.Д4.ПЗ), Требования к СОВ, Профили защиты СОВ(cети четвертого класса защиты. ИТ.СОВ.С4.ПЗ), ЗБ","серия","АО «Лаборатория ППШ»","ФАУ «ГНИИИ ПТЗИ ФСТЭК России»","ООО «ИнфоВотч АРМА»","121357, г. Москва, Верейская ул., д. 29, стр. 134, эт. 7, комната В12, (495) 229-0022",""
"4954","2025-07-15","2030-07-15","программный комплекс «AlterOffice»","Соответствует требованиям документов: Требования доверия(4)","серия","ООО «КБ-Лаб»","ФАУ «ГНИИИ ПТЗИ ФСТЭК России»","ООО «АЛМИ Партнер»","603081, Нижегородская, г. Нижний Новогород, ул. Нартова, д. 6, помещ. П1А, (495) 150-07-80",""
"4955","2025-07-16","2030-07-16","Программно-аппаратный комплекс безопасной коммутации устройств ввода-вывода информации «Триод»","Соответствует требованиям документов: Требования ТЗИ","серия","МГТУ им. Н.Э.Баумана","АО «БИТК»","ООО «ЦБИ»","141090, Московская область, г. Королев, микрорайон Юбилейный, ул. Ленинская, д. 11, (495) 543-3060","2030-12-31"
"4957","2025-07-22","Бессрочно","программное обеспечение биометрической идентификации иностранных граждан и лиц без гражданства в пунктах пропуска через Государственную границу Российской Федерации","Соответствует требованиям документов: Требования доверия(4), ТУ","1","АО «НПО «Эшелон»","ФСТЭК России","МВД России","119049, г. Москва, ул. Житная, д. 16, (495) 667-5206",""
"4958","2025-07-24","2030-07-24","Мобильное защищенное автоматизированное рабочее место «Базовый доверенный модуль»","Соответствует требованиям документов: Требования доверия(5), Требования к СДЗ, Профиль защиты СДЗ(загрузочной записи  пятого класса защиты. ИТ.СДЗ.ЗЗ5.ПЗ)","серия","ООО «ЦБИ»","ФАУ «ГНИИИ ПТЗИ ФСТЭК России»","АО «ЭЛВИС-ПЛЮС»","124527, г. Москва, г. Зеленоград, Солнечная аллея, д. 6, помещение VI, офис 7, (495) 276-0211",""
"4959","2025-07-24","Бессрочно","программное обеспечение Система моделирования ИТ-архитектуры (ИС «МИТА»)","Соответствует требованиям документов: Требования доверия(4), ТУ","1","АО Центр «Атомзащитаинформ»","ФАУ «ГНИИИ ПТЗИ ФСТЭК России»","АО «Гринатом»","119017, г. Москва, ул. Большая Ордынка, д. 24, (499) 949-4919",""
"4960","2025-07-25","2030-07-25","средство обнаружения целевых атак «Xello Deception»","Соответствует требованиям документов: Требования доверия(4), ТУ","серия","ООО «ЦБИ»","ФАУ «ГНИИИ ПТЗИ ФСТЭК России»","ООО «КСЕЛЛО»","127549, г. Москва, Алтуфьевское ш., д. 64, к. № 49, пом. 1/1",""
"4961","2025-07-25","Бессрочно","прикладное программное обеспечение государственной информационной системы «Реестр домовладений»","Соответствует требованиям документов: Требования доверия(6), ТУ","1","АО «ДОКУМЕНТАЛЬНЫЕ СИСТЕМЫ»","ФСТЭК России","ГКУ «Инфогород»","123112, г. Москва, 1-й Красногвардейский проезд, д. 21, стр. 1, (495) 957-0131",""
"4962","2025-08-05","2030-08-05","программное обеспечение «Платформа «ТУРБО X PRO»","Соответствует требованиям документов: Требования доверия(4), ТУ","серия","АО «Лаборатория ППШ»","ФАУ «ГНИИИ ПТЗИ ФСТЭК России»","ООО ""КОНСИСТ""","129075, г. Москва, Мурманский проезд, д. 14, корп. 1, литера А, этаж 2, комн. 56, +7 495 721 19 38",""
"4964","2025-08-19","2030-08-19","комплекс программного обеспечения (платформа) «Security Vision: Центр интеллектуального мониторинга и управления информационной безопасностью» (версия 5.х NG)","Соответствует требованиям документов: Требования доверия(4), ТУ","серия","АО Центр «Атомзащитаинформ»","ФАУ «ГНИИИ ПТЗИ ФСТЭК России»","ООО «Интеллектуальная безопасность»","115035, г. Москва, вн.тер.г. муниципальный округ Замоскворечье, ул. Садовническая, д. 57, стр. 2, эт. 1, пом. III",""
"4966","2025-08-25","Бессрочно","Автоматизированная информационная система «Архивное дело ОП»","Соответствует требованиям документов: Требования доверия(4), ТУ","2","АО «НПО «Эшелон»","АО «Лаборатория ППШ»","Генеральная прокуратура Российской Федерации","125993, г. Москва, ул. Большая Дмитровка, д. 15, (495) 627-0212",""
"4967","2025-08-22","2030-08-22","прикладное программное обеспечение «Адаптер единого электронного сервиса СМЭВ»","Соответствует требованиям документов: Требования доверия(4), ТУ","серия","ООО «КБ-Лаб»","ФСТЭК России","ООО «ИТ1-РТК»","129085, г. Москва, ул. Годовикова, д. 9, стр. 17, эт. 6, помещ. 5",""
"4968","2025-08-25","2030-08-25","программное обеспечение «Платформа Q.Security»","Соответствует требованиям документов: Требования доверия(4), ТУ","серия","АО НПП «ЭПБ»","АО «НПО «Эшелон»","ООО «Диасофт Экосистема»","127018, г. Москва, ул. Полковая, д. 3, стр. 14, этаж 5, комната 510, 7 (495) 780-75-75",""
"4969","2025-08-26","2030-08-26","программа для ЭВМ «Система централизованного управления событиями информационной безопасности RuSIEM» 2.х","Соответствует требованиям документов: Требования доверия(4), ТУ","серия","АО Центр «Атомзащитаинформ»","ФАУ «ГНИИИ ПТЗИ ФСТЭК России»","ООО «РуСИЕМ»","121205, г. Москва, Территория Сколково Инновационного центра, ул. Большой б-р, д. 42, стр. 1, эт. 4, часть пом. 1485, (495) 748-8311",""
"4970","2025-08-27","2030-08-27","многофункциональный межсетевой экран «Русплатформа версии R81.20»","Соответствует требованиям документов: Требования доверия(6), ТУ, Требования к МЭ NGFW(6)","серия","ООО НТЦ «Фобос-НТ»","ФАУ «ГНИИИ ПТЗИ ФСТЭК России»","ООО «Русплатформа»","129626, г. Москва, ул. Староалексеевская,д. 5, эт. 4А, пом. 450, 495-960-16-50, 89162814696",""
"4971","2025-09-05","2030-09-05","Микропрограммное обеспечение «Татлин-Юнифайд»","Соответствует требованиям документов: Требования доверия(4), ТУ","серия","АО Центр «Атомзащитаинформ»","ФАУ «ГНИИИ ПТЗИ ФСТЭК России»","ООО «КНС ГРУПП»","123376, г. Москва, ул. Рочдельская, д. 15, стр. 15, (495) 540-5055",""
"4972","2025-09-04","2030-09-04","программное обеспечение «Рутокен KeyBox» версия 7.0","Соответствует требованиям документов: Требования доверия(4), ТУ","серия","АО «НПО «Эшелон»","АО Центр «Атомзащитаинформ»","АО «Актив-софт»","115088, г. Москва, ул. Шарикоподшипниковская, д. 1, этаж 4, пом. IX, комн. 11, (495) 925-7790","2030-09-04"
"4973","2025-09-09","2030-09-09","программно-аппаратный комплекс «С-Терра Шлюз». Версия 5.0","Соответствует требованиям документов: Требования доверия(4), Требования к МЭ, Профиль защиты МЭ(А четвертого класса защиты. ИТ.МЭ.А4.ПЗ)","серия","ЗАО ГИЦ ПС ВТ","ООО «ЦБИ»","ООО «С-Терра СиЭсПи»","124460, г. Москва, вн.тер.г. муниципальный округ Силино, г. Зеленоград, ул. Конструктора Лукина, д. 14, стр. 12, (499) 940-9061",""
"4974","2025-09-10","2030-09-10","сервис «Операционная система «Московской электронной школы»","Соответствует требованиям документов: Требования доверия(5), Требования к ОС, Профиль защиты ОС(А пятого класса защиты. ИТ.ОС.А5.ПЗ)","серия","АО НПП «ЭПБ»","ФСТЭК России","ГКУ «Инфогород»","123112, г. Москва, 1-й Красногвардейский проезд, д. 21, стр. 1, (495) 957-0131",""
"4975","2025-09-11","2030-09-11","программный комплекс «Синоникс»","Соответствует требованиям документов: Требования доверия(4), ТУ","серия","АО НПП «ЭПБ»","ФАУ «ГНИИИ ПТЗИ ФСТЭК России»","ООО «АйТи Бастион»","119501, г. Москва, вн.тер.г. муниципальный округ Очаково-Матвеевский, ул. Староволынская, д. 15, корп. 1, помещ. 43, (499) 322-3667",""
"4976","2025-09-17","Бессрочно","прикладное программное обеспечение информационно-аналитической системы «Учетно-заградительная система-М»","Соответствует требованиям документов: Требования доверия(4), ТУ","1","АО «ДОКУМЕНТАЛЬНЫЕ СИСТЕМЫ»","ФСТЭК России","Департамент информационных технологий города Москвы","123112, г. Москва, Красногвардейский 1-й проезд, д. 21, стр. 1, (495) 957-0131",""
"4977","2025-09-18","2030-09-18","операционная система «МСВСфера»","Соответствует требованиям документов: Требования доверия(4), Требования к ОС, Профиль защиты ОС(А четвертого класса защиты. ИТ.ОС.А4.ПЗ), Требования к средствам контейнеризации(4), Требования к средствам виртуализации(4)","серия","АО НПП «ЭПБ»","АО «НПО «Эшелон»","ООО «НЦПР»","125009, г. Москва, ул. Моховая, д. 11, стр. 13, эт. 2",""
"4978","2025-09-22","2030-09-22","микропрограммное обеспечение вычислительных систем и систем хранения данных на архитектуре x86-64 - YADRO Platform Firmware.UEFI","Соответствует требованиям документов: Требования доверия(4), ТУ","серия","АО Центр «Атомзащитаинформ»","ФАУ «ГНИИИ ПТЗИ ФСТЭК России»","ООО «КНС ГРУПП»","123376, г. Москва, ул. Рочдельская, д. 15, стр. 15, (495) 540-5055",""
"4979","2025-09-22","2030-09-22","программное обеспечение «Облачная платформа Cloud.ru Evolution Stack»","Соответствует требованиям документов: Требования доверия(4), ТУ, Требования к средствам контейнеризации(4), Требования к средствам виртуализации(4)","серия","АО Центр «Атомзащитаинформ»","ФАУ «ГНИИИ ПТЗИ ФСТЭК России»","ООО «Облачные технологии»","117312, г. Москва, ул. Вавилова, д. 23, стр. 1, ком. 1.207",""
"4980","2025-09-22","2030-09-22","программное изделие «Средство обеспечения безопасности информационных систем MaxPatrol»","Соответствует требованиям документов: Требования доверия(4), ТУ","серия","АО «ИНСЕК-СЗ»","ФАУ «ГНИИИ ПТЗИ ФСТЭК России»","АО «Позитив Текнолоджиз»","107061, г. Москва, вн.тер.г. муниципальный округ Преображенское, Преображенская пл., д. 8, помещ. 60, (495) 744-0144","2031-09-22"
"4981","2025-09-22","Бессрочно","прикладное программное обеспечение автоматизированной информационной системы согласования функционирования передающих радиотехнических объектов в городе Москве","Соответствует требованиям документов: Требования доверия(4), ТУ","1","АО «ДОКУМЕНТАЛЬНЫЕ СИСТЕМЫ»","ФСТЭК России","Департамент информационных технологий города Москвы","123112, г. Москва, Красногвардейский 1-й проезд, д. 21, стр. 1, (495) 957-0131",""
"4982","2025-10-01","2030-10-01","программное обеспечение «Avanpost DS»","Соответствует требованиям документов: Требования доверия(4), ТУ","серия","АО «НПО «Эшелон»","ФАУ «ГНИИИ ПТЗИ ФСТЭК России»","ООО «Аванпост»","109129, г. Москва, ул. 8-я Текстильщиков, д. 11, стр. 2, (495) 641-8080",""
"4983","2025-10-02","2030-10-02","X-IDBox - платформа аутентификации и управления доступом","Соответствует требованиям документов: Требования доверия(4), ТУ","серия","ООО НТЦ «Фобос-НТ»","АО Центр «Атомзащитаинформ»","ООО «ИНФОРМЗАЩИТА-СЕРВИС»","125167 г. Москва, Театральная аллея, д. 3, стр 1, (495) 980-2345",""
"4984","2025-10-20","2030-10-20","специальное программное обеспечение терминала видеоконференцсвязи","Соответствует требованиям документов: Требования доверия(4), ТУ","серия","АО «НПО «Эшелон»","ФАУ «ГНИИИ ПТЗИ ФСТЭК России»","ООО «Систематика»","142784, г. Москва, п. Московский, Киевское ш., 22-й км, домовладение 6, стр. 1",""
"4985","2025-10-16","2030-10-16","система централизованного управления средствами виртуализации «AccentOS CE»","Соответствует требованиям документов: Требования доверия(4), Требования к средствам виртуализации(4)","серия","ООО НТЦ «Фобос-НТ»","ФАУ «ГНИИИ ПТЗИ ФСТЭК России»","ООО «Поволжский удостоверяющий центр»","420097, Республика Татарстан, г. Казань, ул. Лейтенанта Шмидта, д. 35А, офис 113, 8(843)2-100-251",""
"4986","2025-10-17","2030-10-17","специальное программное обеспечение сервера многоточечной видеоконференцсвязи","Соответствует требованиям документов: Требования доверия(4), ТУ","серия","АО «НПО «Эшелон»","ФАУ «ГНИИИ ПТЗИ ФСТЭК России»","ООО «Систематика»","142784, г. Москва, п. Московский, Киевское ш., 22-й км, домовладение 6, стр. 1",""
"4988","2025-10-23","2030-10-23","программный комплекс «С-Терра Клиент». Версия 5.0","Соответствует требованиям документов: Требования доверия(4), Требования к МЭ, Профиль защиты МЭ(В четвертого класса защиты. ИТ.МЭ.В4.ПЗ)","серия","ЗАО ГИЦ ПС ВТ","ООО «ЦБИ»","ООО «С-Терра СиЭсПи»","124460, г. Москва, вн.тер.г. муниципальный округ Силино, г. Зеленоград, ул. Конструктора Лукина, д. 14, стр. 12, (499) 940-9061",""
"4989","2025-10-27","2030-10-27","прикладное программное обеспечение Мультипротокольный коммуникационный сервер CommuniGate Pro","Соответствует требованиям документов: Требования доверия(5), ТУ","серия","АО «НПО «Эшелон»","ФАУ «ГНИИИ ПТЗИ ФСТЭК России»","АО «СБК»","115114, г. Москва, Павелецкая наб., д. 8, стр. 6 А, офия 1803, (495) 789-04-52, 7 (952) 054-66-83",""
"4990","2025-10-31","2030-10-31","антивирус VR Protect для Linux версия 2.0.0","Соответствует требованиям документов: Требования доверия(4), Профиль защиты САВЗ(А четвертого класса защиты. ИТ.САВЗ.А4.ПЗ), Профиль защиты САВЗ(Б четвертого класса защиты. ИТ.САВЗ.Б4.ПЗ), Профиль защиты САВЗ(В четвертого класса защиты. ИТ.САВЗ.В4.ПЗ), ЗБ","серия","ПФ АО «НТЦ «Атлас»","ФАУ «ГНИИИ ПТЗИ ФСТЭК России»","ООО «Вычислительные решения»","117587, г. Москва, Варшавское шоссе, д. 125, стр. 17, пом. 1, ком. 32, 8 (495) 769-30-30",""
"4991","2025-10-31","2030-10-31","Корпоративная СУБД Яндекса","Соответствует требованиям документов: Требования доверия(4), ТУ, Требования к СУБД(4)","серия","ООО «КБ-Лаб»","ФАУ «ГНИИИ ПТЗИ ФСТЭК России»","ООО «Яндекс.Облако»","119021, г. Москва, ул. Льва Толстого, д. 16, пом. 528, (985) 990-5854",""
"4992","2025-10-31","2030-10-31","защищенная операционная система реального времени «Нейтрино»","Соответствует требованиям документов: Требования доверия(2), Требования к ОС, Профиль защиты ОС(А второго класса защиты. ИТ.ОС.А2.ПЗ), Профиль защиты ОС(В второго класса защиты. ИТ.ОС.В2.ПЗ)","серия","ЗАО «ЗЭТ»","АО «НПО «Эшелон»","ООО «СВД Встраиваемые системы»","196066, г. Санкт-Петербург, Московский проспект, д. 212, (812) 346-8956",""
"4993","2025-11-11","Бессрочно","информационно-аналитическая система управления развитием высокотехнологичных производств, в том числе продукции двойного назначения, выпускаемой организациями оборонно-промышленного комплекса","Соответствует требованиям документов: Требования доверия(4)","1","ФГУП «НПП «Гамма»","ФСТЭК России","Минпромторг России","125039, г. Москва, Пресненская наб., д. 10, стр. 2",""
"4994","2025-11-11","2030-11-11","программно-аппаратный комплекс «Kaspersky Next Generation Firewall»","Соответствует требованиям документов: Требования доверия(4), Требования к МЭ NGFW(4)","серия","ООО НТЦ «Фобос-НТ»","ФАУ «ГНИИИ ПТЗИ ФСТЭК России»","АО «Лаборатория Касперского»","125212, г. Москва, Ленинградское шоссе, д. 39А, стр. 2, (495) 797-8700","2030-11-11"
"4995","2025-11-11","2030-11-11","программный комплекс Ankey Identity Manager","Соответствует требованиям документов: Требования доверия(4), ТУ","серия","АО «ДОКУМЕНТАЛЬНЫЕ СИСТЕМЫ»","АО «Лаборатория ППШ»","ООО «Газинформсервис»","198096, г. Санкт-Петербург, ул. Кронштадтская, д. 10, лит. А, (812) 677-2050",""
"4996","2025-11-24","Бессрочно","прикладное программное обеспечение подсистемы управления данными и статусами","Соответствует требованиям документов: Требования доверия(6), ТУ","1","АО «ДОКУМЕНТАЛЬНЫЕ СИСТЕМЫ»","ФСТЭК России","Департамент информационных технологий города Москвы","123112, г. Москва, Красногвардейский 1-й проезд, д. 21, стр. 1, (495) 957-0131",""
"4997","2025-11-25","2030-11-25","система коммуникаций «Express»","Соответствует требованиям документов: Требования доверия(4), Требования доверия(6), ТУ","серия","АО «ДОКУМЕНТАЛЬНЫЕ СИСТЕМЫ»","ФАУ «ГНИИИ ПТЗИ ФСТЭК России»","АО «Анлимитед Продакшен»","127030, г. Москва, ул. Новослободская, д. 24, стр. 1, эт. 3, ком. 2, (499) 288-0122",""
"4998","2025-11-26","2030-11-26","программное обеспечение «Platform V Audit SE»","Соответствует требованиям документов: Требования доверия(4), ТУ","серия","АО «ДОКУМЕНТАЛЬНЫЕ СИСТЕМЫ»","ФАУ «ГНИИИ ПТЗИ ФСТЭК России»","акционерное общество «Сбербанк-Технологии»","117105, г. Москва, Новоданиловская набережная, д. 10, (495) 669-0808",""
"4999","2025-11-26","2030-11-26","программное обеспечение «Platform V IAM SE»","Соответствует требованиям документов: Требования доверия(4), ТУ","серия","АО «ДОКУМЕНТАЛЬНЫЕ СИСТЕМЫ»","ФАУ «ГНИИИ ПТЗИ ФСТЭК России»","акционерное общество «Сбербанк-Технологии»","117105, г. Москва, Новоданиловская набережная, д. 10, (495) 669-0808",""
"5000","2025-12-01","2030-12-01","система управления инженерными данными Pilot","Соответствует требованиям документов: Требования доверия(4), ТУ","серия","ООО НТЦ «Фобос-НТ»","ФАУ «ГНИИИ ПТЗИ ФСТЭК России»","ООО «АСКОН-Бизнес-решения»","140415, Московская обл., г. Коломна, ул. Л. Толстого, д. 2, (496) 612-03-06",""
"5001","2025-11-28","Бессрочно","прикладное программное обеспечение «Единый сервис авторизации» Единой комплексной информационной системы Департамента образования и науки города Москвы","Соответствует требованиям документов: Требования доверия(6), ТУ","1","АО НПП «ЭПБ»","ФСТЭК России","ГАУ «Центр цифровизации образования»","125009, г. Москва, вн.тер.г муниципальный округ Пресненский, ул. Большая Никитская, д. 24, стр. 3, +7(495) 651-92-95",""
"5002","2025-11-28","Бессрочно","единая отраслевая система «Оценка соответствия»","Соответствует требованиям документов: Требования доверия(4), ТУ","1","АО Центр «Атомзащитаинформ»","ФАУ «ГНИИИ ПТЗИ ФСТЭК России»","ООО «КВАРТА ВК»","109240, г. Москва, вн. тер.г. муниципальный округ Таганский,  наб. Москворецкая, д. 9, стр. 1, помещ./эт. 3/0/2, помещ./ком. III;IV/1-8, 8А, 9-18, 18А, 19-21, 5, 8, (495) 926-5423",""
"5003","2025-11-28","2030-11-28","Dr.Web Enterprise Security Suite TL4","Соответствует требованиям документов: Требования доверия(4), Требования к САВЗ, Профиль защиты САВЗ(А четвертого класса защиты. ИТ.САВЗ.А4.ПЗ), Профиль защиты САВЗ(Б четвертого класса защиты. ИТ.САВЗ.Б4.ПЗ), Профиль защиты САВЗ(В четвертого класса защиты. ИТ.САВЗ.В4.ПЗ), Профиль защиты САВЗ(Г четвертого класса защиты. ИТ.САВЗ.Г4.ПЗ)","серия","ООО НТЦ «Фобос-НТ»","ФАУ «ГНИИИ ПТЗИ ФСТЭК России»","ООО «Доктор Веб»","125124, г. Москва, 3-я улица Ямского поля, вл. 2, корп. 12А, (495) 789-4587",""
"5004","2025-12-01","Бессрочно","прикладное программное обеспечение «Автоматизированная система управления техническими средствами регулирования и организации дорожного движения»","Соответствует требованиям документов: Требования доверия(5), ТУ","1","АО «ДОКУМЕНТАЛЬНЫЕ СИСТЕМЫ»","ФСТЭК России","ГКУ ЦОДД","111033, город Москва, ул. Золоторжский Вал, д. 4 стр. 2, (495) 539 54 54",""
"5005","2025-12-01","Бессрочно","сервис контроля исполнения документов, планов и поручений МВД России","Соответствует требованиям документов: Требования доверия(4), ТУ","1","ООО «ТЕХКОНСУР»","ФСТЭК России","МВД России","119049, г. Москва, ул. Житная, д. 16, (495) 667-5206",""
"5006","2025-12-05","2030-12-05","Скала^р Спектр S3","Соответствует требованиям документов: Требования доверия(4), ТУ","серия","ООО НТЦ «Фобос-НТ»","АО Центр «Атомзащитаинформ»","ООО «СКАЛА-Р»","г. Москва, ул. Годовикова, д. 9, стр. 17, (495) 234-22-22",""
"5007","2025-12-05","2030-12-05","программное изделие «Kaspersky DDoS Prevention+»","Соответствует требованиям документов: Требования доверия(4), Требования к СЗИ от DDoS(4)","серия","ООО НТЦ «Фобос-НТ»","ФАУ «ГНИИИ ПТЗИ ФСТЭК России»","ООО «Модель защиты»","125212, г. Москва, Ленинградское шоссе, д. 39а, стр. 3, этаж 4, офис 3-4-d1, 495-797-87-00","2032-12-05"
"5008","2025-12-05","2030-12-05","Система управления объектно-реляционной базой данных Nexign/ Nexign object-relational database management system (Nord)","Соответствует требованиям документов: Требования доверия(4), Требования к СУБД(4)","серия","АО «Лаборатория ППШ»","ООО «ЦБИ»","АО «Нэксайн»","199155, Санкт-Петербург, ул. Уральская, д. 4, лит. Б, пом. 22Н",""
"5009","2025-12-09","2030-12-09","платформа контейнеризации «Боцман»","Соответствует требованиям документов: Требования доверия(4), Требования к средствам контейнеризации(4)","серия","АО «НПО «Эшелон»","АО Центр «Атомзащитаинформ»","ООО «РусБИТех-Астра»","117105, г. Москва, Варшавское шоссе, д. 26, стр. 11, (495) 369-4816","2050-12-31"
"5010","2025-12-09","2030-12-09","система управления идентификацией и доступом «ATOM ID»","Соответствует требованиям документов: Требования доверия(4), ТУ","серия","АО Центр «Атомзащитаинформ»","ФАУ «ГНИИИ ПТЗИ ФСТЭК России»","АО «Гринатом»","119017, г. Москва, ул. Большая Ордынка, д. 24, (499) 949-4919",""
"5011","2025-12-11","Бессрочно","прикладное программное обеспечение «Единый сервис доступа к данным СМЭВ»","Соответствует требованиям документов: Требования доверия(4), ТУ","10","ООО «КБ-Лаб»","ФСТЭК России","Минцифры России","123112, г. Москва, Пресненская наб., д. 10, стр. 2, (495) 771-8000",""
"5012","2025-12-12","2030-12-12","программное обеспечение Интеграционная платформа FESB","Соответствует требованиям документов: Требования доверия(4), ТУ","серия","ООО НТЦ «Фобос-НТ»","ФАУ «ГНИИИ ПТЗИ ФСТЭК России»","ООО «НЕОЛАНТ ТЕНАКС»","236022, г. Калиниград, пл. Победы, д. 10, литер А, 8-915-267-17-67",""
"5013","2025-12-17","2030-12-17","программный комплекс «Гарда Anti-DDoS»","Соответствует требованиям документов: Требования доверия(4), Требования к СЗИ от DDoS(4), ТУ","серия","ООО НТЦ «Фобос-НТ»","АО Центр «Атомзащитаинформ»","ООО «Гарда Технологии»","603057, г. Нижний Новгород, пр. Гагарина, д. 50, корп. 9, (831) 422-1221",""
"5014","2025-12-18","2030-12-18","программа фиксации и контроля исходного состояния программного комплекса «ФИКС» версия 2.0.2","Соответствует требованиям документов: Требования доверия(2)","серия","АО «БИТК»","ФАУ «ГНИИИ ПТЗИ ФСТЭК России»","АО «ЦБИ-сервис»","141090, Московская область, г.о. Королев, г. Королев, мкр. Юбилейный, ул. Пионерская, д. 1/4, помещение XVII, (495) 510-4498",""
"5015","2025-12-23","2030-12-23","BI.ZONE Security Information and Event Management","Соответствует требованиям документов: Требования доверия(4), ТУ","серия","АО Центр «Атомзащитаинформ»","ФАУ «ГНИИИ ПТЗИ ФСТЭК России»","ООО «БИЗон»","105066, г. Москва, ул. Ольховская, д. 4, корп. 2, оф. 515",""
"5016","2025-12-23","2030-12-23","Directum RX для Linux","Соответствует требованиям документов: Требования доверия(4), ТУ","серия","АО «Лаборатория ППШ»","АО «НПО «Эшелон»","ООО «ДИРЕКТУМ»","426011, г. Ижевск, пер. Северный, д. 61, (3412) 72-1100",""
"5017","2025-12-24","2030-12-24","программное обеспечение «Пирамида 2.0»","Соответствует требованиям документов: Требования доверия(4), ЗБ","серия","#Н/Д","ООО «ЦБИ»","ООО «АСТЭК»","600014, Владимирская область, г. Владимир, ул. Лакина, д. 8Ф, помещение 4, (4922) 34-78-23, 34-78-24",""
"5018","2025-12-25","2030-12-25","BI.ZONE AntiFraud","Соответствует требованиям документов: Требования доверия(4), ТУ","серия","АО «ИНСЕК-СЗ»","ФАУ «ГНИИИ ПТЗИ ФСТЭК России»","ООО «БИЗон»","105066, г. Москва, ул. Ольховская, д. 4, корп. 2, оф. 515",""
"5019","2025-12-25","2030-12-25","сервис управления информационной безопасностью SECURITM","Соответствует требованиям документов: Требования доверия(4), ТУ","серия","ООО НТЦ «Фобос-НТ»","ФАУ «ГНИИИ ПТЗИ ФСТЭК России»","ООО «СЕКЪЮРИТМ»","101000, г. Москва, ул. Мясницкая, д. 24/7, стр. 1, помещ. 1/2/4, 8-800-300-3-764",""
"5020","2025-12-25","2030-12-25","средство защиты информации «ЭВО.СЗИ»","Соответствует требованиям документов: Требования доверия(4), ТУ","серия","АО НПП «ЭПБ»","АО Центр «Атомзащитаинформ»","ООО «Транснефть - Технологии»","125252, г. Москва, 3-я песчаная ул., д. 2А, Юго-Восточная (Синяя) башня, эт. 10, пом. 1005, (495) 252-9370",""
"5021","2025-12-26","2030-12-26","BI.ZONE EDR","Соответствует требованиям документов: Требования доверия(4), Требования к СОВ, Профили защиты СОВ(узла четвертого класса защиты. ИТ.СОВ.У4.ПЗ)","серия","ООО «КБ-Лаб»","ООО «ЦБИ»","ООО «БИЗон»","105066, г. Москва, ул. Ольховская, д. 4, корп. 2, оф. 515",""
"5022","2025-12-26","2030-12-26","«BI.ZONE Governance, Risk Management and Compliance»","Соответствует требованиям документов: Требования доверия(4), ТУ","серия","АО «ИНСЕК-СЗ»","ООО «ЦБИ»","ООО «БИЗон»","105066, г. Москва, ул. Ольховская, д. 4, корп. 2, оф. 515",""
"5023","2025-12-29","2030-12-29","программное обеспечение «Платформа разработки программного обеспечения Б3»","Соответствует требованиям документов: Требования доверия(4), ТУ","серия","ООО «ТЕХКОНСУР»","АО Центр «Атомзащитаинформ»","ООО «Большая Тройка»","101000, г. Мосва, вн.тер.г. муниципальный округ Басманный, пер. Подсосенский, д. 5, стр. 1",""
"5024","2025-12-29","2030-12-29","Базис.Digital Energy","Соответствует требованиям документов: Требования доверия(4), Требования к средствам контейнеризации(4)","серия","ООО НТЦ «Фобос-НТ»","ФАУ «ГНИИИ ПТЗИ ФСТЭК России»","ООО «БАЗИС»","109316, г. Москва, вн. тер. г. Муниципальный округ Текстильщики, проезд Остаповский, дом 22, стр. 16, этаж 2, ком. 52",""
"5025","2025-12-30","2030-12-30","Innostage Privileged Access Management","Соответствует требованиям документов: Требования доверия(4), ТУ","серия","ООО «НТЦ «ИРБИС»","ФАУ «ГНИИИ ПТЗИ ФСТЭК России»","ООО «ИнноСТейдж ЦР»","420500, Республика Татарстан, Верхнеуслонский р-н, г. Иннополис, ул. Университетская, д. 7, оф. 223, (843) 567-4298",""
"5026","2026-01-13","2031-01-13","программный комплекс для организации распределенного хранения и обработки данных RT.DataLake (RTDL)","Соответствует требованиям документов: Требования доверия(4), ТУ","серия","ООО «ЛИССИ-Софт»","ФСТЭК России","ООО «ТДата»","119415, г. Москва, пр-кт Вернадского, д. 41, офис 1012, (939) 840-62 95",""
"5027","2026-01-16","Бессрочно","прикладное программное обеспечение «Типовой программный компонент авторизации и разграничения доступа»","Соответствует требованиям документов: Требования доверия(4), ТУ","10","ООО «КБ-Лаб»","ФСТЭК России","Минцифры России","123112, г. Москва, Пресненская наб., д. 10, стр. 2, (495) 771-8000",""
"5028","2026-01-19","2031-01-19","система управления базами данных «Цирцея.БД»","Соответствует требованиям документов: Требования доверия(4), Требования к СУБД(4)","серия","ООО «КБ-Лаб»","ФСТЭК России","АО «РТ Лабс»","141402, Московская обл., г. Химки, ул. Пролетарская, д. 23, комн. 101",""
"5029","2026-01-20","2031-01-20","программное обеспечение информационной системы персональных данных Mirapolis HCM","Соответствует требованиям документов: Требования доверия(6), ТУ","серия","АО «ДОКУМЕНТАЛЬНЫЕ СИСТЕМЫ»","ФАУ «ГНИИИ ПТЗИ ФСТЭК России»","ООО «Мираполис»","115114, г. Москва, Дербеневская наб., д. 7, стр. 9, (495) 646 04-04",""
"5030","2026-01-21","2031-01-21","программное обеспечение «Облачная платформа KeyStack»","Соответствует требованиям документов: Требования доверия(4), Требования к средствам виртуализации(4)","серия","ООО «КБ-Лаб»","ФАУ «ГНИИИ ПТЗИ ФСТЭК России»","ООО «Ключевые ИТ Решения»","111397, г. Москва, ул. Новогиреевская, д. 14, корп. 3, пом. I, ком. 6",""
"5031","2026-01-22","2031-01-22","программное обеспечение «Platform V Synapse App Mesh»","Соответствует требованиям документов: Требования доверия(4), ТУ","серия","ООО «КБ-Лаб»","ФАУ «ГНИИИ ПТЗИ ФСТЭК России»","акционерное общество «Сбербанк-Технологии»","117105, г. Москва, Новоданиловская набережная, д. 10, (495) 669-0808",""
"5032","2026-01-28","2031-01-28","Программный комплекс SAFETECH CA","Соответствует требованиям документов: Требования доверия(4), ТУ","серия","ООО «КБ-Лаб»","ФАУ «ГНИИИ ПТЗИ ФСТЭК России»","ООО «СэйфТек Лаб»","123308, г. Москва, ул. 3-я Хорошевская, 18/1, оф. 104ё, +7 (495) 120-99-09",""
"5033","2026-01-29","2031-01-29","программное изделие «КС IDM. Управление учетными записями»","Соответствует требованиям документов: Требования доверия(4), ТУ","серия","ООО НТЦ «Фобос-НТ»","ФАУ «ГНИИИ ПТЗИ ФСТЭК России»","ООО «НПЦ «КСБ»","428000, Чувашская Республика-Чувашия, г. Чебоксары, пр. Максима Горького, д 18Б, пом. 6, (800) 500-5233",""
"5034","2026-02-05","2031-02-05","программный комплекс «InfoWatch Traffic Monitor версия 7.9»","Соответствует требованиям документов: Требования доверия(4), Требования к СКН, Профиль защиты СКН(контроля подключения съемных машинных носителей информации четвертого класса защиты. ИТ.СКН.П4.ПЗ), ЗБ","серия","АО «Лаборатория ППШ»","ФАУ «ГНИИИ ПТЗИ ФСТЭК России»","ООО «Лаборатория ИнфоВотч»","121357, г. Москва, Верейская ул, д. 29, стр. 134",""
"5035","2026-02-06","2031-02-06","программно-аппаратный комплекс «С-Терра Экран-М». Версия 1.0","Соответствует требованиям документов: Требования доверия(4), Требования к МЭ NGFW(4)","серия","ЗАО ГИЦ ПС ВТ","ООО «ЦБИ»","ООО «С-Терра СиЭсПи»","124460, г. Москва, вн.тер.г. муниципальный округ Силино, г. Зеленоград, ул. Конструктора Лукина, д. 14, стр. 12, (499) 940-9061",""
"5036","2026-02-06","2031-02-06","программное обеспечение Платформа «Гиперион»","Соответствует требованиям документов: Требования доверия(4), ТУ","серия","ООО «КБ-Лаб»","ФАУ «ГНИИИ ПТЗИ ФСТЭК России»","ООО ""ТОП КЕЙС""","107031, г. Москва, ул. Большая Дмитровка, д. 32, стр. 4",""
"5037","2026-02-09","2031-02-09","программное средство защиты информации «Подсистема обеспечения информационной безопасности Системы обеспечения безопасности информации Федерального казначейства»","Соответствует требованиям документов: Требования доверия(4), ТУ","5","ООО НТЦ «Фобос-НТ»","ФСТЭК России","Федеральное казначейство","109097, г. Москва, ул. Ильинка, д. 7, (495) 214‑7661",""
"5038","2026-02-10","2031-02-10","программное обеспечение «Deckhouse Stronghold»","Соответствует требованиям документов: Требования доверия(4), ТУ","серия","ООО «КБ-Лаб»","АО Центр «Атомзащитаинформ»","АО «Флант»","115088, г. Москва, ул. Угрешская, д. 12, стр. 4, офис 47А, (495) 721-1027",""
"5039","2026-02-24","2031-02-24","Программное обеспечение «Мультифактор»","Соответствует требованиям документов: Требования доверия(4), ТУ","серия","АО Центр «Атомзащитаинформ»","ФАУ «ГНИИИ ПТЗИ ФСТЭК России»","ООО «МУЛЬТИФАКТОР»","115162, г. Москва, ул. Шухова, д. 14, пом. 13, оф. 407, (499) 444-0882",""
"5040","2026-02-12","2031-02-12","Система Управления Привилегированным Доступом sPACE PAM","Соответствует требованиям документов: Требования доверия(4), ТУ","серия","ООО НТЦ «Фобос-НТ»","АО Центр «Атомзащитаинформ»","ООО «Вэб Контрол ДК»","107023, г. Москва, ул. Электрозаводская, д. 24, (495) 925-7794",""
"5041","2026-02-13","2031-02-13","программное обеспечение «Портал администрирования АС SmartBio»","Соответствует требованиям документов: Требования доверия(5), ТУ","10","АО «ДОКУМЕНТАЛЬНЫЕ СИСТЕМЫ»","ООО «ЦБИ»","ПАО «Сбербанк»","117997, г. Москва, ул. Вавилова, д. 19, (495) 957-5731",""
"5042","2026-02-16","2031-02-16","Специальное программное обеспечение «ПАРНАС-РАСЧЕТ»","Соответствует требованиям документов: ТУ, Методика АЭП-2018, Методика ВЧН-2020, Методика ВЧП-2020, Методика АЭМП-2022","серия","АО «БИТК»","ООО «ЦБИ»","АО СА «ОМЕГА»","195220, г. Санкт-Петербург, ул. Староорловская, д. 34, стр. 1, (812) 679-93-39",""
"5043","2026-02-17","Бессрочно","программное обеспечение сервиса единой автоматизированной информационной системы экспертно-криминалистических подразделений МВД России","Соответствует требованиям документов: Требования доверия(4), ТУ","1","ООО «ТЕХКОНСУР»","ФСТЭК России","МВД России","119049, г. Москва, ул. Житная, д. 16, (495) 667-5206",""
"5044","2026-02-18","2031-02-18","программное обеспечение «Naumen Service Management Platform»","Соответствует требованиям документов: Требования доверия(4), ТУ","серия","АО «НПО «Эшелон»","АО Центр «Атомзащитаинформ»","ООО ""Наумен консалтинг""","109147, г. Москва, ул. Воронцовская, д. 35Б, корп. 3, оф. 518",""
"5045","2026-02-24","2031-02-24","платформа для безопасного управления средами контейнерной оркестрации «JET KUBERBOX»","Соответствует требованиям документов: Требования доверия(4), Требования к средствам контейнеризации(4)","серия","ООО «КБ-Лаб»","ФАУ «ГНИИИ ПТЗИ ФСТЭК России»","АО «Инфосистемы Джет»","127015, г. Москва, ул. Большая Новодмитровская, д. 14, стр. 2, эт.6, ком.13, оф. 2.654, (495) 411-76-01",""
"5046","2026-03-03","2031-03-03","встроенные средства защиты информации устройства релейной защиты и автоматики серии ТЕКОН 300 (ВСЗИ УРЗА серии ТЕКОН 300)","Соответствует требованиям документов: Требования доверия(5), ТУ","серия","ООО «ЦБИ»","АО Центр «Атомзащитаинформ»","АО «ТеконГруп»","123423, г. Москва, ул. 3-я Хорошевская, д. 20, эт.1, ком.112",""
"5047","2026-03-05","2031-03-05","программное обеспечение «Рокит Клауд»","Соответствует требованиям документов: Требования доверия(4), ТУ","серия","АО Центр «Атомзащитаинформ»","ФАУ «ГНИИИ ПТЗИ ФСТЭК России»","ООО «Рокитсофт»","111033, Москва, ул. Волочаевская, д. 5, корп. 3, (499) 490-4968",""
"5048","2026-03-26","2031-03-26","Система измерительная автоматизированная «Сигурд-НЧ»","Соответствует требованиям документов: ТУ, Методика НЧ ПЭМИН-2023","серия","ООО «ЦБИ»","ФАУ «ГНИИИ ПТЗИ ФСТЭК России»","ООО «ЦБИ «МАСКОМ»","129090, г. Москва, вн.рер.г. муниципальный округ Красносельский, пер. Живарев, д. 8, стр. 3, помещ. 1/5, (495) 136-4010","2031-03-26"
"5049","2026-03-12","2031-03-12","программный комплекс «Кибер Хранилище»","Соответствует требованиям документов: Требования доверия(4), ТУ","серия","ООО НТЦ «Фобос-НТ»","ФАУ «ГНИИИ ПТЗИ ФСТЭК России»","ООО «Киберпротект»","127495, г. Москва, вн. тер. г. муниципальный округ Северный, Долгопрудненское шоссе, д. 3, (495) 137-5001",""
"5050","2026-03-26","Бессрочно","программный комплекс «Автоматизированная система каталогизации продукции для федеральных нужд. Контур ограниченного доступа»","Соответствует требованиям документов: Требования доверия(5)","10000","ФГУП «НПП «Гамма»","ФСТЭК России","Минпромторг России","125039, г. Москва, Пресненская наб., д. 10, стр. 2",""
"5051","2026-03-26","Бессрочно","программный комплекс «Автоматизированная система каталогизации продукции для федеральных нужд. Закрытый контур»","Соответствует требованиям документов: Требования доверия(2)","10000","ФГУП «НПП «Гамма»","ФСТЭК России","Минпромторг России","125039, г. Москва, Пресненская наб., д. 10, стр. 2",""
"5052","2026-03-30","Бессрочно","Сервис сбора, хранения, обработки и выдачи информации о подготовке и ходе выполнения мобилизационных мероприятий в системе МВД России","Соответствует требованиям документов: Требования доверия(3), ТУ","1","ООО «ТЕХКОНСУР»","ФСТЭК России","МВД России","119049, г. Москва, ул. Житная, д. 16, (495) 667-5206",""
"5053","2026-04-02","Бессрочно","Сервис информационно-аналитического обеспечения деятельности Ситуационного центра Министерства внутренних дел Российской Федерации","Соответствует требованиям документов: Требования доверия(4), ТУ","1","ООО «ТЕХКОНСУР»","ФСТЭК России","МВД России","119049, г. Москва, ул. Житная, д. 16, (495) 667-5206",""
"5054","2026-04-03","2031-04-03","программное обеспечение «ЕАМ - платформа Аксиома 3.0»","Соответствует требованиям документов: Требования доверия(6), ТУ","серия","ООО НТЦ «Фобос-НТ»","ФАУ «ГНИИИ ПТЗИ ФСТЭК России»","ООО ""Интерпроком""","117218, г. Москва, ул. Большая Черемушкинская, д. 34, офис 219",""
"5055","2026-04-15","2031-04-15","визуальный управленческий контроль Luxms BI","Соответствует требованиям документов: Требования доверия(4), ТУ","серия","ООО «ТЕХКОНСУР»","ООО «ЦБИ»","ООО «ЯСП»","191119, г. Санкт-Петербург, ул. Константина Заслонова, д. 7, лит. А, пом. 2Н, 19Н, 25Н",""
"5056","2026-04-16","Бессрочно","прикладное программное обеспечение «Облачное решение ИС УДРВС»","Соответствует требованиям документов: Требования доверия(6), ТУ","1","АО «ДОКУМЕНТАЛЬНЫЕ СИСТЕМЫ»","ФСТЭК России","ГКУ «Инфогород»","123112, г. Москва, 1-й Красногвардейский проезд, д. 21, стр. 1, (495) 957-0131",""
"5057","2026-04-16","Бессрочно","прикладное программное обеспечение Модуль наложения подписи","Соответствует требованиям документов: Требования доверия(6), ТУ","1","АО «ДОКУМЕНТАЛЬНЫЕ СИСТЕМЫ»","ФСТЭК России","ГКУ «Инфогород»","123112, г. Москва, 1-й Красногвардейский проезд, д. 21, стр. 1, (495) 957-0131",""
"5058","2026-04-24","2031-04-24","Система активной защиты «Фобос»","Соответствует требованиям документов: Требования к САЗ ПЭМИН-2014(А), Требования к САЗ ПЭМИН-2014(Б), ТУ","серия","ООО «ЦБИ»","АО «Лаборатория ППШ»","ЗАО «ЗЭТ»","194100, г. Санкт-Петербург, ул. Кантемировская, д. 5, (812) 777-8979","2031-04-24"
"5059","2026-04-22","2031-04-22","программное обеспечение «Система защиты от DDoS-атак «BIFIT MITIGATOR»","Соответствует требованиям документов: Требования доверия(4), Требования к СЗИ от DDoS(4)","серия","АО НПП «ЭПБ»","АО «НПО «Эшелон»","АО «БИФИТ»","105203, Москва, ул. Нижняя Первомайская, д. 46, (495) 532-1502",""
"5060","2026-04-22","2031-04-22","программное обеспечение «Титан-Управление»","Соответствует требованиям документов: Требования доверия(4), ТУ","серия","АО «ДОКУМЕНТАЛЬНЫЕ СИСТЕМЫ»","АО Центр «Атомзащитаинформ»","ООО «Титан»","109052, г. Москва, вн.тер.г. муниципальный округ Нижегородский, Автомобильный пр-к, д. 10, стр. 1, 3 эт., помещ. 2, (985) 997-57-49",""
"5061","2026-04-28","2031-04-28","программный комплекс «Система защиты веб-приложений RuSIEM WAF»","Соответствует требованиям документов: Требования доверия(4), Требования к МЭ, Профиль защиты МЭ(Г четвертого класса защиты. ИТ.МЭ.Г4.ПЗ)","серия","АО Центр «Атомзащитаинформ»","ФАУ «ГНИИИ ПТЗИ ФСТЭК России»","ООО «РуСИЕМ»","121205, г. Москва, Территория Сколково Инновационного центра, ул. Большой б-р, д. 42, стр. 1, эт. 4, часть пом. 1485, (495) 748-8311",""
"5062","2026-04-28","2031-04-28","программный комплекс «Горизонт-ВС»","Соответствует требованиям документов: Требования доверия(4), Требования к средствам виртуализации(4)","серия","АО Центр «Атомзащитаинформ»","ФАУ «ГНИИИ ПТЗИ ФСТЭК России»","ООО «Пангео Горизонт»","123610, г. Москва, вн.тер.г. Муниципальный Округ Пресненский, наб. Краснопресненская, д. 12, помещ. 2/18",""
"5063","2026-04-30","2031-04-30","программа для электронных вычислительных машин «Менеджер паролей Пассворк»","Соответствует требованиям документов: Требования доверия(4), ТУ","серия","АО Центр «Атомзащитаинформ»","ФАУ «ГНИИИ ПТЗИ ФСТЭК России»","ООО «Пассворк»","163069, Архангельская обл., г. Архангельск, наб. Северной Двины, д. 55, блок А, эт. 5, помещ. 4-Н, оф. 508/1, +7(495)414-17-55",""
"5064","2026-05-08","2031-05-08","Программный комплекс расчета показателей эффективности защиты акустической речевой информации от утечки за счет высокочастотной прокачки «РАСЧЕТ ВЧП»","Соответствует требованиям документов: Методика ВЧП-2020","серия","ООО «ЦБИ»","АО «БИТК»","ООО «НОВО»","141002, Московская обл., г. Мытищи, ул. Колпакова, д. 2, пом. 319, (495)135-8012",""
"5066","2026-05-07","2031-05-07","межсетевой экран уровня приложений «Гарда WAF»","Соответствует требованиям документов: Требования доверия(4), Требования к МЭ, Профиль защиты МЭ(Г четвертого класса защиты. ИТ.МЭ.Г4.ПЗ)","серия","ООО НТЦ «Фобос-НТ»","ФАУ «ГНИИИ ПТЗИ ФСТЭК России»","ООО «Гарда Технологии»","603057, г. Нижний Новгород, пр. Гагарина, д. 50, корп. 9, (831) 422-1221",""
"5067","2026-05-15","2031-05-15","средство защиты информации автоматизированная система управления «Защита»","Соответствует требованиям документов: Требования доверия(4), ТУ","серия","АО «НПО «Эшелон»","ФАУ «ГНИИИ ПТЗИ ФСТЭК России»","ООО «Проектная ПРАКТИКА»","119285, г. Москва, ул. Пырьева, д. 11А, эт. 1, пом. 4, ком. 29, оф. 7, (495) 258-0668",""
"5068","2026-05-18","Бессрочно","программное обеспечение «Система электронного документооборота Федеральной службы по ветеринарному и фитосанитарному надзору»","Соответствует требованиям документов: Требования доверия(4), ТУ","40","ООО «ТЕХКОНСУР»","ФСТЭК России","Федеральная служба по ветеринарному и фитосанитарному надзору","107996, Москва, Орликов переулок, 1/11, +7 (495) 607 87-11",""
"5069","2026-05-21","2031-05-21","программно-аппаратный комплекс «Фортикс» НВЦС.465651.001","Соответствует требованиям документов: Требования доверия(4), Требования к МЭ, Профиль защиты МЭ(А четвертого класса защиты. ИТ.МЭ.А4.ПЗ), Профиль защиты МЭ(Б четвертого класса защиты. ИТ.МЭ.Б4.ПЗ), ЗБ","серия","АНО «Институт инженерной физики»","ООО «ЦБИ»","ООО «ЗТС»","127015, г. Москва, ул. Большая Новодмитровская, д. 14, стр. 2, этаж 4, пом/ком I/37",""
"5070","2026-05-21","2031-05-21","Программный комплекс расчета показателей эффективности защиты акустической речевой информации от утечки за счет высокочастотного навязывания «РАСЧЕТ ВЧН»","Соответствует требованиям документов: ТУ, Методика ВЧН-2020","серия","ООО «ЦБИ»","АО «БИТК»","ООО «НОВО»","141002, Московская обл., г. Мытищи, ул. Колпакова, д. 2, пом. 319, (495)135-8012",""
"5071","2026-06-03","Бессрочно","прикладное программное обеспечение «Инвесткарта РФ»","Соответствует требованиям документов: Требования доверия(6), ТУ","1","АО «ДОКУМЕНТАЛЬНЫЕ СИСТЕМЫ»","ФСТЭК России","ГКУ «Инфогород»","123112, г. Москва, 1-й Красногвардейский проезд, д. 21, стр. 1, (495) 957-0131",""
"5072","2026-06-03","Бессрочно","программное обеспечение «Учет изменений в файловой системе» версия 1.0","Соответствует требованиям документов: Требования доверия(3)","1","ООО «ЦБИ»","ФАУ «ГНИИИ ПТЗИ ФСТЭК России»","Префектура Зеленоградского административного округа города Москвы","124482, г. Москва, Центральный просп., д. 1, (495) 957-9851",""
"5073","2026-06-10","2031-06-10","платформа сбора, мониторинга, анализа данных и реагирования на угрозы информационной безопасности UserGate SIEM","Соответствует требованиям документов: Требования доверия(4), ТУ","серия","ООО НТЦ «Фобос-НТ»","ФАУ «ГНИИИ ПТЗИ ФСТЭК России»","ООО «Юзергейт»","630090, г. Новосибирск, ул. Николаева, д. 11, оф. 602, (383) 286-2913",""
"5074","2026-06-22","2031-06-22","программно-аппаратный комплекс «MS_KEY»","Соответствует требованиям документов: Требования доверия(4), ТУ","серия","ООО «ЦБИ»","ФАУ «ГНИИИ ПТЗИ ФСТЭК России»","ООО «МультиСофт Системз»","111396, г. Москва, ул. Алексея Дикого, д. 3, (800) 444-4534","2036-06-22"
"5075","2026-06-16","2031-06-16","Яндекс Браузер для организаций (расширенная версия)","Соответствует требованиям документов: Требования доверия(4), ТУ","серия","ООО «КБ-Лаб»","ФАУ «ГНИИИ ПТЗИ ФСТЭК России»","ООО «Яндекс.Облако»","119021, г. Москва, ул. Льва Толстого, д. 16, пом. 528, (985) 990-5854",""
"5076","2026-06-18","2031-06-18","система управления базами данных «FTData Enterprise Certified»","Соответствует требованиям документов: Требования доверия(4), Требования к СУБД(4)","серия","ООО НТЦ «Фобос-НТ»","ФАУ «ГНИИИ ПТЗИ ФСТЭК России»","АО «Современные системы»","г. Новосибирск, ул. Демакова, д. 42, + 7 913 710 71 93 А.В. Ложков
+7 383 286 86 11",""
"5077","2026-06-18","2031-06-18","многофункциональный межсетевой экран уровня сети программно-аппаратный комплекс «CoreBit.NGFW»","Соответствует требованиям документов: Требования доверия(4), Требования к МЭ NGFW(4)","серия","АО Центр «Атомзащитаинформ»","ФАУ «ГНИИИ ПТЗИ ФСТЭК России»","ООО «КорБит»","117342, г. Москва, ул. Бутлерова, д. 17, помещ. 2/4, 915-117-26-37, (495) 133-26-89",""
"5078","2026-06-22","2031-06-22","программный комплекс «Стахановец»","Соответствует требованиям документов: Требования доверия(4), ТУ","серия","АО НПП «ЭПБ»","АО «НПО «Эшелон»","ООО «Стахановец»","115114, г. Москва, Дербеневская наб., д. 7, стр. 8, пом. IV, эт. чердак, ком. 5, (499) 110-64-10",""
"5079","2026-06-24","2031-06-24","программное обеспечение государственной информационной системы «Официальный сайт Российской Федерации в информационно-телекоммуникационной сети «Интернет» www.torgi.gov.ru","Соответствует требованиям документов: Требования доверия(6), ТУ","серия","АО «ДОКУМЕНТАЛЬНЫЕ СИСТЕМЫ»","ФАУ «ГНИИИ ПТЗИ ФСТЭК России»","АО «ЛАНИТ»","129075, г. Москва, вн.тер.г. муниципальный округ Останкинский, Мурманский пр-д, д. 14, к. 1, (495) 967-6657",""
"5080","2026-06-25","2031-06-25","межсетевой экран ИВК КОЛЬЧУГА-К","Соответствует требованиям документов: Требования доверия(4), Требования к МЭ, Профиль защиты МЭ(А четвертого класса защиты. ИТ.МЭ.А4.ПЗ), Требования к СОВ, Профили защиты СОВ(cети четвертого класса защиты. ИТ.СОВ.С4.ПЗ)","серия","ООО НТЦ «Фобос-НТ»","ФАУ «ГНИИИ ПТЗИ ФСТЭК России»","АО «ИВК»","129110, г. Москва, ул. Гиляровского, д. 57, стр. 1, комн. 73, (495) 221-6580",""
"5081","2026-06-29","2031-06-29","программное обеспечение «Platform V SynGX»","Соответствует требованиям документов: Требования доверия(4), ТУ","серия","АО «ДОКУМЕНТАЛЬНЫЕ СИСТЕМЫ»","АО «НПО «Эшелон»","АО ""СберТех""","117105, город Москва, Новоданиловская набережная, 10",""
"5084","2026-07-07","2031-07-07","сервисный маршрутизатор (исполнение КРПГ.465614.004, КРПГ.465614.004-03, КРПГ.465614.004-05, КРПГ.465614.004-07, КРПГ.465614.004-08, КРПГ.465614.004-09)","Соответствует требованиям документов: Требования доверия(4), Требования к МЭ, Профиль защиты МЭ(Б четвертого класса защиты. ИТ.МЭ.Б4.ПЗ)","серия","АО «НПО «Эшелон»","ФАУ «ГНИИИ ПТЗИ ФСТЭК России»","АО «НПП «Исток» им. Шокина","141190, Московская обл., г.о. Фрязино, г. Фрязино,  ул. Вокзальная, д. 2а, помещ. 1, ком. 65, (495) 465-86-66",""
"5085","2026-07-14","2031-07-14","программное обеспечение «Print-X»","Соответствует требованиям документов: Требования доверия(6), ТУ","серия","АО «НПО «Эшелон»","ФАУ «ГНИИИ ПТЗИ ФСТЭК России»","ООО «ПринтИкс»","117292, г.Москва, ул.Кедрова, д.15, эт.3, пом.I, ком.5, 7 (903) 737-52-54 Генеральный директор",""
"5086","2026-07-15","2031-07-15","операционная система «Cloud X OS»","Соответствует требованиям документов: Требования доверия(4), Требования к ОС, Профиль защиты ОС(А четвертого класса защиты. ИТ.ОС.А4.ПЗ), ЗБ","серия","ООО «КБ-Лаб»","ООО «ЦБИ»","ООО «Клауд Солюшенс»","123376, г. Москва, вн.тер.г. Муниципальный округ Пресненский, ул. Рочдельская, д. 15,стр. 56, этаж 2, 8-800-600-66-48",""
"5087","2026-07-17","Бессрочно","Специальное программное обеспечение «Программный комплекс идентификации и аутентификации пользователей»","Соответствует требованиям документов: Требования доверия(5), ТУ","1","АО «ДОКУМЕНТАЛЬНЫЕ СИСТЕМЫ»","ФСТЭК России","ГКУ «Инфогород»","123112, г. Москва, 1-й Красногвардейский проезд, д. 21, стр. 1, (495) 957-0131",""
"5088","2026-07-23","2031-07-23","Программный комплекс расчета показателей эффективности защиты акустической речевой информации от утечки за счет высокочастотного облучения «РАСЧЕТ ВЧО»","Соответствует требованиям документов: ТУ, Методика ВЧО","серия","ООО «ЦБИ»","АО «БИТК»","ООО «НОВО»","141002, Московская обл., г. Мытищи, ул. Колпакова, д. 2, пом. 319, (495)135-8012","2031-07-23"
"5090","2026-07-31","Бессрочно","специальное программное обеспечение «Информационно-аналитическая система управления развитием высокотехнологичных производств, в том числе продукции двойного назначения, выпускаемой организациями оборонно-промышленного комплекса»","Соответствует требованиям документов: Требования доверия(2)","1","ФГУП «НПП «Гамма»","ФСТЭК России","Минпромторг России","125039, г. Москва, Пресненская наб., д. 10, стр. 2",""
"5091","2026-07-30","2031-07-30","Программный комплекс расчета показателей эффективности защиты акустической речевой информации от утечки за счет акустоэлектромагнитных преобразований «РАСЧЕТ АЭМП»","Соответствует требованиям документов: Методика АЭМП-2022","серия","ООО «ЦБИ»","АО «БИТК»","ООО «НОВО»","141002, Московская обл., г. Мытищи, ул. Колпакова, д. 2, пом. 319, (495)135-8012",""
"5093","2026-08-03","2031-08-03","«Комплекс «ФПСУ» версии 3»","Соответствует требованиям документов: Требования доверия(4), Требования к МЭ, Профиль защиты МЭ(А четвертого класса защиты. ИТ.МЭ.А4.ПЗ), Профиль защиты МЭ(Б четвертого класса защиты. ИТ.МЭ.Б4.ПЗ)","серия","ООО НТЦ «Фобос-НТ»","ФАУ «ГНИИИ ПТЗИ ФСТЭК России»","ООО «АМИКОН»","117587, г. Москва, Варшавское шоссе, д. 125, стр. 1, (495) 797-6412",""
